,Date,btc_market_price,btc_total_bitcoins,btc_market_cap,btc_trade_volume,btc_blocks_size,btc_avg_block_size,btc_n_orphaned_blocks,btc_n_transactions_per_block,btc_median_confirmation_time,btc_hash_rate,btc_difficulty,btc_miners_revenue,btc_transaction_fees,btc_cost_per_transaction_percent,btc_cost_per_transaction,btc_n_unique_addresses,btc_n_transactions,btc_n_transactions_total,btc_n_transactions_excluding_popular,btc_n_transactions_excluding_chains_longer_than_100,btc_output_volume,btc_estimated_transaction_volume,btc_estimated_transaction_volume_usd
647,2011-12-02,3.138,7787350.0,24436704.3,181504.566,572.0,0.0174148407643,0.0,48.0,11.0666666667,8.5125039755,1090715.68005,24645.852,4.30495028,0.237357719451,3.90212982901,10589.0,6316.0,1958524.0,4961.0,5779.0,4672086.59002,3308930.0,10383421.0
648,2011-12-03,3.12999,7794850.0,24397802.5515,363125.5945,574.0,0.01690016,0.0,37.0,12.7833333333,8.13296558169,1090715.68005,23487.44496,4.0934545,0.203795424088,4.24497469004,9426.0,5533.0,1964057.0,4169.0,5018.0,4034195.81939,3682124.0,11525011.0
649,2011-12-04,2.99,7801700.0,23327083.0,263375.2275,576.0,0.0156591094891,0.0,37.0,16.0166666667,7.42810856461,1090715.68005,20490.47,3.5088385,0.213852115128,3.87343478261,9094.0,5290.0,1969347.0,3899.0,5170.0,3364466.2961,3204551.0,9581607.0
650,2011-12-05,2.93,7809700.0,22882421.0,90500.2266,578.0,0.0170470375,0.0,36.0,13.3666666667,8.67516328714,1090715.68005,23448.79,3.61583294,0.424932774177,3.69446825272,10411.0,6347.0,1975694.0,4689.0,5866.0,2092723.78582,1883357.0,5518235.0
651,2011-12-06,3.05,7817650.0,23843832.5,170164.7348,580.0,0.0183092704403,0.0,36.0,15.1833333333,8.62094351659,1090715.68005,24256.65,3.49937086,0.136530634767,3.45487110098,11341.0,7021.0,1982715.0,5580.0,6302.0,7369513.04656,5825066.0,17766452.0
652,2011-12-07,3.082,7825000.0,24116650.0,178203.27,583.0,0.021510707483,0.0,36.0,14.0,7.97030627006,1090715.68005,22661.946,3.99867645,0.13839219677,3.18330467762,10988.0,7119.0,1989834.0,5695.0,6229.0,5591453.63409,5313161.0,16375162.0
653,2011-12-08,3.1,7832700.0,24281370.0,121664.8735,585.0,0.0175812792208,0.0,42.0,14.0166666667,8.34984466387,1090715.68005,23879.3,3.28631467,0.197463040143,4.12636944876,9481.0,5787.0,1995621.0,4203.0,5653.0,4750151.41584,3900983.0,12093048.0
654,2011-12-09,3.039,7840250.0,23826519.75,105684.9586,587.0,0.0161173774834,0.0,35.0,10.2666666667,8.18718535224,1090715.68005,22950.528,2.96146207,0.645234712643,4.03632219486,9524.0,5686.0,2001307.0,4090.0,5585.0,2578945.79109,1170427.0,3556927.0
655,2011-12-10,3.04,7848100.0,23858224.0,229318.5696,589.0,0.0153768980892,0.0,44.0,14.0333333333,8.5125039755,1090715.68005,23873.12,3.02294953,2.41741227591,4.1203175699,9793.0,5794.0,2007101.0,4234.0,5242.0,1146907.37714,324851.0,987549.0
656,2011-12-11,3.38,7855350.0,26551083.0,351862.752,591.0,0.0169413103448,0.0,42.0,13.25,7.86186672897,1090715.68005,24809.2,90.99811174,2.72577695151,4.73458015267,8549.0,5240.0,2012341.0,3694.0,5020.0,908804.148718,269281.0,910170.0
657,2011-12-12,3.34237,7862050.0,26277880.0585,129925.9278,593.0,0.0191634552239,0.0,33.0,10.6333333333,7.26544925298,1090715.68005,23413.30185,305.20213478,2.16792401343,4.7549353879,8547.0,4924.0,2017265.0,3475.0,4663.0,780887.058257,323120.0,1079987.0
658,2011-12-13,3.3,7868500.0,25966050.0,107472.9186,595.0,0.0195336821705,0.0,31.0,15.6166666667,7.40682744479,1155038.33396,21298.2,4.77703305,3.97301048219,3.86186763373,9008.0,5515.0,2022780.0,3910.0,5001.0,415686.930065,162446.0,536072.0
659,2011-12-14,3.277,7875700.0,25808668.9,230169.2016,597.0,0.0156908680556,0.0,34.0,17.05,8.26808645,1155038.33396,23604.231,3.6461913,5.64114804456,4.60570360976,9943.0,5125.0,2027905.0,3602.0,4477.0,414644.02245,127687.0,418430.0
660,2011-12-15,3.1933,7881850.0,25169111.605,97579.1302,599.0,0.017576300813,0.0,49.0,15.9333333333,7.06232384271,1155038.33396,19664.3414,8.39607542,4.34230244692,3.59100463842,8700.0,5476.0,2033381.0,3972.0,5065.0,460923.223167,141814.0,452855.0
661,2011-12-16,3.23,7888050.0,25478401.5,98353.0116,601.0,0.0189291451613,0.0,36.0,12.0166666667,7.11974110972,1155038.33396,20032.46,2.836012,3.84218983149,3.76620793382,8365.0,5319.0,2038700.0,3874.0,5219.0,434633.624399,161418.0,521381.0
662,2011-12-17,3.23,7895350.0,25501980.5,54092.83,603.0,0.0140854178082,0.0,42.0,13.1833333333,8.38292098403,1155038.33396,23585.46,2.72970204,5.49919159358,4.8942643702,7780.0,4819.0,2043519.0,3386.0,4683.0,427685.75637,132783.0,428890.0
663,2011-12-18,3.25,7902700.0,25683775.0,36385.088,605.0,0.0136345238095,0.0,37.0,9.23333333333,8.44033825104,1155038.33396,23897.25,3.89415776,9.11522028672,5.17816901408,7873.0,4615.0,2048134.0,3297.0,4615.0,310832.271208,80667.0,262169.0
664,2011-12-19,3.70036,7910250.0,29270772.69,482591.6909,607.0,0.0162191854305,0.0,35.0,16.0333333333,8.6700073191,1155038.33396,27948.81908,3.61261747,5.69257192816,5.3747729,8828.0,5200.0,2053334.0,3845.0,5200.0,456568.669616,132682.0,490970.0
665,2011-12-20,4.5,7917000.0,35626500.0,744348.6392,610.0,0.0254560148148,0.0,30.0,14.9,7.75133104688,1155038.33396,30397.5,5.83700461,3.42455412447,4.54780071813,10966.0,6684.0,2060018.0,5116.0,6200.0,487765.091405,197252.0,887634.0
666,2011-12-21,4.11,7924750.0,32570722.5,195054.153,612.0,0.0165731225806,0.0,31.0,12.925,8.89967638715,1155038.33396,31864.83,3.99252286,4.71634485826,5.62287453679,9328.0,5667.0,2065685.0,4158.0,5147.0,608602.022159,164386.0,675626.0
667,2011-12-22,3.99199,7931650.0,31663067.4835,218387.3421,614.0,0.0181945144928,0.0,35.0,14.6,7.92358284792,1155038.33396,27560.69896,4.15561326,6.56963203378,4.73714316947,9669.0,5818.0,2071503.0,4263.0,5514.0,497996.019286,105090.0,419517.0
668,2011-12-23,3.95,7939250.0,31360037.5,82294.056,616.0,0.0163956381579,0.0,33.0,13.2333333333,8.72742458611,1155038.33396,30031.85,3.10079941,7.89605361785,5.23202961672,9685.0,5740.0,2077243.0,4255.0,5451.0,293820.117057,96289.0,380340.0
669,2011-12-24,3.9499,7945850.0,31385312.915,61071.3264,617.0,0.0150948409091,0.0,35.0,15.3666666667,7.57907924583,1155038.33396,26077.2398,2.23895545,7.81958822703,5.57682630453,7849.0,4676.0,2081919.0,3302.0,4503.0,278028.547231,84429.0,333486.0
670,2011-12-25,4.3897,7954550.0,34918088.135,335600.7372,619.0,0.0125510689655,0.0,39.0,13.0333333333,9.99060446042,1155038.33396,38199.1694,2.78505591,13.1723069819,7.19788381383,8775.0,5307.0,2087226.0,3773.0,5307.0,316815.853511,66063.0,289996.0
671,2011-12-26,4.31259,7963150.0,34341801.0585,361318.9756,621.0,0.0136405174419,0.0,33.0,12.5333333333,9.87576992639,1155038.33396,37101.21177,3.40552884,10.3042193354,6.89485444527,9053.0,5381.0,2092607.0,3868.0,5381.0,383673.998344,83490.0,360058.0
672,2011-12-27,4.06,7971100.0,32362666.0,126336.8214,623.0,0.0151436666667,0.0,30.0,13.8333333333,9.16800488128,1159929.49722,32285.12,2.76747331,9.61377776591,5.79521091366,9312.0,5571.0,2098178.0,4149.0,5571.0,982261.420923,82715.0,335821.0
673,2011-12-28,4.18888,7978600.0,33421397.968,143323.5708,625.0,0.01512992,0.0,38.0,13.9,8.64906120876,1159929.49722,31429.16664,3.33596172,8.04178504337,6.3250486295,8289.0,4969.0,2103147.0,3564.0,4662.0,326037.959187,93300.0,390823.0
674,2011-12-29,4.33,7985600.0,34577648.0,227221.891,627.0,0.0156155857143,0.0,34.0,14.9666666667,8.07245712817,1159929.49722,30327.32,4.0354475,6.01887415694,6.03769062313,8731.0,5023.0,2108170.0,3703.0,4909.0,451570.140179,116367.0,503870.0
675,2011-12-30,4.3,7992000.0,34365600.0,174852.6805,629.0,0.0170220078125,0.0,36.0,13.9,7.38053223147,1159929.49722,27532.9,3.52080887,7.58256056107,5.48027468153,8353.0,5024.0,2113194.0,3544.0,4865.0,337122.489307,84444.0,363108.0
676,2011-12-31,4.995,8000050.0,39960249.75,602861.786,631.0,0.0154306024845,0.0,47.0,12.1333333333,9.2833256974,1159929.49722,40224.735,3.62038935,9.68135983204,7.50881743513,8668.0,5357.0,2118551.0,3779.0,5220.0,288894.529061,83180.0,415486.0
677,2012-01-01,5.2,8007500.0,41639000.0,559551.447,633.0,0.0154207852349,0.0,37.0,15.05,8.5914008007,1159929.49722,38755.6,3.22260941,4.41385158299,8.56856068981,7701.0,4523.0,2123074.0,3052.0,4523.0,303512.408393,168855.0,878045.0
678,2012-01-02,5.4999,8015100.0,44082248.49,362565.2546,636.0,0.0198423947368,0.0,34.0,15.5666666667,8.76438202487,1159929.49722,41826.7395,5.2069139,7.35953081036,7.20033387846,9669.0,5809.0,2128883.0,4239.0,5809.0,295186.118977,103335.0,568334.0
679,2012-01-03,5.29,8023200.0,42442728.0,624696.9795,638.0,0.0182650555556,0.0,39.0,13.6166666667,9.34098610546,1159929.49722,42875.45,5.78307056,9.59320473425,7.73366702742,9207.0,5544.0,2134427.0,3966.0,5441.0,244250.937584,84487.0,446936.0
680,2012-01-04,5.6063,8030900.0,45023634.67,694588.7025,640.0,0.0174022792208,0.0,37.0,13.6166666667,8.87970284099,1159929.49722,43246.9982,14.21969541,6.49553535404,7.67334957417,9255.0,5636.0,2140063.0,4012.0,5400.0,338482.005127,118758.0,665796.0
681,2012-01-05,6.399,8038250.0,51436761.75,1145784.676,643.0,0.0248864557823,0.0,45.0,14.1166666667,8.47607998458,1159929.49722,47064.645,5.55023698,3.48466187361,6.80419907474,11542.0,6917.0,2146980.0,5125.0,6762.0,673601.094563,211068.0,1350623.0
682,2012-01-06,7.22,8046750.0,58097535.0,1499737.7192,646.0,0.0214177235294,0.0,47.0,10.1333333333,9.80226936993,1159929.49722,61413.32,6.65531797,4.89852539491,9.65466436095,11043.0,6361.0,2153341.0,5175.0,6062.0,622080.994298,173644.0,1253710.0
683,2012-01-07,7.01556,8055800.0,56515948.248,328101.5136,649.0,0.0175938618785,0.0,41.0,12.3166666667,10.4365338586,1159929.49722,63518.88024,4.83857232,8.65935041017,10.2268362969,9902.0,6211.0,2159552.0,4186.0,5653.0,393041.111522,104557.0,733529.0
684,2012-01-08,7.2,8063850.0,58059720.0,416207.7756,652.0,0.0201512919255,0.0,55.0,14.0166666667,9.2833256974,1159929.49722,57981.6,3.44381947,10.0050804284,9.21806041335,10516.0,6290.0,2165842.0,4472.0,5841.0,330587.82283,80489.0,579522.0
685,2012-01-09,7.2,8071900.0,58117680.0,968056.6045,655.0,0.0206863664596,0.0,42.0,12.65,10.0102562182,1250757.73927,58003.2,6.16347974,5.36729952467,9.66881146858,10229.0,5999.0,2171841.0,4323.0,5521.0,442394.95163,150094.0,1080678.0
686,2012-01-10,6.89,8079200.0,55665688.0,709106.176,658.0,0.0246097739726,0.0,45.0,13.7166666667,9.07762365126,1250757.73927,50324.56,4.64067614,6.78601664547,7.63766277129,11080.0,6589.0,2178430.0,4859.0,5954.0,375302.003101,107633.0,741592.0
687,2012-01-11,7.138,8086800.0,57723578.4,685859.4798,662.0,0.0287034605263,0.0,42.0,13.0166666667,9.45067667802,1250757.73927,54284.49,5.17871126,6.93486169691,7.57317103795,12031.0,7168.0,2185598.0,5299.0,6275.0,451444.26569,109663.0,782777.0
688,2012-01-12,6.997,8095100.0,56641414.7,951404.1786,665.0,0.022472060241,0.0,41.0,13.3333333333,10.3211337405,1250757.73927,58361.977,41.82887588,10.5422732348,8.40587310961,11184.0,6943.0,2192541.0,5002.0,6369.0,311617.955507,79120.0,553600.0
689,2012-01-13,6.8583899897,8101300.0,55561874.8236,403409.2915,668.0,0.025067266129,0.0,50.0,14.4333333333,7.70976255313,1250757.73927,42583.743446,9.94639858,3.61491633038,6.24029065739,11096.0,6824.0,2199365.0,5197.0,5803.0,439298.714578,171761.0,1178001.0
690,2012-01-14,6.75,8109300.0,54737775.0,942254.4773,670.0,0.017763375,0.0,47.0,12.2333333333,9.94808071371,1250757.73927,54074.25,11.73821501,6.46437315232,8.03003415503,10567.0,6734.0,2206099.0,4846.0,6556.0,368949.362806,123925.0,836496.0
691,2012-01-15,6.98999,8116700.0,56735651.833,432623.1,673.0,0.0205450067568,0.0,48.0,13.1166666667,9.20197466018,1250757.73927,51767.86594,6.7042272,9.33073061166,7.75548553408,11200.0,6675.0,2212774.0,4941.0,6287.0,279850.691591,79372.0,554810.0
692,2012-01-16,7.18888,8124600.0,58406774.448,846028.6167,676.0,0.0212559177215,0.0,37.0,13.05,9.82372970479,1250757.73927,57007.8184,30.6769841,6.21155754334,8.5277215258,11207.0,6685.0,2219459.0,4816.0,6341.0,406064.284079,127665.0,917770.0
693,2012-01-17,6.98,8132500.0,56764850.0,1293640.7372,678.0,0.0186360253165,0.0,40.0,12.9333333333,9.82372970479,1250757.73927,55302.54,23.16297162,5.46029532344,8.44958594347,11033.0,6545.0,2226004.0,4725.0,6263.0,398498.285018,145102.0,1012812.0
694,2012-01-18,6.95,8139600.0,56570220.0,1359636.6602,681.0,0.0243398873239,0.0,34.0,12.7833333333,8.82892163342,1250757.73927,49421.45,11.20841262,4.63502169636,6.84981981982,11962.0,7215.0,2233219.0,5311.0,6683.0,448003.801648,153419.0,1066261.0
695,2012-01-19,6.3,8146400.0,51322320.0,713534.766,684.0,0.0221898676471,0.0,50.0,13.5166666667,8.45586860665,1250757.73927,42884.1,7.25502575,5.44670953935,6.63429764851,10970.0,6464.0,2239683.0,4664.0,6175.0,359155.567288,124975.0,787340.0
696,2012-01-20,6.58,8153300.0,53648714.0,433777.2124,687.0,0.0223612971014,0.0,51.0,12.8666666667,8.58021961558,1250757.73927,45684.94,43.74500914,4.74253893349,6.80037808872,11045.0,6718.0,2246401.0,4863.0,6269.0,391788.68492,146398.0,963301.0
697,2012-01-21,6.55,8162250.0,53462737.5,409484.9755,690.0,0.016828972067,0.0,51.0,11.05,11.1294152985,1250757.73927,58655.25,5.32543933,9.65514379928,8.66271599468,10759.0,6771.0,2253172.0,4714.0,6200.0,307719.918566,92748.0,607503.0
698,2012-01-22,6.39,8168750.0,52198312.5,284825.2896,692.0,0.0180393923077,0.0,47.0,15.4,8.45097882303,1307728.3606,41554.17,3.21846767,10.4490189081,7.90153451226,8918.0,5259.0,2258431.0,3496.0,4890.0,303898.406446,62236.0,397685.0
699,2012-01-23,6.45485,8177300.0,52783244.905,116970.4754,694.0,0.0151812105263,0.0,39.0,12.9,11.1162875288,1307728.3606,55214.7869,4.32893996,12.2051308099,9.22707000334,10161.0,5984.0,2264415.0,4095.0,5857.0,287869.462523,70085.0,452390.0
700,2012-01-24,6.515,8184050.0,53319085.75,227313.576,697.0,0.0228022444444,0.0,39.0,12.85,8.77601647007,1307728.3606,44028.37,8.74090361,6.97797637672,6.45861375972,11338.0,6817.0,2271232.0,5103.0,6220.0,321695.2799,96848.0,630962.0
701,2012-01-25,6.45,8191800.0,52837110.0,787721.4912,700.0,0.0245493741935,0.0,36.0,11.6833333333,10.0761670582,1307728.3606,50032.65,7.51802097,6.55296176299,6.24081950854,12942.0,8017.0,2279249.0,6243.0,7130.0,410275.473721,118374.0,763512.0
702,2012-01-26,6.2,8198300.0,50829460.0,695863.4917,702.0,0.0228669153846,0.0,40.0,15.2333333333,8.45097882303,1307728.3606,40343.4,7.15324525,4.9701849027,5.98922209026,11098.0,6736.0,2285985.0,4843.0,6431.0,443244.82851,130921.0,811708.0
703,2012-01-27,5.689,8205250.0,46679667.25,619312.4141,705.0,0.0225891366906,0.0,51.0,13.2833333333,9.0360465877,1307728.3606,39658.019,21.44948903,4.91891298773,6.06021072738,10852.0,6544.0,2292529.0,4931.0,6137.0,388447.881161,141718.0,806235.0
704,2012-01-28,5.74815,8213000.0,47209555.95,504363.8899,707.0,0.0175282387097,0.0,42.0,10.8833333333,10.0761670582,1307728.3606,44582.6514,6.21920755,9.21009600252,7.31462697293,10498.0,6095.0,2298624.0,4323.0,5724.0,272882.336962,84212.0,484063.0
705,2012-01-29,5.76,8221150.0,47353824.0,258072.7636,710.0,0.0195497177914,0.0,43.0,13.7666666667,10.5962272935,1307728.3606,48216.96,221.28355145,8.847665711,7.45930693069,10772.0,6464.0,2305088.0,4611.0,5974.0,328587.840061,94613.0,544968.0
706,2012-01-30,5.6,8229450.0,46084920.0,235596.3045,712.0,0.0161185301205,0.0,46.0,12.0,10.7912498817,1307728.3606,46508.0,5.00811954,10.0352748773,7.72686492773,10175.0,6019.0,2311107.0,4139.0,5632.0,340079.480463,82758.0,463445.0
707,2012-01-31,5.65,8237350.0,46541027.5,271881.6758,714.0,0.018002664557,0.0,48.0,11.0833333333,10.2711896465,1307728.3606,44787.55,27.76413677,9.42012527925,6.92341165559,11376.0,6469.0,2317576.0,4637.0,6023.0,319873.15298,84150.0,475445.0
708,2012-02-01,5.638,8244100.0,46480235.8,679463.0004,717.0,0.0246948518519,0.0,43.0,17.0333333333,8.77601647007,1307728.3606,38095.966,7.67023534,4.82379355618,5.52115449275,11855.0,6900.0,2324476.0,5071.0,6755.0,413291.783178,140076.0,789751.0
709,2012-02-02,6.2,8252250.0,51163950.0,334985.5548,720.0,0.0198642760736,0.0,47.0,12.4333333333,10.5962272935,1307728.3606,50592.0,10.52551844,5.85648142907,7.27419122933,12071.0,6955.0,2331431.0,5113.0,6783.0,426235.607313,139333.0,863863.0
710,2012-02-03,6.148,8260250.0,50784017.0,357939.7168,723.0,0.0208661375,0.0,50.0,12.65,10.4012047053,1307728.3606,49227.036,7.14420136,6.78649337969,7.09016793893,12407.0,6943.0,2338374.0,5156.0,6281.0,365576.374993,117984.0,725368.0
711,2012-02-04,6.0,8268450.0,49610700.0,124826.3376,726.0,0.0213869878049,0.0,50.0,11.6333333333,11.2475539763,1379647.43921,49248.0,8.85793127,6.00341521287,6.48255890483,12959.0,7597.0,2345971.0,5774.0,7228.0,398931.841246,136722.0,820333.0
712,2012-02-05,5.9625,8275250.0,49341178.125,689414.3168,728.0,0.0216513308824,0.0,58.0,16.4833333333,9.32723988282,1379647.43921,40568.85,4.45615015,6.13834487085,6.13193016929,11232.0,6616.0,2352587.0,5084.0,5986.0,347978.207919,110844.0,660909.0
713,2012-02-06,5.79,8282650.0,47956543.5,503908.365,730.0,0.0196650540541,0.0,55.0,12.7333333333,10.1502316372,1379647.43921,42869.16,4.48191176,6.23080844545,6.59525538462,10914.0,6500.0,2359087.0,4576.0,5960.0,312114.628591,118829.0,688019.0
714,2012-02-07,5.70999,8289800.0,47334675.102,414041.698,732.0,0.0199843846154,0.0,46.0,13.8666666667,9.8073184062,1379647.43921,40854.97845,5.50077725,6.27680431608,6.00896873805,10983.0,6799.0,2365886.0,5090.0,6034.0,335635.540588,113991.0,650888.0
715,2012-02-08,5.8494,8296400.0,48528962.16,1349405.9268,734.0,0.021974030303,0.0,51.0,15.6833333333,9.05290929803,1379647.43921,38629.4376,4.40704453,6.45730019489,5.8361440701,11209.0,6619.0,2372505.0,5078.0,6002.0,302182.065236,102272.0,598229.0
716,2012-02-09,5.8,8303600.0,48160880.0,523518.0075,737.0,0.0238502361111,0.0,71.0,13.2166666667,9.87590105239,1379647.43921,41789.0,5.95689282,7.79618754058,5.7568535611,11806.0,7259.0,2379764.0,5536.0,5999.0,275427.677936,92417.0,536018.0
717,2012-02-10,5.92525,8310950.0,49244456.4875,237567.118,740.0,0.0249955238095,0.0,66.0,10.5666666667,10.081648991,1379647.43921,43592.06425,7.26552646,8.05513823821,5.04421016547,12310.0,8642.0,2388406.0,6905.0,6555.0,300669.729039,91333.0,541171.0
718,2012-02-11,6.0,8317850.0,49907100.0,403924.572,743.0,0.0254366521739,0.0,71.0,12.6,9.46440517521,1379647.43921,41424.0,4.07907004,6.6926163113,5.4333683106,12079.0,7624.0,2396030.0,6032.0,6048.0,364050.07961,103158.0,618951.0
719,2012-02-12,5.85,8325850.0,48706222.5,465510.024,746.0,0.02026495,0.0,50.0,10.95,10.9732233915,1379647.43921,46817.55,3.47829872,5.66488206372,6.32242403781,11301.0,7405.0,2403435.0,5663.0,5914.0,444742.958455,141274.0,826452.0
720,2012-02-13,5.72,8333200.0,47665904.0,913983.8802,749.0,0.0236193129252,0.0,38.0,10.8333333333,10.081648991,1379647.43921,42064.88,4.81346772,5.38379274848,5.59820069204,12245.0,7514.0,2410949.0,5857.0,6460.0,336255.743845,136595.0,781324.0
721,2012-02-14,5.6,8340000.0,46704000.0,1406287.047,753.0,0.0327553308824,0.0,37.0,9.61666666667,9.32723988282,1379647.43921,38113.6,6.96051344,1.7830517871,3.92519052523,14695.0,9710.0,2420659.0,8100.0,7285.0,1272718.18989,381705.0,2137549.0
722,2012-02-15,4.88,8347100.0,40733848.0,745895.365,757.0,0.028757084507,0.0,41.0,12.15,9.73873576,1379647.43921,34721.2,15.26703072,1.65637707147,3.65063610556,14215.0,9511.0,2430170.0,7802.0,6887.0,1218761.58909,429552.0,2096214.0
723,2012-02-16,4.73368,8353550.0,39543032.564,701888.4785,761.0,0.0339984573643,0.0,49.0,12.7333333333,8.84716135944,1379647.43921,30574.83912,9.73008108,2.35116018841,3.29257367219,14299.0,9286.0,2439456.0,7743.0,6358.0,1710441.06074,274715.0,1300415.0
724,2012-02-17,4.76998,8360650.0,39880133.287,611815.441,764.0,0.0221596549296,0.0,45.0,13.3166666667,9.73873576,1379647.43921,33881.16794,3.53606055,3.76367442942,4.75325027217,11991.0,7128.0,2446584.0,5566.0,6058.0,1128149.13802,188725.0,900215.0
725,2012-02-18,4.49675,8369400.0,37635099.45,303814.2576,766.0,0.0163119771429,0.0,46.0,12.0833333333,12.0019630845,1379647.43921,39360.05275,3.79084356,7.47691130548,5.8957538571,11605.0,6676.0,2453260.0,5024.0,6075.0,668757.37948,117067.0,526421.0
726,2012-02-19,4.33333,8377250.0,36301388.7425,274752.7425,768.0,0.0159931146497,0.0,49.0,12.3833333333,10.7413680221,1376302.26789,34025.30716,2.44848079,9.63809072354,5.73589129467,10536.0,5932.0,2459192.0,4286.0,5273.0,471283.485902,81468.0,353030.0
727,2012-02-20,4.52,8384550.0,37898166.0,171026.7235,770.0,0.0180716849315,0.0,39.0,12.1833333333,9.98878809696,1376302.26789,33009.56,3.9273343,6.93385262214,5.39548218372,10712.0,6118.0,2465310.0,4510.0,5744.0,398966.315061,105324.0,476064.0
728,2012-02-21,4.4354,8390950.0,37217219.63,229268.3812,772.0,0.0210746171875,0.0,38.0,16.15,8.75729367405,1376302.26789,28399.8662,3.68499377,6.21452330273,4.473828954,11125.0,6348.0,2471658.0,4767.0,5751.0,361327.068711,103033.0,456992.0
729,2012-02-22,4.54,8398800.0,38130552.0,468206.7468,775.0,0.0207638598726,0.0,40.0,12.05,10.7413680221,1376302.26789,35652.62,3.3301254,5.36938652058,5.00457888827,12333.0,7124.0,2478782.0,5474.0,6573.0,628104.852685,146255.0,663998.0
730,2012-02-23,4.92481,8407200.0,41403862.632,801887.5904,778.0,0.0212871428571,0.0,44.0,12.4,11.4939479472,1376302.26789,41388.10324,4.19034459,6.70532457547,5.25163091486,13080.0,7881.0,2486663.0,6051.0,7253.0,810128.36467,125333.0,617242.0
731,2012-02-24,5.19778,8414450.0,43736459.921,454514.1538,781.0,0.0241175517241,0.0,36.0,9.81666666667,9.92037174013,1376302.26789,37704.69612,4.33478143,4.33015572605,5.23458227405,12673.0,7203.0,2493866.0,5558.0,6677.0,587906.679721,167523.0,870747.0
732,2012-02-25,5.07,8422800.0,42703596.0,423491.3288,784.0,0.0189804610778,0.0,43.0,8.98333333333,11.4255315904,1376302.26789,42354.78,4.26574148,4.59221758785,6.42908014572,11532.0,6588.0,2500454.0,4910.0,6199.0,523252.137539,181916.0,922316.0
733,2012-02-26,5.00073,8430400.0,42158154.192,352403.8155,786.0,0.0170366052632,0.0,57.0,11.1166666667,10.3992862379,1376302.26789,38015.54946,2.61240263,8.50875386029,6.49727387797,10278.0,5851.0,2506305.0,4227.0,5529.0,330484.637243,89343.0,446782.0
734,2012-02-27,5.1,8438300.0,43035330.0,153254.2758,789.0,0.0191431265823,0.0,47.0,9.26666666667,10.8097843789,1376302.26789,40310.4,4.78372398,8.60975829694,6.22554440154,11131.0,6475.0,2512780.0,4684.0,6132.0,362452.758278,91803.0,468194.0
735,2012-02-28,5.0,8445800.0,42229000.0,312673.0417,792.0,0.0204083266667,0.0,46.0,9.68333333333,10.2624535243,1376302.26789,37525.0,5.47527216,6.38255596969,5.66244152709,11726.0,6627.0,2519407.0,5029.0,6182.0,386149.323537,117586.0,587931.0
736,2012-02-29,4.9,8455100.0,41429990.0,139593.1286,795.0,0.0161983978495,0.0,50.0,7.28333333333,12.7254423701,1376302.26789,45584.7,3.15391449,8.87563591594,6.67907692308,12087.0,6825.0,2526232.0,5096.0,6406.0,342453.111043,104815.0,513594.0
737,2012-03-01,4.98421,8462900.0,42180870.809,227438.562,798.0,0.021509025641,0.0,45.0,7.88333333333,10.6729516652,1376302.26789,38906.74326,6.63650636,4.90284519619,5.79573115746,12079.0,6713.0,2532945.0,5123.0,6304.0,453115.723772,159214.0,793554.0
738,2012-03-02,4.98888,8469550.0,42253568.604,618117.2837,801.0,0.0278850601504,0.0,44.0,11.95,9.89722287527,1496978.59503,33196.00752,4.45115638,2.85079915648,4.31341054054,13152.0,7696.0,2540641.0,6031.0,7114.0,731389.395867,233408.0,1164446.0
739,2012-03-03,4.77995,8475500.0,40512466.225,191759.0263,803.0,0.0224172521008,0.0,42.0,9.85833333333,8.85540994103,1496978.59503,28455.04235,3.04970302,3.75413512811,4.99123703736,10220.0,5701.0,2546342.0,4378.0,5026.0,422063.143165,158572.0,757965.0
740,2012-03-04,4.9,8482000.0,41561800.0,286278.72,805.0,0.0203162846154,0.0,39.0,8.18333333333,9.67397724651,1496978.59503,31864.7,3.95643698,6.73032471129,5.29577862722,11319.0,6017.0,2552359.0,4531.0,5392.0,630240.967487,96622.0,473450.0
741,2012-03-05,5.04,8488600.0,42782544.0,338423.794,808.0,0.0246849393939,0.0,34.0,9.16666666667,9.82280766568,1496978.59503,33284.16,4.57778698,7.45466754054,4.9463753901,12425.0,6729.0,2559088.0,5305.0,6054.0,437601.315364,88589.0,446488.0
742,2012-03-06,5.05,8496000.0,42904800.0,230732.8961,811.0,0.0232791824324,0.0,38.0,8.9,11.0134510191,1496978.59503,37390.2,4.77293119,6.365731793,5.56981975272,11913.0,6713.0,2565801.0,4916.0,6286.0,360222.310629,116310.0,587367.0
743,2012-03-07,5.07,8503450.0,43112491.5,236515.9128,814.0,0.0209478791946,0.0,33.0,11.3666666667,11.0878662287,1496978.59503,37791.78,4.97452409,6.76172446066,5.74867356252,11591.0,6574.0,2572375.0,4828.0,5767.0,403618.032487,110238.0,558907.0
744,2012-03-08,5.0,8511250.0,42556250.0,288260.657,817.0,0.0197188782051,0.0,44.0,8.96666666667,11.6087726958,1496978.59503,39020.0,4.28583196,8.04059783299,5.88093443858,12250.0,6635.0,2579010.0,4983.0,5831.0,413181.355809,97057.0,485287.0
745,2012-03-09,4.9499,8519550.0,42170920.545,168213.7995,819.0,0.0176445963855,0.0,51.0,9.2,12.3529247917,1496978.59503,41099.0197,3.56641541,7.75505192156,6.34439945971,11826.0,6478.0,2585488.0,4806.0,5815.0,605187.450668,107066.0,529964.0
746,2012-03-10,4.94,8528200.0,42129308.0,142787.712,822.0,0.020388,0.0,50.0,10.5416666667,12.8738312588,1496978.59503,42755.7,5.05300613,8.45208463081,7.06238850347,10915.0,6054.0,2591542.0,4443.0,5559.0,534069.03332,102401.0,505860.0
747,2012-03-11,4.99,8534850.0,42588901.5,215330.3676,824.0,0.019347406015,0.0,46.0,12.1666666667,9.89722287527,1496978.59503,33198.47,3.07837341,9.07681622166,6.41640316969,9925.0,5174.0,2596716.0,3726.0,4671.0,352413.026389,73297.0,365750.0
748,2012-03-12,4.95915,8543300.0,42367506.195,118507.9923,826.0,0.0160776035503,0.0,43.0,7.88333333333,12.5761704205,1496978.59503,41919.69495,3.51928212,7.76281630496,7.31838249825,10385.0,5728.0,2602444.0,4053.0,4735.0,523378.295222,108891.0,540006.0
749,2012-03-13,5.41,8550900.0,46260369.0,678712.2685,829.0,0.0213640263158,0.0,36.0,9.86666666667,11.3111118575,1496978.59503,41170.1,10.06316769,5.63584599824,6.04997795738,12352.0,6805.0,2609249.0,5183.0,6230.0,668177.834788,135029.0,730504.0
750,2012-03-14,5.4444,8557800.0,46592086.32,356080.913,833.0,0.0294702971014,0.0,42.0,10.55,10.2692989232,1496978.59503,37593.582,5.98762025,5.81421011568,5.2978554115,12273.0,7096.0,2616345.0,5482.0,6399.0,460298.910177,118761.0,646581.0
751,2012-03-15,5.45,8564250.0,46675162.5,235488.964,836.0,0.0259458604651,0.0,44.0,10.9333333333,9.59956203692,1496978.59503,35174.3,4.16277495,4.1119936978,5.34807663068,12046.0,6577.0,2622922.0,5130.0,5490.0,624033.815496,156955.0,855407.0
752,2012-03-16,5.4,8571400.0,46285560.0,182711.5472,838.0,0.0204562727273,0.0,43.0,9.0,10.6507281967,1498294.36282,38647.8,7.96536218,5.15578485769,5.76316731285,11928.0,6706.0,2629628.0,5036.0,5847.0,492599.653839,138815.0,749601.0
753,2012-03-17,5.3998,8580000.0,46330284.0,213953.4936,841.0,0.0194989127907,0.0,43.0,9.26666666667,12.8106660827,1498294.36282,46459.8792,4.23269898,9.58330775943,6.21703187475,13116.0,7473.0,2637101.0,5670.0,6754.0,506495.49689,89781.0,484800.0
754,2012-03-18,5.37998,8587800.0,46202192.244,136370.8818,843.0,0.0161562948718,0.0,48.0,8.38333333333,11.6189762146,1498294.36282,41979.98394,3.01294827,8.66353531382,7.30722087728,10606.0,5745.0,2642846.0,4248.0,5218.0,403515.814037,90067.0,484560.0
755,2012-03-19,5.3099,8595700.0,45642307.43,935434.8048,846.0,0.0191641139241,0.0,37.0,9.56666666667,11.7679374481,1498294.36282,41969.4496,4.23856313,6.85295182272,6.28379242402,11743.0,6679.0,2649525.0,5057.0,6284.0,358260.284539,115337.0,612429.0
756,2012-03-20,4.98,8603100.0,42843438.0,327707.371,848.0,0.0200339256757,0.0,37.0,9.15833333333,11.0231312805,1498294.36282,36871.92,4.28587033,6.03625991604,5.583270745,11698.0,6604.0,2656129.0,4964.0,6381.0,496018.040399,122659.0,610840.0
757,2012-03-21,4.87,8611200.0,41936544.0,232247.4349,851.0,0.0193119444444,0.0,42.0,8.45,12.0658599151,1498294.36282,39466.48,4.19889868,5.54059457401,5.6542234957,12291.0,6980.0,2663109.0,5376.0,6732.0,547823.257873,146266.0,712315.0
758,2012-03-22,4.88,8619000.0,42060720.0,296753.9225,854.0,0.0194362884615,0.0,42.0,9.075,11.6189762146,1498294.36282,38078.64,3.31425094,6.18881056334,5.63626998224,12360.0,6756.0,2669865.0,5184.0,6164.0,640130.221175,126082.0,615282.0
759,2012-03-23,4.83,8625500.0,41661165.0,265338.2977,856.0,0.0208532692308,0.0,44.0,10.6333333333,9.68248017882,1498294.36282,31409.49,3.85590401,5.0953558332,4.99117908788,10829.0,6293.0,2676158.0,4796.0,6032.0,931256.274558,127626.0,616434.0
760,2012-03-24,4.74896,8634100.0,41002995.536,186578.46,858.0,0.0165096395349,0.0,54.0,7.90833333333,12.8106660827,1498294.36282,40860.05184,4.46816675,8.28923005455,6.3241064603,11385.0,6461.0,2682619.0,4929.0,5863.0,893589.033587,103797.0,492929.0
761,2012-03-25,4.68294,8642450.0,40472074.803,330945.12,860.0,0.0167944131737,0.0,47.0,8.54166666667,12.4382629989,1498294.36282,39163.42722,13.87452827,6.60968188482,6.26715109938,10821.0,6249.0,2688868.0,4515.0,5636.0,522493.174427,126527.0,592516.0
762,2012-03-26,4.73793,8650050.0,40983331.3965,335256.9824,863.0,0.0205342105263,0.0,38.0,8.66666666667,11.3210537475,1498294.36282,36041.43351,7.26561565,6.8318290853,5.57140725151,11226.0,6469.0,2695337.0,4874.0,6126.0,423096.02412,111346.0,527552.0
763,2012-03-27,4.74,8657450.0,41036313.0,361236.6294,865.0,0.0194131418919,0.0,37.0,8.96666666667,11.0231312805,1498294.36282,35090.22,3.94960465,5.42549292766,5.52950204853,11432.0,6346.0,2701683.0,4990.0,5799.0,600916.995287,136448.0,646766.0
764,2012-03-28,4.84592,8665400.0,41991835.168,188224.6307,868.0,0.0212904025157,0.0,47.0,9.55,11.8424180649,1498294.36282,38544.44768,4.67877081,5.8998232533,5.40292229885,12371.0,7134.0,2708817.0,5550.0,6464.0,693995.094686,134818.0,653315.0
765,2012-03-29,4.86092,8672350.0,42155599.562,206208.3232,871.0,0.0240403093525,0.0,58.0,9.25,11.2390412852,1626553.48133,33802.83768,4.69239431,4.86841321353,4.49147457879,12719.0,7526.0,2716343.0,6073.0,6475.0,1067404.02968,142839.0,694330.0
766,2012-03-30,4.83,8679850.0,41923675.5,213051.5253,874.0,0.0216587866667,0.0,53.0,8.3,12.1284618186,1626553.48133,36244.32,4.04466777,5.41027682472,5.05217730694,12480.0,7174.0,2723517.0,5688.0,6268.0,1093096.4422,138699.0,669916.0
767,2012-03-31,4.95,8688000.0,43005600.0,183152.012,876.0,0.0176040490798,0.0,58.0,8.06666666667,13.1795951762,1626553.48133,40362.3,4.66025176,7.10894389722,6.42098313713,11040.0,6286.0,2729803.0,4799.0,5583.0,958244.847389,114701.0,567768.0
768,2012-04-01,4.929,8695500.0,42860119.5,182041.759,878.0,0.0173411666667,0.0,56.0,8.74166666667,12.1284618186,1626553.48133,36987.216,4.34212197,8.17634349018,6.58252642819,9586.0,5619.0,2735422.0,4221.0,5033.0,469525.437003,91777.0,452369.0
769,2012-04-02,5.08,8701850.0,44205398.0,429855.972,880.0,0.0227043543307,0.0,46.0,11.4666666667,10.2687643397,1626553.48133,32278.32,4.14115894,5.69788003571,5.30370029576,10766.0,6086.0,2741508.0,4676.0,5612.0,810177.588602,111515.0,566497.0
770,2012-04-03,5.01,8708250.0,43628332.5,394194.22,883.0,0.0278548046875,0.0,41.0,10.0333333333,10.3496207519,1626553.48133,32084.04,4.62668219,4.17663985453,4.25574214087,13073.0,7539.0,2749047.0,5962.0,6746.0,759655.140278,153329.0,768178.0
771,2012-04-04,4.97,8715300.0,43315041.0,281521.1348,886.0,0.0236414822695,0.0,40.0,10.15,11.4007541095,1626553.48133,35053.41,3.95271361,4.506285629,4.68691135178,12774.0,7479.0,2756526.0,5980.0,6598.0,751035.767964,156515.0,777878.0
772,2012-04-05,4.94486,8721250.0,43125360.275,187559.848,889.0,0.0291460840336,0.0,58.0,10.275,9.62191304274,1626553.48133,29451.58616,6.2116662,3.55051872435,4.22123923749,11946.0,6977.0,2763503.0,5552.0,6115.0,1026300.8463,167750.0,829501.0
773,2012-04-06,4.96,8727400.0,43287904.0,310307.6589,892.0,0.0289079430894,0.0,52.0,11.1166666667,9.94533869124,1626553.48133,30523.84,4.94414079,3.41683101861,4.36054857143,12300.0,7000.0,2770503.0,5402.0,6164.0,602873.724792,180108.0,893338.0
774,2012-04-07,4.98,8734000.0,43495320.0,405389.376,894.0,0.0217000909091,0.0,61.0,9.75,10.6730464004,1626553.48133,32882.94,3.89581731,6.05972514686,5.34508127438,11003.0,6152.0,2776655.0,4755.0,5650.0,407210.86552,108965.0,542647.0
775,2012-04-08,4.8,8741300.0,41958240.0,211631.8866,896.0,0.0181957534247,0.0,59.0,8.70833333333,11.8050361701,1626553.48133,35054.4,3.8064745,8.50367710291,5.783600066,10863.0,6061.0,2782716.0,4577.0,5858.0,879113.678077,85880.0,412226.0
776,2012-04-09,4.8,8748850.0,41994480.0,208459.545,898.0,0.0180346754967,0.0,59.0,8.66666666667,12.2093182307,1626553.48133,36254.4,3.83316764,2.91978692685,5.99741935484,10799.0,6045.0,2788761.0,4610.0,5364.0,1580081.10346,258683.0,1241680.0
777,2012-04-10,4.9,8756000.0,42904400.0,297464.304,901.0,0.0260297622378,0.0,62.0,9.16666666667,11.5624669337,1626553.48133,35054.6,4.69114701,2.78547448485,4.15585062241,13688.0,8435.0,2797196.0,6883.0,6659.0,1168453.42166,256832.0,1258479.0
778,2012-04-11,4.8941,8763150.0,42887732.415,347943.4144,904.0,0.0236858951049,0.0,58.0,8.5,11.5624669337,1626553.48133,35022.1796,6.53992391,5.13515652511,4.67898191049,13265.0,7485.0,2804681.0,6055.0,6875.0,1113398.83357,139353.0,682008.0
779,2012-04-12,4.98,8770050.0,43674849.0,274478.949,907.0,0.0289568478261,0.0,58.0,10.2333333333,11.1581848731,1626553.48133,34391.88,6.96030524,2.70252922265,4.03992482086,14415.0,8513.0,2813194.0,6776.0,7188.0,1625269.80808,255538.0,1272581.0
780,2012-04-13,4.94464,8776350.0,43395891.264,497447.2825,910.0,0.0276110555556,0.0,66.0,11.5333333333,9.88325160798,1577913.48568,31171.01056,4.42240979,3.24615393501,4.12915757849,12853.0,7549.0,2820743.0,6243.0,6612.0,944297.83763,194199.0,960244.0
781,2012-04-14,5.03,8783000.0,44178490.0,340393.9084,913.0,0.0269770451128,0.0,51.0,9.63333333333,10.4323211418,1577913.48568,33474.65,5.88161612,3.54613661605,4.21860743541,13306.0,7935.0,2828678.0,6457.0,6715.0,811725.621915,187669.0,943975.0
782,2012-04-15,4.98389,8788850.0,43802661.6265,170395.4424,916.0,0.0265533076923,0.0,51.0,11.325,9.17730506455,1577913.48568,29175.69206,4.03081438,6.76910542585,3.98956543963,12285.0,7313.0,2835991.0,5919.0,6550.0,1329795.84177,86481.0,431013.0
783,2012-04-16,4.98,8795500.0,43801590.0,206793.8317,919.0,0.0275343082707,0.0,52.0,10.05,10.4323211418,1577913.48568,33136.92,4.67124833,4.06658504657,4.22341575325,13624.0,7846.0,2843837.0,6426.0,6517.0,1516544.52555,163626.0,814859.0
784,2012-04-17,5.02207,8802600.0,44207273.382,167777.577,923.0,0.0293771971831,0.0,45.0,9.21666666667,11.1382676852,1577913.48568,35691.85149,7.52707743,3.2465256276,4.27242656093,14357.0,8354.0,2852191.0,6827.0,7116.0,1161251.57938,218911.0,1099386.0
785,2012-04-18,5.1782,8808700.0,45613210.34,439710.5037,927.0,0.0340130491803,0.0,46.0,10.6083333333,9.56949758868,1577913.48568,31612.911,5.87363778,3.43795925119,3.88126593002,13860.0,8145.0,2860336.0,6626.0,7191.0,1158712.00703,177576.0,919525.0
786,2012-04-19,5.19,8816500.0,45757635.0,288111.6243,930.0,0.0245480897436,0.0,60.0,8.56666666667,12.2364067527,1577913.48568,40507.95,5.94767942,3.9000143004,5.04897793843,13885.0,8023.0,2868359.0,6306.0,6645.0,739373.632372,200127.0,1038662.0
787,2012-04-20,5.17,8824250.0,45621372.5,581953.9968,933.0,0.024234883871,0.0,56.0,8.25,12.1579682479,1577913.48568,40098.52,6.07277319,3.48131901612,5.00231037924,13626.0,8016.0,2876375.0,6559.0,6776.0,2411391.36344,222789.0,1151820.0
788,2012-04-21,5.48,8831600.0,48397168.0,336827.7813,937.0,0.0282844353741,0.0,65.0,10.7,11.5304602093,1577913.48568,40310.88,6.263791,4.31958084252,5.18801544402,14018.0,7770.0,2884145.0,6260.0,6890.0,1486036.53209,170294.0,933213.0
789,2012-04-22,5.3287,8839050.0,47100645.735,203585.4478,940.0,0.0205579194631,0.0,56.0,8.55,11.687337219,1577913.48568,39725.4585,5.15564775,4.22241701233,5.8696008422,11561.0,6768.0,2890913.0,5218.0,5851.0,1150690.44885,176558.0,940823.0
790,2012-04-23,5.21799,8846450.0,46160687.6355,279236.4544,943.0,0.0220389932432,0.0,45.0,9.21666666667,11.6088987141,1577913.48568,38633.99796,4.34820541,6.3118269108,5.64411949744,12471.0,6845.0,2897758.0,5268.0,5824.0,774046.059837,117304.0,612089.0
791,2012-04-24,5.2,8852600.0,46033520.0,414764.9616,946.0,0.0267520650407,0.0,48.0,10.45,9.6479360935,1577913.48568,32006.0,5.43974157,3.94823933162,4.32805949966,12541.0,7395.0,2905153.0,5874.0,6474.0,800438.047361,155892.0,810640.0
792,2012-04-25,5.16,8859500.0,45715020.0,200350.7712,949.0,0.0260437536232,0.0,53.0,9.88333333333,10.8245136659,1577913.48568,35629.8,5.27822828,4.52275983965,4.599767622,13879.0,7746.0,2912899.0,5710.0,6394.0,748268.599237,152672.0,787789.0
793,2012-04-26,5.18,8867200.0,45932096.0,328437.135,953.0,0.0274059935065,0.0,56.0,18.1,12.0795297431,1577913.48568,39953.34,13.33086106,3.76520072638,3.97822762123,14567.0,10043.0,2922942.0,5807.0,6457.0,2031001.03527,204850.0,1061121.0
794,2012-04-27,5.1372,8873500.0,45584944.2,146562.9009,956.0,0.0266830873016,0.0,60.0,10.4,9.88325160798,1577913.48568,32395.1832,6.9636861,4.31730781422,4.5846565525,12887.0,7066.0,2930008.0,5582.0,6256.0,1334928.65111,146063.0,750356.0
795,2012-04-28,5.1176,8881300.0,45450940.88,473006.68,959.0,0.0214745897436,0.0,73.0,9.31666666667,11.6988142999,1508589.67206,39942.868,5.3321923,5.88161454253,5.5685024397,12306.0,7173.0,2937181.0,5206.0,6204.0,1042504.46248,132702.0,679114.0
796,2012-04-29,5.0184,8889600.0,44611568.64,114752.7914,962.0,0.0206564096386,0.0,92.0,8.35,12.4487382935,1508589.67206,41677.812,5.79655728,5.20519152577,5.17736795031,12863.0,8050.0,2945231.0,5285.0,6401.0,970611.948163,159552.0,800697.0
797,2012-04-30,5.0,8898050.0,44490250.0,292243.8792,965.0,0.0236678579882,0.0,87.0,8.9,12.6737154916,1508589.67206,42270.0,4.96371671,7.4017022164,4.66350397176,14525.0,9064.0,2954295.0,5775.0,6512.0,1191280.93881,114217.0,571085.0
798,2012-05-01,5.0,8907000.0,44535000.0,190801.28,969.0,0.0255369944134,0.0,72.0,11.6333333333,13.4236394852,1508589.67206,44780.0,6.49137637,5.84714669964,4.44687189672,15610.0,10070.0,2964365.0,6009.0,7111.0,995623.201015,153169.0,765844.0
799,2012-05-02,5.1789,8914700.0,46168339.83,531638.8818,973.0,0.0288341103896,0.0,95.0,12.15,11.5488295012,1508589.67206,39908.6034,6.68304753,4.98802677153,4.25782603222,14824.0,9373.0,2973738.0,5960.0,7454.0,1093624.15178,154490.0,800088.0
800,2012-05-03,5.184,8923000.0,46256832.0,204237.082,978.0,0.0332343855422,0.0,92.0,8.91666666667,12.4487382935,1508589.67206,43068.672,8.49677544,4.7255729068,3.50636424326,17151.0,12283.0,2986021.0,6624.0,8614.0,1118696.16373,175809.0,911396.0
801,2012-05-04,5.15,8930750.0,45993362.5,245994.4802,984.0,0.0417400709677,0.0,115.0,9.08333333333,11.6238219006,1508589.67206,39964.0,10.52965254,5.43665901186,2.77991096272,17877.0,14376.0,3000397.0,7340.0,7993.0,1168190.54434,142735.0,735084.0
802,2012-05-05,5.1495,8938550.0,46029063.225,124846.5456,989.0,0.0381098333333,0.0,88.0,9.58333333333,11.6988142999,1508589.67206,40212.4455,9.92443083,5.34957089971,2.95897317881,16679.0,13590.0,3013987.0,5582.0,7360.0,1089067.70566,145974.0,751695.0
803,2012-05-06,5.099,8947150.0,45621517.85,118350.792,995.0,0.0357023372093,0.0,115.0,9.81666666667,12.8986926897,1508589.67206,43892.192,8.47898308,4.39831962517,3.5351314433,15598.0,12416.0,3026403.0,5374.0,7397.0,942031.341081,195711.0,997931.0
804,2012-05-07,5.0947,8955700.0,45626604.79,253896.4932,1002.0,0.042567374269,0.0,160.0,9.55,12.8237002903,1508589.67206,43610.632,10.57768272,4.87230255448,2.6782922066,19235.0,16283.0,3042686.0,6812.0,8710.0,1360550.69187,175687.0,895072.0
805,2012-05-08,5.1,8965000.0,45721500.0,366358.1944,1009.0,0.0406912204301,0.0,106.0,7.56666666667,13.9485862807,1508589.67206,47491.2,12.78385726,5.41677623381,2.76497438286,19674.0,17176.0,3059862.0,6998.0,9071.0,4235212.54705,171910.0,876743.0
806,2012-05-09,5.09609,8973200.0,45728234.788,223343.82,1017.0,0.0523483841463,0.0,195.0,9.5,14.1299469054,1733207.51385,41859.28326,14.96129097,3.67559394763,2.2188859401,20332.0,18865.0,3078727.0,6874.0,8745.0,2567050.11122,223474.0,1138844.0
807,2012-05-10,5.125,8980400.0,46024550.0,386403.1875,1022.0,0.0412877083333,0.0,158.0,9.95833333333,12.4067826486,1733207.51385,36946.125,9.90617607,3.07656262338,2.90388469701,17330.0,12723.0,3091450.0,6232.0,8146.0,1264003.50834,234320.0,1200890.0
808,2012-05-11,5.03188,8986550.0,45219241.214,347139.456,1028.0,0.0517739268293,0.0,175.0,15.1833333333,10.597460179,1733207.51385,30996.3808,10.00517341,2.72169602598,2.18345877712,17977.0,14196.0,3105646.0,6418.0,7904.0,1126846.0696,226329.0,1138863.0
809,2012-05-12,5.0,8993400.0,44967000.0,127468.8948,1037.0,0.0697644014599,0.0,126.0,9.03333333333,11.8036751587,1733207.51385,34310.0,12.89572253,3.95317316812,1.55565631376,21047.0,22055.0,3127701.0,5599.0,7148.0,3086157.90117,173582.0,867910.0
810,2012-05-13,4.99888,9000000.0,44989920.0,80335.332,1043.0,0.0467434242424,0.0,151.0,9.83333333333,11.3728840946,1733207.51385,33042.5968,10.1650517,4.64309259587,2.34610883272,16837.0,14084.0,3141785.0,5044.0,6466.0,2235581.96629,142362.0,711651.0
811,2012-05-14,5.036,9007150.0,45360007.4,288017.1546,1055.0,0.0851692657343,0.0,261.0,12.6166666667,12.3206244358,1733207.51385,36148.408,28.27673306,5.11553686308,1.29055365941,26853.0,28010.0,3169795.0,7296.0,7688.0,2062283.74756,140318.0,706640.0
812,2012-05-15,5.09,9013700.0,45879733.0,270779.6055,1064.0,0.072403351145,0.0,234.0,12.2166666667,11.2867258817,1733207.51385,33436.21,19.59848847,2.91700605497,1.60619733871,22051.0,20817.0,3190612.0,6782.0,8464.0,2979362.45579,225197.0,1146251.0
813,2012-05-16,5.08998,9019300.0,45908056.614,384172.2016,1073.0,0.0817551696429,0.0,220.0,14.35,9.6497198378,1733207.51385,28570.05774,13.98413588,2.98865191418,1.45195191035,20909.0,19677.0,3210289.0,6147.0,8495.0,3967466.92949,187810.0,955951.0
814,2012-05-17,5.1345,9025200.0,46339889.4,152339.6589,1080.0,0.0603718728814,0.0,216.0,12.0333333333,10.1666691148,1733207.51385,30344.895,10.10983418,3.67817312992,2.03766418211,17048.0,14892.0,3225181.0,5647.0,7550.0,3303219.4345,160678.0,824999.0
815,2012-05-18,5.13,9032400.0,46336212.0,292082.4731,1089.0,0.0677074375,0.0,221.0,10.0333333333,12.4067826486,1733207.51385,37012.95,15.75663471,2.81520880672,1.7011191286,20911.0,21758.0,3246939.0,6235.0,8384.0,2258449.06464,256286.0,1314750.0
816,2012-05-19,5.14291,9039700.0,46490363.527,136034.2711,1105.0,0.11609309589,0.0,192.0,11.2833333333,12.5790990743,1733207.51385,37712.95903,33.30233593,4.92984991108,0.989010779136,28460.0,38132.0,3285071.0,5229.0,8761.0,1338498.23754,148747.0,764992.0
817,2012-05-20,5.15,9046800.0,46591020.0,112191.33,1119.0,0.100994267606,0.0,250.0,11.8166666667,12.2344662229,1733207.51385,36678.3,22.03784271,4.80892595292,1.10052508401,25560.0,33328.0,3318399.0,5209.0,9370.0,1038377.36599,148100.0,762713.0
818,2012-05-21,5.1475,9053400.0,46602376.5,227834.0883,1131.0,0.0981084545455,0.0,177.0,11.3166666667,11.3728840946,1733207.51385,34066.155,18.00690588,3.11796533481,1.1693322006,23727.0,29133.0,3347532.0,5527.0,7597.0,3722513.26465,212254.0,1092576.0
819,2012-05-22,5.12,9059250.0,46383360.0,252757.8027,1142.0,0.095403017094,0.0,135.0,15.3,10.080510902,1733207.51385,30023.68,14.48193745,2.14151994898,1.18562887494,22830.0,25323.0,3372855.0,6701.0,8636.0,4585990.25585,273824.0,1401980.0
820,2012-05-23,5.16,9065300.0,46776948.0,301973.9648,1153.0,0.0978398677686,0.0,235.0,16.5,10.4251437533,1733207.51385,31300.56,16.09408162,2.88194800607,1.16862903226,23849.0,26784.0,3399639.0,6460.0,9046.0,2395544.21704,210483.0,1086090.0
821,2012-05-24,5.2324,9072050.0,47468594.42,167159.1376,1164.0,0.0850014074074,0.0,229.0,14.8,11.6313587331,1733207.51385,35423.348,20.59204355,4.43737897521,1.36138923905,22814.0,26020.0,3425659.0,5904.0,9853.0,1187257.42542,152568.0,798294.0
822,2012-05-25,5.15,9077850.0,46750927.5,149575.503,1176.0,0.111374646552,0.0,214.0,14.6833333333,9.17476078111,1591074.96185,29967.85,19.10534085,3.60461776536,1.03312476299,24436.0,29007.0,3454666.0,6180.0,10786.0,1416401.31565,161432.0,831374.0
823,2012-05-26,5.149,9084600.0,46776605.4,118232.6069,1186.0,0.0757234814815,0.0,143.0,12.9666666667,10.6775233228,1591074.96185,34838.134,16.87447099,4.7160573376,1.45267842549,21295.0,23982.0,3478648.0,5509.0,8332.0,5219577.84161,143467.0,738713.0
824,2012-05-27,5.148,9092800.0,46809734.4,110795.054,1196.0,0.0610583963415,0.0,163.0,9.45,12.9712135181,1591074.96185,42290.82,15.29363421,6.16915822335,1.90062558986,19795.0,22251.0,3500899.0,4970.0,8742.0,2082024.36431,133162.0,685520.0
825,2012-05-28,5.16,9099700.0,46954452.0,165277.7378,1210.0,0.101638485507,0.0,119.0,11.25,10.9148016189,1591074.96185,35707.2,20.21974674,4.62938993358,1.09780483306,24424.0,32526.0,3533425.0,5358.0,8630.0,2433082.74126,149480.0,771315.0
826,2012-05-29,5.15889,9106500.0,46979431.785,339889.092,1224.0,0.103117860294,0.0,168.0,12.4166666667,10.7566160882,1591074.96185,35173.31202,18.96538173,3.40159416468,1.12879691977,26445.0,31160.0,3564585.0,7487.0,9171.0,3153174.67261,200435.0,1034024.0
827,2012-05-30,5.1725,9112500.0,47134406.25,230060.5956,1235.0,0.0969963833333,0.0,297.0,15.3666666667,9.49113184253,1591074.96185,31117.76,16.86572549,3.02920348571,1.20878530086,23184.0,25743.0,3590328.0,6679.0,9046.0,1873294.8659,198600.0,1027259.0
828,2012-05-31,5.19,9119800.0,47331762.0,230005.901,1244.0,0.0638975616438,0.0,333.0,10.7166666667,11.5475437417,1591074.96185,37954.47,13.60278435,3.46490616312,1.81158274068,21952.0,20951.0,3611279.0,7082.0,9301.0,4812129.30927,211059.0,1095397.0
829,2012-06-01,5.27,9127350.0,48101134.5,262718.3808,1255.0,0.0750191721854,0.0,108.0,9.81666666667,11.9430075685,1591074.96185,39867.55,15.68116299,1.21981400943,1.6132217861,23238.0,24713.0,3635992.0,6637.0,9334.0,3223156.24545,620177.0,3268330.0
830,2012-06-02,5.279,9135150.0,48224456.85,104793.7316,1263.0,0.0519311410256,0.0,242.0,10.9333333333,12.3384713953,1591074.96185,41223.711,9.96264787,4.16641931953,2.21990904685,18762.0,18570.0,3654562.0,5625.0,8601.0,2387134.35994,187427.0,989428.0
831,2012-06-03,5.26466,9143050.0,48135049.613,84420.9033,1274.0,0.0728075316456,0.0,182.0,11.2166666667,12.496656926,1591074.96185,41669.7839,15.02353311,6.96827338013,1.56335949201,22565.0,26654.0,3681216.0,5991.0,8400.0,1609492.54685,113586.0,597993.0
832,2012-06-04,5.2785,9150600.0,48301442.1,284111.9573,1293.0,0.128801470199,0.0,188.0,14.775,11.9430075685,1591074.96185,40000.473,28.12443169,3.60168715335,0.889215565534,32189.0,44984.0,3726200.0,6048.0,8583.0,3521172.50923,210401.0,1110604.0
833,2012-06-05,5.5,9157400.0,50365700.0,487732.777,1313.0,0.147368279412,0.0,231.0,16.35,10.7566160882,1591074.96185,37559.5,29.98382458,2.84371746088,0.828798711329,34449.0,45318.0,3771518.0,7516.0,10589.0,5317556.45597,240143.0,1320789.0
834,2012-06-06,5.47,9165850.0,50137199.5,245541.2877,1321.0,0.0483754674556,0.0,229.0,8.46666666667,13.3666773449,1591074.96185,46292.61,13.28754541,4.3470822236,2.53311135431,20500.0,18275.0,3789793.0,6916.0,9220.0,2751676.41249,194682.0,1064912.0
835,2012-06-07,5.529,9172150.0,50712817.35,299044.0332,1334.0,0.107108261905,0.0,148.0,17.575,9.96568843465,1591074.96185,34943.28,20.49586485,2.84468238529,1.14317008539,26044.0,30567.0,3820360.0,7171.0,9819.0,4158245.01434,222169.0,1228372.0
836,2012-06-08,5.66,9179550.0,51956253.0,343225.9149,1345.0,0.0799416689189,0.0,321.0,14.8166666667,11.7057292724,1591074.96185,41974.56,16.81802928,3.02170755815,1.55611181137,23625.0,26974.0,3847334.0,7227.0,10174.0,6042248.698,245424.0,1389101.0
837,2012-06-09,5.69999,9187900.0,52370938.121,247825.2302,1359.0,0.085606257485,0.0,390.0,10.2666666667,13.1429330106,1583177.84744,47720.31628,22.52987299,3.62863523384,1.51382534277,24654.0,31523.0,3878857.0,6554.0,11836.0,1867311.94207,230720.0,1315104.0
838,2012-06-10,5.62,9196400.0,51683768.0,174749.5932,1375.0,0.0973006823529,0.0,361.0,10.8166666667,13.3790336036,1583177.84744,47904.88,24.41006786,5.63303677681,1.21808584215,26535.0,39328.0,3918185.0,6338.0,12923.0,1644528.24524,151322.0,850427.0
839,2012-06-11,5.54545,9204100.0,51040876.345,258951.7161,1390.0,0.0983253636364,0.0,308.0,11.4666666667,12.1198304409,1583177.84744,42810.874,20.67463329,4.38323873844,1.21363214741,27456.0,35275.0,3953460.0,6356.0,11431.0,4066159.98486,176125.0,976695.0
840,2012-06-12,5.7,9211100.0,52503270.0,524411.0796,1400.0,0.0726647357143,0.0,247.0,12.3,11.0180276735,1583177.84744,39968.4,12.59682379,3.42464523398,1.92192729371,18916.0,20796.0,3974256.0,7020.0,11596.0,2787261.32418,204751.0,1167081.0
841,2012-06-13,5.96,9219200.0,54946432.0,377371.332,1422.0,0.137665876543,0.0,248.0,28.95,12.7494320222,1583177.84744,48484.6,35.1762952,3.07529999997,0.931679477325,35054.0,52040.0,4026296.0,7098.0,15864.0,1760143.06731,264527.0,1576581.0
842,2012-06-14,5.95,9226500.0,54897675.0,261781.8924,1447.0,0.175275684932,0.0,209.0,47.7333333333,11.4902288595,1583177.84744,43643.25,35.89565212,4.06423565083,0.765711353229,37395.0,56997.0,4083293.0,7606.0,17287.0,5229504.5329,180477.0,1073837.0
843,2012-06-15,6.165,9234450.0,56930384.25,445327.084,1472.0,0.160001654088,0.0,246.0,20.1833333333,12.5133314292,1583177.84744,49227.525,35.61308945,3.93778923692,0.857517811417,39031.0,57407.0,4140700.0,8641.0,17224.0,3656680.3494,202779.0,1250131.0
844,2012-06-16,6.599,9242450.0,60990927.55,581911.3245,1494.0,0.1393339625,0.0,217.0,23.7833333333,12.5920316269,1583177.84744,52989.97,30.02680517,2.98313778934,1.0745639081,34580.0,49313.0,4190013.0,9429.0,16097.0,4351600.72403,269180.0,1776317.0
845,2012-06-17,6.52999,9250600.0,60406325.494,340965.6456,1511.0,0.105141092025,0.0,181.0,12.55,12.8281322199,1583177.84744,53376.13826,24.4001962,5.08423011743,1.32479866617,30521.0,40290.0,4230303.0,10008.0,12497.0,1159009.95277,160772.0,1049837.0
846,2012-06-18,6.4668,9258450.0,59872544.46,321949.8594,1528.0,0.110690656051,0.0,133.0,14.6833333333,12.3559310339,1583177.84744,50932.5168,26.16138093,4.03336182965,1.30502502818,31363.0,39028.0,4269331.0,9884.0,13823.0,2575358.10564,195271.0,1262781.0
847,2012-06-19,6.53294,9267550.0,60544348.097,311415.3166,1545.0,0.0958652307692,0.0,156.0,12.9333333333,14.3234359756,1583177.84744,59619.61044,26.94018882,4.21316043813,1.56449066968,30103.0,38108.0,4307439.0,8462.0,12312.0,2217216.37034,216607.0,1415080.0
848,2012-06-20,6.64999,9274350.0,61674334.7565,469733.814,1561.0,0.118343705882,0.0,169.0,21.2916666667,11.67262013,1726566.55919,45359.58179,21.58001528,2.6713894043,1.35502858223,25912.0,33475.0,4340914.0,8463.0,11659.0,1737453.29481,255335.0,1697977.0
849,2012-06-21,6.8,9280450.0,63107060.0,366720.644,1573.0,0.100368368852,0.0,219.0,14.3666666667,10.4710268813,1726566.55919,41656.8,26.27883814,3.22876053974,1.57189540017,22814.0,26501.0,4367415.0,8018.0,12027.0,1186755.33251,189732.0,1290179.0
850,2012-06-22,6.79962,9287500.0,63151470.75,400394.3818,1585.0,0.0865639078014,0.0,189.0,15.3666666667,12.1017605759,1726566.55919,48134.50998,29.83422135,2.87133315447,1.8839338544,23645.0,25550.0,4392965.0,8403.0,11067.0,1584455.89817,246541.0,1676382.0
851,2012-06-23,6.65062,9295600.0,61821503.272,163699.6392,1595.0,0.0637574320988,0.0,202.0,10.6333333333,13.9041504489,1726566.55919,53969.7813,15.19853598,5.11503888043,2.49179469505,22670.0,21659.0,4414624.0,8191.0,10337.0,3282570.07673,158650.0,1055120.0
852,2012-06-24,6.5915,9302600.0,61318087.9,259613.4926,1604.0,0.0714158642857,0.0,159.0,13.7166666667,12.0159324867,1726566.55919,46245.964,16.06404355,2.63339235504,2.11361809872,21800.0,21880.0,4436504.0,7179.0,10703.0,2180761.31443,266424.0,1756136.0
853,2012-06-25,6.44999,9310250.0,60051019.3975,451181.682,1615.0,0.0763837647059,0.0,166.0,13.8833333333,13.1316976462,1726566.55919,49432.72336,14.82897323,4.12963117245,1.90235610391,25287.0,25985.0,4462489.0,9685.0,10866.0,1843260.41923,185586.0,1197025.0
854,2012-06-26,6.4514,9317650.0,60111887.21,364395.5502,1629.0,0.0960080472973,0.0,136.0,17.4833333333,12.7025572003,1726566.55919,47862.9366,19.65510869,2.47911414656,1.47057905798,30371.0,32547.0,4495036.0,13495.0,11637.0,1782749.75341,299260.0,1930647.0
855,2012-06-27,6.55555,9325750.0,61135420.4125,379526.0704,1642.0,0.0821886604938,0.0,156.0,11.5166666667,13.9041504489,1726566.55919,53211.39935,17.42605631,3.36025359158,1.73689121785,29665.0,30636.0,4525672.0,14690.0,12672.0,1327378.71729,241559.0,1583553.0
856,2012-06-28,6.66897,9332500.0,62238162.525,322139.8864,1654.0,0.0896963259259,0.0,158.0,14.1666666667,11.5867920408,1726566.55919,45122.25102,16.85485099,2.91658759619,1.65192205821,27355.0,27315.0,4552987.0,12121.0,10812.0,3571435.20578,231983.0,1547091.0
857,2012-06-29,6.662,9339500.0,62219749.0,254922.288,1663.0,0.0671240928571,0.0,138.0,13.6166666667,12.0159324867,1726566.55919,46707.282,11.58999775,4.73505587834,2.0908403241,25246.0,22339.0,4575326.0,12605.0,11213.0,2843499.26299,148066.0,986415.0
858,2012-06-30,6.693,9346600.0,62556793.8,183006.036,1672.0,0.070268556338,0.0,160.0,14.0833333333,12.1875886651,1726566.55919,47614.002,14.1692415,4.96562229027,2.01685877669,27258.0,23608.0,4598934.0,13953.0,10929.0,1659773.18224,143265.0,958873.0
859,2012-07-01,6.694,9353500.0,62612329.0,167178.66,1680.0,0.0596408985507,0.0,143.0,16.9916666667,11.8442763084,1726566.55919,46255.54,10.02531446,6.9093228361,2.45595943506,23260.0,18834.0,4617768.0,11476.0,10021.0,1287322.11079,100010.0,669466.0
860,2012-07-02,6.75,9361550.0,63190462.5,293475.5796,1689.0,0.0619124720497,0.0,153.0,10.5166666667,13.8183223598,1726566.55919,54425.25,13.30033059,5.5667351075,2.15357905983,30158.0,25272.0,4643040.0,15888.0,11258.0,1167866.96926,144843.0,977687.0
861,2012-07-03,6.765,9368800.0,63379932.0,501729.5415,1698.0,0.0679080896552,0.0,140.0,13.1833333333,12.4450729327,1726566.55919,49161.255,17.70742136,2.59600620628,2.14247603068,26804.0,22946.0,4665986.0,12608.0,11784.0,1227878.76673,279930.0,1893726.0
862,2012-07-04,6.55,9376750.0,61417712.5,253308.25,1707.0,0.0611610943396,0.0,153.0,13.3333333333,13.8433790741,1751454.53534,52151.1,12.04784878,3.46264133098,2.37136686068,24790.0,21992.0,4687978.0,11814.0,9764.0,2384064.43623,229940.0,1506107.0
863,2012-07-05,6.77,9383600.0,63526972.0,334214.108,1716.0,0.0721942262774,0.0,221.0,13.5666666667,11.9279429758,1751454.53534,46462.51,13.38649042,3.76438457619,2.1076212293,22083.0,22045.0,4710023.0,9812.0,9745.0,1819963.93905,182314.0,1234266.0
864,2012-07-06,6.73449,9391250.0,63245279.2125,316033.7349,1725.0,0.0636975098039,0.0,220.0,11.65,13.320987411,1751454.53534,51599.66238,12.41769967,3.89408788118,2.34949742191,22262.0,21962.0,4731985.0,9044.0,10078.0,1621179.08254,196760.0,1325077.0
865,2012-07-07,6.75,9399750.0,63448312.5,285617.8416,1735.0,0.0635570705882,0.0,175.0,12.2,14.8010971233,1751454.53534,57678.75,45.39267827,5.30086802066,2.20746105859,26033.0,26129.0,4758114.0,14531.0,10070.0,4379832.14432,161200.0,1088100.0
866,2012-07-08,6.87,9407450.0,64629181.5,142961.2776,1744.0,0.0612823116883,0.0,145.0,11.15,13.4080526882,1751454.53534,52981.44,12.394001,6.0005501992,2.44187860073,22403.0,21697.0,4779811.0,9436.0,8920.0,623122.949405,128522.0,882943.0
867,2012-07-09,6.896,9415700.0,64930667.2,505565.3988,1755.0,0.0674311575758,0.0,170.0,11.6166666667,14.3657707373,1751454.53534,56995.44,15.91462354,4.43482536524,2.2534076622,24678.0,25293.0,4805104.0,11769.0,10811.0,1893125.87659,186366.0,1285179.0
868,2012-07-10,7.239,9423250.0,68214906.75,551389.2291,1769.0,0.0967255430464,0.0,173.0,18.1666666667,13.1468568566,1751454.53534,54813.708,22.70876035,3.1254605156,1.63906787872,30219.0,33442.0,4838546.0,14253.0,11065.0,2373200.40294,242268.0,1753780.0
869,2012-07-11,7.257,9430100.0,68434235.7,317281.321,1782.0,0.0954950072993,0.0,206.0,13.65,11.9279429758,1751454.53534,49833.819,17.78720701,3.31308715865,1.65204107409,27370.0,30165.0,4868711.0,12621.0,12720.0,1249365.53361,207269.0,1504151.0
870,2012-07-12,7.32,9437650.0,69083598.0,511369.3312,1793.0,0.0787510993377,0.0,196.0,15.7,13.1468568566,1751454.53534,55383.12,16.10499023,3.12903728899,2.0904812592,27972.0,26493.0,4895204.0,14729.0,12635.0,1310703.542,241800.0,1769973.0
871,2012-07-13,7.9,9445700.0,74621030.0,528896.7978,1803.0,0.0654708944099,0.0,203.0,12.1166666667,14.0175096285,1751454.53534,63689.8,12.71610684,2.54049762678,2.71702572416,24266.0,23441.0,4918645.0,12350.0,10983.0,2448766.94967,317339.0,2506981.0
872,2012-07-14,7.68891,9453150.0,72684419.5665,133457.0193,1814.0,0.0775100805369,0.0,217.0,17.2666666667,12.9727263022,1751454.53534,57405.40206,16.39495791,2.45653177342,2.25854357556,24426.0,25417.0,4944062.0,12889.0,11236.0,2369172.75994,303924.0,2336848.0
873,2012-07-15,7.64877,9460600.0,72361953.462,219860.4305,1825.0,0.0743114563758,0.0,254.0,15.1916666667,12.9727263022,1751454.53534,57105.71682,16.82730601,5.05599327781,2.20604638878,24339.0,25886.0,4969948.0,11599.0,10569.0,1672124.09871,147666.0,1129466.0
874,2012-07-16,8.2899,9468000.0,78488773.2,896217.2065,1838.0,0.0932885472973,0.0,250.0,12.8833333333,12.885661025,1751454.53534,61519.3479,21.32899927,3.70263333891,2.01300179641,28370.0,30561.0,5000509.0,12849.0,11384.0,1695175.10559,200425.0,1661503.0
875,2012-07-17,9.49,9476850.0,89935306.5,1831884.7029,1853.0,0.0870971412429,0.0,215.0,13.3,16.4218502561,1866391.305,84176.3,20.25827138,2.15531164165,2.42631943043,33380.0,34693.0,5035202.0,15490.0,14224.0,2666970.47688,411541.0,3905528.0
876,2012-07-18,9.39899,9484400.0,89143780.756,1042768.89,1867.0,0.0929550331126,0.0,239.0,14.7,14.0096010659,1866391.305,71197.34925,25.25477096,2.58060556783,2.31664169622,27537.0,30733.0,5065935.0,12195.0,11845.0,1740583.53574,293536.0,2758940.0
877,2012-07-19,9.27491,9491550.0,88033272.0105,489641.4516,1881.0,0.103590118881,0.0,185.0,12.6833333333,13.2673705459,1866391.305,66501.1047,20.39232492,3.88669446852,2.13988173569,28008.0,31077.0,5097012.0,11908.0,10292.0,1295478.21611,184476.0,1710994.0
878,2012-07-20,9.23355,9498500.0,87704874.675,1311324.73,1896.0,0.11505281295,0.0,189.0,16.6833333333,12.8962552858,1866391.305,64450.179,30.14867241,2.80540231839,1.82150125767,28822.0,35383.0,5132395.0,14058.0,10922.0,1421994.54584,248806.0,2297360.0
879,2012-07-21,9.7,9506000.0,92208200.0,1282075.2107,1912.0,0.10836032,0.0,172.0,15.25,13.9168222509,1866391.305,73021.6,28.9098919,3.29790202042,1.94216713655,31248.0,37598.0,5169993.0,15535.0,12724.0,2234606.50935,228266.0,2214183.0
880,2012-07-22,9.0,9512950.0,85616550.0,279652.4556,1924.0,0.0876327482014,0.0,157.0,11.8833333333,12.8962552858,1866391.305,62685.0,15.35397674,5.02218564597,2.09124270225,28132.0,29975.0,5199968.0,14143.0,12724.0,2017199.61626,138685.0,1248162.0
881,2012-07-23,9.2,9520450.0,87588140.0,1320447.1212,1938.0,0.0998181933333,0.0,195.0,10.6833333333,13.9168222509,1866391.305,69211.6,23.16193893,3.76800450385,1.927846021,35299.0,35901.0,5235869.0,16667.0,14478.0,1883207.37252,199655.0,1836824.0
882,2012-07-24,8.96,9528500.0,85375360.0,395666.9535,1951.0,0.0821879689441,0.0,226.0,13.2833333333,14.937389216,1866391.305,72280.32,17.55491401,3.56001249719,2.41376924361,29817.0,29945.0,5265814.0,13623.0,12242.0,2038593.7443,226600.0,2030339.0
883,2012-07-25,8.76998,9536200.0,83632283.276,592475.8554,1963.0,0.0791642727273,0.0,206.0,11.45,14.2879375109,1866391.305,67660.3957,15.29289555,3.96545662189,2.32294419954,26521.0,29127.0,5294941.0,12535.0,11219.0,1181372.18944,194555.0,1706245.0
884,2012-07-26,8.9,9545100.0,84951390.0,314058.675,1976.0,0.0739709662921,0.0,271.0,13.0666666667,16.5146290711,1866391.305,79370.2,18.68667012,3.71080844993,2.58939710296,25872.0,30652.0,5325593.0,11699.0,11214.0,1759046.66977,240325.0,2138892.0
885,2012-07-27,8.95,9553500.0,85503825.0,257333.6088,1987.0,0.0659902440476,0.0,242.0,10.9833333333,15.586840921,1866391.305,75314.25,15.17561226,5.06631285099,2.84957434733,25871.0,26430.0,5352023.0,11425.0,11231.0,2542177.22727,166097.0,1486569.0
886,2012-07-28,8.93,9562000.0,85388660.0,166246.365,2000.0,0.0795506,0.0,210.0,11.6,15.772398551,1866391.305,76083.6,20.70498525,6.18926517177,2.2925723928,31154.0,33187.0,5385210.0,13889.0,13042.0,1721419.87291,137658.0,1229283.0
887,2012-07-29,8.889,9569250.0,85061063.25,114298.0272,2013.0,0.0953196689655,0.0,169.0,14.9,13.4529281759,1866391.305,64596.363,17.74577763,5.55847697837,1.97012208735,26862.0,32788.0,5417998.0,11567.0,10914.0,1270281.86632,130737.0,1162123.0
888,2012-07-30,9.15,9578500.0,87643275.0,517586.7464,2030.0,0.0923765459459,0.0,187.0,12.4666666667,18.7300417587,2036671.08869,84829.65,21.59461114,5.95666154907,2.22043895927,30168.0,38204.0,5456202.0,12850.0,11248.0,948209.354648,155641.0,1424114.0
889,2012-07-31,9.44,9585150.0,90483816.0,668719.128,2045.0,0.115759428571,0.0,220.0,21.7916666667,13.4653813725,2036671.08869,62955.36,19.84360187,2.19507110901,1.74087769267,37314.0,36163.0,5492365.0,17125.0,17489.0,2129740.04036,303817.0,2868033.0
890,2012-08-01,9.54,9592200.0,91509588.0,731231.734,2060.0,0.111384241135,0.0,255.0,16.2833333333,14.2753291242,2036671.08869,67447.8,20.21423246,2.59561353641,1.97429382665,38959.0,34163.0,5526528.0,19278.0,15957.0,2785336.88999,272383.0,2598530.0
891,2012-08-02,9.8,9599900.0,94079020.0,1348358.585,2073.0,0.0851369025974,0.0,192.0,12.85,15.5914942207,2036671.08869,75646.2,19.86616974,2.86505338767,2.32936720554,32741.0,32475.0,5559003.0,15951.0,12800.0,1964547.29791,269419.0,2640307.0
892,2012-08-03,11.1188,9608550.0,106835545.74,733557.4596,2086.0,0.0757594450867,0.0,228.0,10.2166666667,17.5151201311,2036671.08869,96366.6396,17.9249095,3.25439472296,3.28268972612,29197.0,29356.0,5588359.0,14362.0,13007.0,1674221.83346,266317.0,2961123.0
893,2012-08-04,11.3,9616050.0,108661365.0,619357.7152,2098.0,0.0829893733333,0.0,208.0,13.9166666667,15.1865203449,2036671.08869,85021.2,24.23379789,4.46253799092,3.01857558759,28179.0,28166.0,5616525.0,14934.0,11397.0,1149479.48812,168604.0,1905221.0
894,2012-08-05,11.1869,9623300.0,107654894.77,793867.814,2111.0,0.0922645034483,0.0,166.0,13.1166666667,14.680303,2036671.08869,81373.5106,24.52949124,5.09543515876,2.54268382964,28698.0,32003.0,5648528.0,14297.0,11183.0,2028384.34611,142755.0,1596988.0
895,2012-08-06,11.29112,9630350.0,108737437.492,639398.5097,2125.0,0.10374741844,0.0,189.0,19.775,14.2753291242,2036671.08869,79850.80064,22.199207,3.95456283359,2.22054506785,33954.0,35960.0,5684488.0,16076.0,12559.0,1875108.81064,178831.0,2019207.0
896,2012-08-07,11.04,9637800.0,106401312.0,530884.505,2136.0,0.076450033557,0.0,199.0,12.6333333333,15.0852768759,2036671.08869,82468.8,20.92753532,3.9011028952,2.87989942729,32197.0,28636.0,5713124.0,15315.0,13132.0,1940221.75537,191484.0,2113987.0
897,2012-08-08,11.14999,9646300.0,107556148.537,396955.9713,2151.0,0.0932752,0.0,324.0,9.7,17.2113897242,2036671.08869,95354.71448,52.18018387,4.29021300236,2.45411695998,35918.0,38855.0,5751979.0,15584.0,12400.0,1765841.13518,199337.0,2222610.0
898,2012-08-09,12.0,9654250.0,115851000.0,1245676.3456,2164.0,0.0859794025157,0.0,230.0,11.9333333333,16.0977115656,2036671.08869,95616.0,18.36985252,3.31761619666,2.88721804511,34940.0,33117.0,5785096.0,17203.0,17906.0,1601461.74506,240172.0,2882069.0
899,2012-08-10,11.6,9662450.0,112084420.0,837385.9464,2175.0,0.0722908170732,0.0,286.0,8.85,16.6039289104,2036671.08869,95642.0,45.85604941,3.8327845423,3.4954316205,29288.0,27362.0,5812458.0,13747.0,12499.0,1174688.42424,215118.0,2495366.0
900,2012-08-11,11.59788,9670350.0,112155558.858,266731.5027,2186.0,0.0754754936709,0.0,319.0,13.1666666667,15.9964680966,2036671.08869,91820.41596,17.37179137,5.42518333596,3.06282450916,27985.0,29979.0,5842437.0,14506.0,13454.0,1920172.47218,145931.0,1692485.0
901,2012-08-12,11.765,9678800.0,113871082.0,386153.0512,2199.0,0.0797424733728,0.0,285.0,12.4666666667,18.4055429383,2190865.9701,99614.255,17.49173695,8.75012470097,2.95144603123,30165.0,33751.0,5876188.0,13552.0,12398.0,1621721.94408,96764.0,1138432.0
902,2012-08-13,11.86999,9686450.0,114978064.635,755266.265,2219.0,0.133975627451,0.0,261.0,14.6,16.6630063287,2190865.9701,91102.17325,25.04966154,4.30583128268,1.83385348142,41509.0,49678.0,5925866.0,17446.0,16985.0,1784521.5362,178247.0,2115786.0
903,2012-08-14,12.17887,9694600.0,118069273.102,591652.5488,2235.0,0.0983537239264,0.0,221.0,12.7,17.7520917097,2190865.9701,99513.54677,21.93973905,3.37556025325,2.64628498258,34362.0,37605.0,5963471.0,15631.0,15390.0,1715320.3424,242064.0,2948060.0
904,2012-08-15,12.67,9703150.0,122938910.5,797355.594,2256.0,0.127678701754,0.0,191.0,16.0666666667,18.6233600144,2190865.9701,108683.26,28.12433709,4.84919653069,2.21486162625,36444.0,49070.0,6012541.0,14665.0,13633.0,1863928.72093,176895.0,2241263.0
905,2012-08-16,13.84119,9710850.0,134409719.912,1373759.8694,2277.0,0.141008253247,0.0,223.0,16.1666666667,16.7719148668,2190865.9701,107020.08108,32.70348326,3.81164350225,2.17675340344,47362.0,49165.0,6061706.0,24045.0,17656.0,1664499.54769,202852.0,2807715.0
906,2012-08-17,15.4,9718000.0,149657200.0,3136509.6191,2293.0,0.117367545455,0.0,272.0,13.2666666667,15.5739209478,2190865.9701,110572.0,30.58990923,3.30866414019,2.70367019586,45775.0,40897.0,6102603.0,24396.0,16695.0,2729697.58044,217006.0,3341893.0
907,2012-08-18,15.26014,9725400.0,148410965.556,1100826.817,2309.0,0.111775878378,0.0,192.0,15.6166666667,16.1184636382,2190865.9701,113230.2388,20.76717614,2.74695895675,2.9205632912,41427.0,38770.0,6141373.0,21679.0,15597.0,2627510.81954,270117.0,4122022.0
908,2012-08-19,12.0,9733300.0,116799600.0,2270040.9732,2326.0,0.108494094937,0.0,198.0,13.2333333333,17.2075490192,2190865.9701,95016.0,18.95507601,2.17732090186,2.71303751927,32820.0,35022.0,6176395.0,15126.0,13795.0,3349445.75565,363658.0,4363895.0
909,2012-08-20,10.5,9742750.0,102298875.0,1940464.5264,2342.0,0.0876415291005,0.0,270.0,10.2166666667,20.5837137002,2190865.9701,99519.0,28.01583883,1.4013092961,2.74550320018,34086.0,36248.0,6212643.0,16526.0,13155.0,9622289.30046,676367.0,7101858.0
910,2012-08-21,10.29999,9751800.0,100443442.482,789040.1403,2358.0,0.0902503038674,0.0,173.0,10.1833333333,19.7124453954,2190865.9701,93451.80927,23.26574408,2.96974816253,2.30779397614,40498.0,40494.0,6253137.0,20195.0,14735.0,6768934.30133,305514.0,3146792.0
911,2012-08-22,10.26,9759250.0,100129905.0,778769.3229,2374.0,0.110619919463,0.0,210.0,13.7,16.2273721763,2190865.9701,76683.24,24.5640378,2.05071444898,1.88716936556,39189.0,40634.0,6293771.0,18217.0,14198.0,5845207.91306,364458.0,3739343.0
912,2012-08-23,10.25,9767500.0,100116875.0,604249.4,2387.0,0.0794139030303,0.0,205.0,9.63333333333,17.9699087859,2190865.9701,84777.75,21.53412752,3.19501142717,2.66890445459,34809.0,31765.0,6325536.0,18003.0,13359.0,8073544.01797,258872.0,2653441.0
913,2012-08-24,10.25,9775300.0,100196825.0,1015677.0036,2399.0,0.0795476410256,0.0,203.0,11.4666666667,16.989731943,2190865.9701,80134.5,18.81258311,3.60746474885,2.58757144241,34511.0,30969.0,6356505.0,16869.0,13473.0,7957035.36121,216717.0,2221352.0
914,2012-08-25,10.25,9781850.0,100263962.5,440998.4412,2413.0,0.108947419847,0.0,198.0,16.9,15.8935752698,2440642.60692,67352.75,21.92109799,2.75029529502,1.89774168099,33067.0,35491.0,6391996.0,16349.0,13246.0,9640536.11204,238920.0,2448928.0
915,2012-08-26,10.61913,9790650.0,103968185.134,299819.0785,2425.0,0.0710854659091,0.0,290.0,11.25,21.3532003624,2440642.60692,93681.96486,22.34564361,4.76590631504,3.06902423784,28168.0,30525.0,6422521.0,13231.0,10694.0,3147442.02601,185106.0,1965669.0
916,2012-08-27,12.14999,9798100.0,119046817.019,2070915.6728,2438.0,0.0885204630872,0.0,257.0,11.1833333333,18.0774253068,2440642.60692,90869.77521,29.03414368,2.70395588868,2.90244586719,30516.0,31308.0,6453829.0,13916.0,12563.0,3271317.782,276595.0,3360623.0
917,2012-08-28,11.3807,9805600.0,111594591.92,693110.0583,2450.0,0.0853607466667,0.0,204.0,14.4333333333,18.1987503089,2440642.60692,85617.0061,23.62564327,3.30233574405,2.77634756145,32138.0,30838.0,6484667.0,13018.0,15395.0,8618370.67075,227808.0,2592620.0
918,2012-08-29,11.20999,9813900.0,110013720.861,644458.2708,2463.0,0.0829747168675,0.0,228.0,10.0,20.1399503419,2440642.60692,93311.95676,24.54703076,3.41019188996,2.76038210744,32378.0,33804.0,6518471.0,14755.0,14372.0,12858493.6435,244092.0,2736267.0
919,2012-08-30,10.937,9821800.0,107421026.6,363762.8,2476.0,0.0831273860759,0.0,288.0,11.0666666667,19.1693503254,2440642.60692,86697.599,27.34385576,3.46927295778,2.76459180485,26377.0,31360.0,6549831.0,11990.0,12075.0,13468328.554,228492.0,2499013.0
920,2012-08-31,10.8359,9828950.0,106505519.305,739505.2154,2493.0,0.11921920979,0.0,230.0,12.2,17.3494752945,2440642.60692,77823.4338,32.39425452,1.88908417408,1.87548942764,37505.0,41495.0,6591326.0,17651.0,14210.0,6726903.6746,380184.0,4119638.0
921,2012-09-01,10.42,9837100.0,102502582.0,254123.622,2510.0,0.104341993865,0.0,237.0,11.35,19.7759753357,2440642.60692,85214.76,28.87869838,5.2990193273,2.03182546495,39715.0,41940.0,6633266.0,17919.0,16228.0,11028471.468,154330.0,1608123.0
922,2012-09-02,10.18999,9844750.0,100317904.052,278454.1792,2523.0,0.0851295424837,0.0,188.0,8.6,18.5627253151,2440642.60692,78269.31319,31.86619313,5.81103086197,2.50317619259,28708.0,31268.0,6664534.0,12876.0,12746.0,6853914.88732,132180.0,1346909.0
923,2012-09-03,10.5,9853750.0,103464375.0,263410.7762,2540.0,0.0974357388889,0.0,245.0,9.01666666667,21.8385003707,2440642.60692,94878.0,36.95385361,5.22936517905,2.31037841523,29237.0,41066.0,6705600.0,11042.0,10700.0,4085171.78498,172793.0,1814331.0
924,2012-09-04,10.5934,9860150.0,104452513.01,401414.175,2556.0,0.1279566875,0.0,196.0,15.6166666667,15.5296002636,2440642.60692,68115.562,30.59917481,2.70832170451,1.84395132648,31358.0,36940.0,6742540.0,13895.0,12817.0,6181981.31788,237416.0,2515047.0
925,2012-09-05,10.57888,9869150.0,104404553.552,707102.0642,2573.0,0.0989285388889,0.0,222.0,10.95,21.8385003707,2440642.60692,95474.392,25.18379882,4.23444237101,2.30536514222,33850.0,41414.0,6783954.0,18105.0,12995.0,8813231.51711,213133.0,2254710.0
926,2012-09-06,11.17,9878450.0,110342286.5,811818.563,2591.0,0.100259182796,0.0,239.0,8.46666666667,24.9094641254,2694047.95296,104193.76,28.46114685,3.21130415745,2.35636528111,38202.0,44218.0,6828172.0,18987.0,15018.0,16235603.5081,290474.0,3244593.0
927,2012-09-07,11.29,9887050.0,111624794.5,434593.971,2605.0,0.0820598837209,0.0,215.0,10.0333333333,23.0345582235,2694047.95296,97297.22,18.75177954,4.47754132285,2.99588077717,31911.0,32477.0,6860649.0,14184.0,13249.0,20505513.352,192472.0,2173006.0
928,2012-09-08,11.21,9894050.0,110912300.5,310702.9809,2619.0,0.101257178571,0.0,192.0,13.4,18.7490590191,2694047.95296,78727.83,23.92353501,3.95668758442,2.29133065572,30088.0,34359.0,6895008.0,14589.0,13086.0,11470487.2225,177497.0,1989741.0
929,2012-09-09,11.14288,9901700.0,110333454.896,180676.5841,2631.0,0.0817220980392,0.0,216.0,11.2,20.4900430709,2694047.95296,85465.8896,20.56845317,2.23902175984,2.84166410427,33631.0,30076.0,6925084.0,16682.0,15174.0,4639990.61781,342560.0,3817108.0
930,2012-09-10,11.127,9908900.0,110256330.3,520663.3187,2644.0,0.0944733680556,0.0,212.0,16.55,19.2847464197,2694047.95296,80359.194,22.3581976,1.72347831152,2.50691605054,28826.0,32055.0,6957139.0,13071.0,13548.0,12681255.0395,419036.0,4662617.0
931,2012-09-11,11.19401,9916800.0,111008758.368,832347.2172,2659.0,0.0998907341772,0.0,182.0,11.1333333333,21.1596523216,2694047.95296,88757.30529,29.23196182,2.63042996616,2.34726959749,36043.0,37813.0,6994952.0,17028.0,15416.0,23357681.8413,301434.0,3374251.0
932,2012-09-12,11.3789,9923850.0,112922496.765,717404.1042,2672.0,0.0946905531915,0.0,144.0,14.4,18.8829808693,2694047.95296,80482.9597,23.00668134,2.71589929462,2.64694335657,29944.0,30406.0,7025358.0,14146.0,14702.0,7673581.17512,260429.0,2963400.0
933,2012-09-13,11.399,9931100.0,113204608.9,273526.1408,2684.0,0.0839888206897,0.0,187.0,11.5166666667,19.4186682698,2694047.95296,82870.73,20.11991821,2.79272147798,2.97038352629,27663.0,27899.0,7053257.0,11905.0,13301.0,24861234.9247,260320.0,2967383.0
934,2012-09-14,11.75,9939200.0,116785600.0,559070.1532,2699.0,0.0976287098765,0.0,224.0,10.3666666667,21.6953397221,2694047.95296,95421.75,21.40527069,3.8530881446,2.71501024299,30426.0,35146.0,7088403.0,13751.0,13797.0,18210399.1218,210766.0,2476501.0
935,2012-09-15,11.799,9946350.0,117356983.65,208930.1095,2712.0,0.092432958042,0.0,230.0,13.05,19.1508245695,2694047.95296,84551.634,16.00925068,3.09117078137,2.78680402109,26871.0,30340.0,7118743.0,12227.0,13134.0,9750031.70612,231822.0,2735262.0
936,2012-09-16,11.99,9953850.0,119346661.5,396754.7148,2724.0,0.0827753066667,0.0,183.0,11.8833333333,20.0882775205,2694047.95296,90092.86,14.37584654,5.46862683645,3.29395122665,24913.0,27351.0,7146094.0,12149.0,12420.0,11469649.9516,137402.0,1647449.0
937,2012-09-17,11.9625,9962650.0,119178200.625,384798.1744,2735.0,0.0648712840909,0.0,138.0,10.7833333333,23.570245624,2694047.95296,105437.475,14.49014511,3.90293822046,4.14732624002,26956.0,25423.0,7171517.0,10967.0,12210.0,13502363.6227,225830.0,2701490.0
938,2012-09-18,12.09,9971000.0,120549390.0,585271.0488,2748.0,0.0802937664671,0.0,162.0,11.2833333333,22.3649489728,2694047.95296,101181.21,19.83549726,3.05395130675,3.23128445055,31239.0,31313.0,7202830.0,15454.0,15015.0,12215553.7012,274038.0,3313125.0
939,2012-09-19,12.61,9978150.0,125824471.5,575994.1257,2762.0,0.0990936713287,0.0,200.0,11.85,19.1508245695,2694047.95296,90438.92,22.47986657,3.14725720912,2.81574519755,32351.0,32119.0,7234949.0,14795.0,15372.0,26708894.6651,227881.0,2873579.0
940,2012-09-20,12.68666,9985500.0,126682643.43,455783.7374,2776.0,0.0954172176871,0.0,159.0,14.7,20.9294479444,2864140.50781,93500.6842,20.6905111,2.90012330425,2.76424786992,41220.0,33825.0,7268774.0,19585.0,19788.0,19151623.134,254127.0,3224024.0
941,2012-09-21,12.57001,9993650.0,125620280.436,485898.741,2789.0,0.0841469325153,0.0,222.0,10.5166666667,23.2074830948,2864140.50781,102810.11179,29.49860957,1.55533974326,3.4319228157,29455.0,29957.0,7298731.0,11290.0,13904.0,8815674.08397,525866.0,6610139.0
942,2012-09-22,12.4433,10002250.0,124460997.425,205984.19,2801.0,0.0698026627907,0.0,211.0,11.7666666667,24.4888778669,2864140.50781,107199.0295,15.707411,3.53190103829,4.49528366252,22976.0,23847.0,7322578.0,9799.0,10777.0,33955701.4677,243920.0,3035165.0
943,2012-09-23,12.2749,10009700.0,122868066.53,516613.2499,2812.0,0.0740458657718,0.0,182.0,13.8166666667,21.2142023382,2864140.50781,91632.1285,15.21996842,5.91616978882,3.78723407729,22048.0,24195.0,7346773.0,9671.0,11180.0,10006137.697,126180.0,1548842.0
944,2012-09-24,12.29888,10017500.0,123204030.4,420821.64,2826.0,0.0904439294872,0.0,157.0,13.0583333333,22.2108427165,2864140.50781,96263.33376,27.32303762,3.16521208037,3.07757069472,26499.0,31279.0,7378052.0,10979.0,11858.0,8220431.72802,247282.0,3041292.0
945,2012-09-25,12.22909,10024950.0,122596015.795,320465.1942,2836.0,0.0678016644295,0.0,139.0,8.9,21.2142023382,2864140.50781,91314.61503,17.18850981,3.05407960971,3.84078296656,31768.0,23775.0,7401827.0,14273.0,15003.0,2934062.34056,244493.0,2989923.0
946,2012-09-26,12.28,10032100.0,123194188.0,344213.7841,2849.0,0.095432020979,0.0,160.0,12.9333333333,20.3599391568,2864140.50781,88023.04,18.39848429,3.15800949977,2.76055447532,37569.0,31886.0,7433713.0,17172.0,19388.0,1747872.3271,226978.0,2787295.0
947,2012-09-27,12.46,10039250.0,125089055.0,311053.4571,2862.0,0.0940506573427,0.0,209.0,13.4833333333,20.3599391568,2864140.50781,89300.82,17.75388518,3.04307279848,2.95756839107,32067.0,30194.0,7463907.0,14752.0,16434.0,1377324.52792,235519.0,2934561.0
948,2012-09-28,12.444,10047450.0,125030467.8,399267.594,2875.0,0.0830097804878,0.0,233.0,11.2166666667,23.3498602917,2864140.50781,102750.108,57.9866703,3.58756853853,3.43668834036,35047.0,29898.0,7493805.0,15794.0,18482.0,2301007.67378,230156.0,2864060.0
949,2012-09-29,12.49,10055850.0,125597566.5,251729.4456,2887.0,0.0726343630952,0.0,220.0,12.9666666667,23.9193690793,2864140.50781,105090.86,14.87112626,3.78032441431,3.97935779469,29803.0,26409.0,7520214.0,15930.0,14585.0,1426952.87889,222573.0,2779943.0
950,2012-09-30,12.47499,10063450.0,125541438.116,111003.4055,2897.0,0.0673749934211,0.0,253.0,13.95,21.6413339289,2864140.50781,94959.62388,12.37119439,4.35398707243,4.49130321525,25781.0,21143.0,7541357.0,10929.0,12164.0,1701101.39341,174828.0,2180981.0
951,2012-10-01,12.481,10070850.0,125694278.85,428205.0736,2909.0,0.0815146216216,0.0,251.0,10.7416666667,21.0718251413,2864140.50781,92546.615,15.05241324,3.94086665064,3.88802314834,29541.0,23803.0,7565160.0,11524.0,12103.0,1327585.71741,188157.0,2348382.0
952,2012-10-02,12.88,10077650.0,129800132.0,813596.8592,2922.0,0.0978456838235,0.0,231.0,12.3166666667,19.3632987785,2864140.50781,87906.0,25.53766212,2.50904450803,3.0797743755,35169.0,28543.0,7593703.0,16185.0,18381.0,2197482.52559,272016.0,3503565.0
953,2012-10-03,12.8999,10084550.0,130089686.545,585931.095,2937.0,0.114687391304,0.0,231.0,13.85,20.9547974016,3054627.52695,89306.0077,23.89542547,2.71028015635,2.77477109523,35365.0,32185.0,7625888.0,17520.0,17799.0,1393561.62954,255435.0,3295084.0
954,2012-10-04,13.0899,10091250.0,132093453.375,580141.6308,2951.0,0.109002671642,0.0,247.0,13.8916666667,20.3474119697,3054627.52695,89390.9271,129.0727315,2.68688816526,3.02835310997,35434.0,29518.0,7655406.0,13985.0,15348.0,1201539.47649,254160.0,3326931.0
955,2012-10-05,12.99,10098050.0,131173669.5,489455.8616,2966.0,0.111420007353,0.0,216.0,12.8833333333,20.6511046856,3054627.52695,88682.73,27.33750416,2.76732623563,2.57731204045,34539.0,34409.0,7689815.0,13434.0,15799.0,2283634.90539,246700.0,3204636.0
956,2012-10-06,12.89999,10105150.0,130356333.949,343805.508,2981.0,0.112389401408,0.0,217.0,12.4833333333,21.5621828335,3054627.52695,91886.62877,23.63559135,5.23546921817,2.57659774466,34398.0,35662.0,7725477.0,12842.0,13593.0,2108275.87285,136053.0,1755079.0
957,2012-10-07,12.7369,10112000.0,128795532.8,832707.2249,2996.0,0.113806824818,0.0,160.0,11.375,20.8029510436,3054627.52695,87540.7137,23.24799372,5.39822101278,2.76362904723,30653.0,31676.0,7757153.0,10787.0,13118.0,1712849.00402,127320.0,1621659.0
958,2012-10-08,12.08,10120300.0,122253224.0,1180176.075,3013.0,0.106430614458,0.0,255.0,11.6166666667,25.2064954251,3054627.52695,100614.32,29.1855467,3.77652102201,2.62248657666,37625.0,38366.0,7795519.0,12409.0,14121.0,1904907.84009,220547.0,2664207.0
959,2012-10-09,12.35,10127550.0,125075242.5,613796.9418,3029.0,0.114743172414,0.0,195.0,14.2666666667,22.0177219075,3054627.52695,89833.9,24.92948098,3.5504515938,2.50212795588,37794.0,35903.0,7831422.0,13691.0,15644.0,1455360.2019,204875.0,2530211.0
960,2012-10-10,12.15,10135000.0,123140250.0,409819.5119,3043.0,0.0964571006711,0.0,189.0,11.9333333333,22.6251073394,3054627.52695,90784.8,22.58048511,3.68669735292,2.81459618664,37830.0,32255.0,7863677.0,13797.0,16056.0,1037860.32241,202675.0,2462497.0
961,2012-10-11,12.19,10141900.0,123629761.0,297575.04,3056.0,0.0989577101449,0.0,220.0,13.65,20.9547974016,3054627.52695,84415.75,25.1547753,3.26865485061,2.80628137362,32004.0,30081.0,7893758.0,13414.0,14722.0,1036064.96544,211861.0,2582584.0
962,2012-10-12,12.15,10149450.0,123315817.5,294704.925,3067.0,0.0750245960265,0.0,232.0,10.3,22.9288000554,3054627.52695,91951.2,18.97829142,3.54442323861,3.79963636364,32832.0,24200.0,7917958.0,12965.0,14238.0,2408018.72738,213519.0,2594250.0
963,2012-10-13,12.137,10156750.0,123272474.75,213049.98,3084.0,0.116542089041,0.0,183.0,11.4666666667,22.1695682655,3054627.52695,88891.388,24.55671427,5.08678058467,2.38455357047,33228.0,37278.0,7955236.0,12101.0,13988.0,2263100.71458,143981.0,1747498.0
964,2012-10-14,12.0,10163650.0,121963800.0,300201.2868,3096.0,0.0900322318841,0.0,179.0,13.1833333333,20.9547974016,3054627.52695,82992.0,16.36760937,5.0974374259,3.07594232979,30494.0,26981.0,7982217.0,11302.0,12904.0,2175251.88673,135676.0,1628112.0
965,2012-10-15,12.03,10171500.0,122363145.0,387684.4288,3110.0,0.0904273821656,0.0,200.0,10.6,23.8398782033,3054627.52695,94664.07,19.19003194,4.4886173515,3.18841596497,32370.0,29690.0,8011907.0,12844.0,15200.0,932927.169677,175310.0,2108981.0
966,2012-10-16,11.99,10179100.0,122047409.0,517586.695,3126.0,0.105828381579,0.0,251.0,10.7833333333,23.0806464134,3054627.52695,91423.75,25.96467158,3.34966150689,2.73200304805,31951.0,33464.0,8045371.0,11214.0,13687.0,2153088.56596,227635.0,2729343.0
967,2012-10-17,11.99,10186150.0,122131938.5,342096.8642,3142.0,0.115673276596,0.0,214.0,16.0666666667,21.534357778,3072321.73202,85320.84,66.89339529,3.20567056617,2.60330872033,33554.0,32774.0,8078145.0,14024.0,15565.0,3128474.95149,221982.0,2661560.0
968,2012-10-18,11.95998,10193900.0,121918840.122,300398.922,3156.0,0.0904330903226,0.0,292.0,10.95,23.6725209616,3072321.73202,92905.12464,18.16174438,3.45127518044,3.26762537423,34489.0,28432.0,8106577.0,15835.0,14929.0,3397667.67875,225076.0,2691907.0
969,2012-10-19,11.967,10201850.0,122085538.95,415961.9874,3170.0,0.0908548805031,0.0,215.0,11.35,24.2834247283,3072321.73202,95341.089,17.28631948,3.78304077976,3.34882644889,32236.0,28470.0,8135047.0,15934.0,15703.0,3198174.88027,210598.0,2520224.0
970,2012-10-20,11.85,10208750.0,120973687.5,297110.702,3183.0,0.0983128333333,0.0,203.0,11.3833333333,21.0761799529,3072321.73202,81954.6,16.59501444,2.48793508122,2.96153651574,31187.0,27673.0,8162720.0,13230.0,13661.0,2628427.09982,277982.0,3294081.0
971,2012-10-21,11.7965,10216650.0,120520711.725,154088.0361,3200.0,0.113208493671,0.0,140.0,10.5833333333,24.1306987867,3072321.73202,93451.873,22.27543359,4.56927280978,2.34957190627,31535.0,39774.0,8202494.0,10212.0,13406.0,2417572.50187,173376.0,2045224.0
972,2012-10-22,11.81,10224950.0,120756659.5,516697.072,3215.0,0.0958202710843,0.0,98.0,10.6666666667,25.3525063202,3072321.73202,98294.63,23.10204087,3.96045417105,2.75744466575,29410.0,35647.0,8238141.0,11321.0,14060.0,2035350.58251,210153.0,2481903.0
973,2012-10-23,12.0,10231800.0,122781600.0,724016.0585,3233.0,0.137138605839,0.0,102.0,15.7166666667,20.9234540112,3072321.73202,82488.0,24.37162899,2.51469323648,2.05628817151,33577.0,40115.0,8278256.0,11068.0,12454.0,2554099.32131,273353.0,3280241.0
974,2012-10-24,11.82,10239600.0,121032072.0,315400.2656,3249.0,0.102894628205,0.0,121.0,11.6833333333,23.8252469033,3072321.73202,92456.04,22.20707536,2.44413618674,2.75429099142,33269.0,33568.0,8311824.0,13163.0,15670.0,2318810.48735,320031.0,3782770.0
975,2012-10-25,11.71,10246500.0,119986515.0,1023333.179,3262.0,0.100179427536,0.0,200.0,13.2,21.0761799529,3072321.73202,81009.78,18.26830049,2.15260944166,2.88024532461,27911.0,28126.0,8339950.0,13525.0,14553.0,1546384.98012,321377.0,3763329.0
976,2012-10-26,11.09988,10254550.0,113824274.454,1096284.386,3272.0,0.0681523726708,0.0,205.0,9.50833333333,24.5888766117,3072321.73202,89531.63208,16.80943206,3.39513103217,3.9721220976,29737.0,22540.0,8362490.0,14132.0,15100.0,929136.850598,237576.0,2637060.0
977,2012-10-27,10.83883,10263450.0,111243789.764,531830.817,3280.0,0.0473815449438,0.0,188.0,8.63333333333,27.1852176204,3072321.73202,96606.49179,13.76313528,3.69581241547,5.52415895414,22726.0,17488.0,8379978.0,10196.0,12569.0,1634453.61282,241165.0,2613945.0
978,2012-10-28,10.61,10271900.0,108984859.0,269433.9531,3288.0,0.0528430236686,0.0,189.0,9.18333333333,25.8106841452,3072321.73202,89781.82,12.84233689,5.66410118473,5.16551521777,21318.0,17381.0,8397359.0,9694.0,12045.0,1123144.91627,149397.0,1585103.0
979,2012-10-29,10.95,10279800.0,112563810.0,474799.9403,3298.0,0.0648401392405,0.0,176.0,9.75,24.1306987867,3072321.73202,86669.25,15.0975509,5.09618725514,4.52722785207,21429.0,19144.0,8416503.0,9161.0,11200.0,1050571.59171,155312.0,1700668.0
980,2012-10-30,10.85,10287250.0,111616662.5,354297.972,3311.0,0.0935076577181,0.0,141.0,11.525,24.4748066399,3304356.39299,81082.05,23.28136658,2.45551088176,2.70905613097,26964.0,29930.0,8446433.0,10291.0,12606.0,1502588.04426,304336.0,3302044.0
981,2012-10-31,11.14,10294200.0,114677388.0,508303.985,3324.0,0.0940449352518,0.0,210.0,16.1166666667,22.8322021675,3304356.39299,77679.22,23.11370123,2.6782853231,2.71586672261,26412.0,28602.0,8475035.0,11056.0,13768.0,6152986.35862,260353.0,2900334.0
982,2012-11-01,11.279,10300950.0,116184415.05,603491.07,3336.0,0.0901593777778,0.0,206.0,13.8833333333,22.1751603785,3304356.39299,76381.388,22.03532797,2.46878071952,3.00029020347,23811.0,25458.0,8500493.0,10842.0,12220.0,2890562.39345,274305.0,3093891.0
983,2012-11-02,11.20999,10308200.0,115554818.918,339646.757,3348.0,0.0867298758621,0.0,238.0,16.3666666667,23.817764851,3304356.39299,81552.67725,25.18210027,3.09164194483,2.96576759219,26334.0,27498.0,8527991.0,10731.0,12852.0,959473.781017,235312.0,2637844.0
984,2012-11-03,10.60097,10315350.0,109352715.89,245397.06,3359.0,0.081197965035,0.0,215.0,14.5,23.4892439565,3304356.39299,76008.9549,20.58374693,4.67399303574,3.00858751187,26548.0,25264.0,8553255.0,10952.0,12170.0,1583479.70535,153402.0,1626210.0
985,2012-11-04,10.68,10323350.0,110253378.0,263578.879,3369.0,0.066290975,0.0,185.0,10.75,26.2816715597,3304356.39299,85632.24,18.07275203,7.7855926736,3.77367530407,22368.0,22692.0,8575947.0,9755.0,11312.0,1878369.61318,102985.0,1099881.0
986,2012-11-05,10.9,10331000.0,112607900.0,362700.0646,3384.0,0.102939960784,0.0,166.0,11.7833333333,25.1318484289,3304356.39299,83657.5,25.83596115,4.23810480618,2.59789764611,27968.0,32202.0,8608149.0,10585.0,13118.0,2691305.94103,181095.0,1973937.0
987,2012-11-06,10.88997,10337800.0,112578331.866,363453.5396,3397.0,0.0970017941176,0.0,179.0,13.75,22.3394208257,3304356.39299,74291.37534,22.98457161,3.39121886964,2.64768435582,28560.0,28059.0,8636208.0,10983.0,12924.0,1785267.50605,201167.0,2190698.0
988,2012-11-07,11.21603,10345650.0,116037120.77,428263.836,3414.0,0.109583936306,0.0,174.0,11.05,25.7888902179,3304356.39299,88371.10037,29.35341825,3.76847755471,2.36021313952,34011.0,37442.0,8673650.0,12076.0,13846.0,2038626.86612,209076.0,2345008.0
989,2012-11-08,11.0979,10353750.0,114904882.125,358473.6925,3429.0,0.0984421604938,0.0,182.0,11.1333333333,26.6101924542,3304356.39299,90192.6333,27.51470818,3.67131540508,2.57803725311,30564.0,34985.0,8708635.0,12054.0,14375.0,1465964.21098,221365.0,2456684.0
990,2012-11-09,11.07,10361000.0,114696270.0,211960.5342,3441.0,0.0874686206897,0.0,202.0,12.8,23.817764851,3304356.39299,80478.9,20.56769981,3.851740597,2.99724032624,28883.0,26851.0,8735486.0,11892.0,13836.0,995659.284708,188746.0,2089416.0
991,2012-11-10,10.95899,10369000.0,113633767.31,168005.5734,3453.0,0.0806643875,0.0,277.0,9.88333333333,26.2816715597,3304356.39299,87902.05879,21.42115168,6.89178050182,3.30520995638,24961.0,26595.0,8762081.0,9649.0,12441.0,481900.27843,116385.0,1275462.0
992,2012-11-11,10.939,10375600.0,113498688.4,187117.6,3463.0,0.0771755378788,0.0,264.0,15.8333333333,21.6823790367,3304356.39299,72383.363,17.92127199,9.34840581203,3.05054631659,21483.0,23728.0,8785809.0,8038.0,11160.0,375713.675327,70782.0,774286.0
993,2012-11-12,11.18,10382650.0,116078027.0,521129.284,3474.0,0.0801271843972,0.0,243.0,11.1916666667,23.6121875254,3368767.14053,79020.24,18.20735207,5.00749708895,3.2054291741,26835.0,24652.0,8810461.0,9925.0,12538.0,545937.838737,141148.0,1578039.0
994,2012-11-13,11.129,10389450.0,115624189.05,243957.678,3485.0,0.0837724044118,0.0,208.0,11.7166666667,22.774875911,3368767.14053,75877.522,18.42871936,5.27202017563,3.05452767602,23713.0,24841.0,8835302.0,8793.0,11829.0,496141.068042,129324.0,1439249.0
995,2012-11-14,11.05,10396650.0,114882982.5,300283.2783,3498.0,0.0903269097222,0.0,285.0,11.8666666667,24.114574494,3368767.14053,79803.1,22.71522209,5.21462697969,2.73101878786,27765.0,29221.0,8864523.0,10839.0,13033.0,1253459.5521,138495.0,1530370.0
996,2012-11-15,11.114,10403450.0,115623943.3,415564.5888,3514.0,0.121026786765,0.0,236.0,14.1,22.774875911,3368767.14053,75897.506,29.56062276,3.4556717324,2.01090284291,34437.0,37743.0,8902266.0,14067.0,15793.0,2726951.54247,197617.0,2196317.0
997,2012-11-16,11.8,10410500.0,122843900.0,813495.1968,3531.0,0.121888560284,0.0,267.0,12.9833333333,23.6121875254,3368767.14053,83567.6,32.35921036,2.00658564145,2.24125945395,33886.0,37286.0,8939552.0,14493.0,15012.0,3104026.86936,352938.0,4164666.0
998,2012-11-17,11.8,10417550.0,122927090.0,266107.0452,3548.0,0.123282524823,0.0,224.0,14.0166666667,23.6121875254,3368767.14053,83508.6,27.92768269,2.9416089419,2.43657106177,45125.0,34273.0,8973825.0,13070.0,16017.0,3247990.84339,240583.0,2838875.0
999,2012-11-18,11.832,10425500.0,123354516.0,221950.368,3563.0,0.0947786100629,0.0,217.0,9.91666666667,26.6265093372,3368767.14053,94360.2,25.4443562,4.28065214224,2.84697682839,32677.0,33144.0,9006969.0,12069.0,15077.0,2130380.05574,186303.0,2204342.0
1000,2012-11-19,11.79998,10431650.0,123093261.367,401011.1919,3578.0,0.125830056911,0.0,180.0,14.5666666667,20.5978657137,3368767.14053,72888.47646,27.02349917,2.36285812515,2.07305109386,34545.0,35160.0,9042129.0,13291.0,15486.0,1448137.12831,261421.0,3084759.0
1001,2012-11-20,11.84,10439600.0,123604864.0,370599.392,3595.0,0.107200119497,0.0,246.0,11.3166666667,26.6265093372,3368767.14053,94459.52,28.15159803,4.22838042682,2.51482974362,34632.0,37561.0,9079690.0,15204.0,15675.0,1593483.9564,188677.0,2233941.0
1002,2012-11-21,11.784,10447300.0,123110983.2,291130.3318,3614.0,0.125993084416,0.0,218.0,11.7166666667,25.7891977228,3368767.14053,91113.888,32.87941782,4.27730368158,2.20908929567,34618.0,41245.0,9120935.0,13398.0,14493.0,1068059.97075,180768.0,2130171.0
1003,2012-11-22,12.28,10454650.0,128383102.0,876109.5318,3629.0,0.105204156463,0.0,194.0,11.6833333333,24.6169614627,3368767.14053,90540.44,23.86825165,3.87775838377,2.74939843916,32823.0,32931.0,9153866.0,16262.0,15711.0,1217516.93653,190136.0,2334865.0
1004,2012-11-23,12.43,10461900.0,130041417.0,287344.085,3644.0,0.107090393103,0.0,216.0,15.6,24.2820368169,3368767.14053,90403.39,23.99715144,5.62021647237,2.87158979734,26731.0,31482.0,9185348.0,12915.0,14967.0,1267259.82026,129408.0,1608539.0
1005,2012-11-24,12.4108,10470000.0,129941076.0,275058.1064,3657.0,0.0846667592593,0.0,236.0,13.35,27.1288963058,3368767.14053,100800.5176,22.73202401,4.76719274985,3.45574128698,27215.0,29169.0,9214517.0,13245.0,13887.0,1143992.61165,170373.0,2114463.0
1006,2012-11-25,12.6,10477050.0,132010830.0,338694.4484,3672.0,0.112149950355,0.0,219.0,13.2166666667,23.6121875254,3368767.14053,89170.2,27.71888794,6.40331127365,2.56081674851,27411.0,34821.0,9249338.0,11687.0,14530.0,895674.011068,110521.0,1392564.0
1007,2012-11-26,12.6515,10485000.0,132650977.5,522540.8786,3688.0,0.106061421384,0.0,235.0,10.4166666667,27.180905571,3438908.96016,100921.0155,27.27039836,4.50684800084,2.89919607871,28774.0,34810.0,9284148.0,12105.0,15307.0,1074930.32993,176997.0,2239282.0
1008,2012-11-27,12.52999,10492600.0,131472173.074,513241.2642,3702.0,0.0923353092105,0.0,136.0,9.9,25.9842619295,3438908.96016,96217.79321,79.95789105,3.18469208665,3.25852726937,31418.0,29528.0,9313676.0,14655.0,16014.0,1282833.44242,241122.0,3021259.0
1009,2012-11-28,12.40712,10500525.0,130281273.738,457957.0625,3718.0,0.0988055857988,0.0,149.0,11.35,28.8903964874,3438908.96016,98872.33928,44.72614721,3.54645311547,2.70727360368,33542.0,36521.0,9350197.0,13339.0,15771.0,1892894.25749,224703.0,2787922.0
1010,2012-11-29,12.599,10504650.0,132348085.35,411597.4107,3736.0,0.111796436364,0.0,252.0,11.2166666667,28.2066001208,3438908.96016,52348.845,30.9318334,2.21073042015,1.34055941101,32816.0,39050.0,9389247.0,13420.0,14116.0,1387531.54469,187947.0,2367943.0
1011,2012-11-30,12.65,10507875.0,132924618.75,374226.5169,3748.0,0.100485434109,0.0,276.0,14.0833333333,22.0524328217,3438908.96016,41061.9,21.88004872,1.80774380333,1.44772767338,27705.0,28363.0,9417610.0,12121.0,12683.0,871782.266188,179561.0,2271445.0
1012,2012-12-01,12.68778,10511875.0,133372357.388,236366.6718,3764.0,0.104615325,0.0,260.0,11.5833333333,27.3518546626,3438908.96016,51119.06562,29.99228087,3.0417044499,1.35515257993,29164.0,37722.0,9455332.0,11156.0,12972.0,606808.390524,132459.0,1680606.0
1013,2012-12-02,12.68,10515650.0,133338442.0,219481.9452,3773.0,0.0651413311258,0.0,265.0,8.93333333333,25.8133128378,3438908.96016,48057.2,15.02822634,3.20832774795,2.33798102651,21186.0,20555.0,9475887.0,9133.0,10645.0,631736.581536,118130.0,1497889.0
1014,2012-12-03,12.67901,10519400.0,133375577.794,444199.2084,3783.0,0.07144214,0.0,235.0,9.73333333333,25.6423637462,3438908.96016,47774.50968,18.85263816,1.91817523925,2.13212432186,23333.0,22407.0,9498294.0,10120.0,10521.0,1922115.72154,196437.0,2490623.0
1015,2012-12-04,12.96675,10522175.0,136438412.681,937013.7392,3795.0,0.116665765766,0.0,252.0,17.1,18.9753491722,3438908.96016,36293.93325,24.16998401,1.28339542243,1.29390136364,26758.0,28050.0,9526344.0,12593.0,13239.0,2186081.69751,218093.0,2827962.0
1016,2012-12-05,13.5,10525175.0,142089862.5,475714.75,3811.0,0.135177725,0.0,270.0,16.5833333333,20.513890997,3438908.96016,40851.0,26.6733515,1.28803737037,1.23134193393,32849.0,33176.0,9559520.0,15540.0,16470.0,2965970.43203,234931.0,3171569.0
1017,2012-12-06,13.6888,10528750.0,144125953.0,718983.9167,3829.0,0.127313972028,0.0,250.0,11.6,24.4457201047,3438908.96016,49361.8128,31.05820845,1.64681232226,1.3268947824,29988.0,37201.0,9596721.0,13587.0,15280.0,3060984.55784,218968.0,2997416.0
1018,2012-12-07,13.68,10531850.0,144075708.0,561787.1172,3843.0,0.119741951613,0.0,273.0,12.6,21.1976873635,3438908.96016,42750.0,25.9703386,1.44784869354,1.29990573783,29236.0,32887.0,9629608.0,13173.0,14078.0,2560250.21038,215837.0,2952657.0
1019,2012-12-08,13.55,10535225.0,142752298.75,201926.2278,3857.0,0.105205644444,0.0,296.0,10.8833333333,23.0781273716,3438908.96016,46070.0,25.06019442,2.02802061736,1.44614998274,29214.0,31857.0,9661465.0,12347.0,12594.0,1004848.06116,167651.0,2271673.0
1020,2012-12-09,13.53,10538475.0,142585566.75,413504.6784,3871.0,0.113780538462,0.0,398.0,13.0833333333,22.2233819134,3438908.96016,44297.22,24.43926299,2.77912371821,1.34896217796,29112.0,32838.0,9694303.0,10771.0,12776.0,874186.477068,117807.0,1593928.0
1021,2012-12-10,13.55,10542025.0,142844438.75,462739.3648,3889.0,0.128728528169,0.0,284.0,12.85,24.2747710131,3438908.96016,48536.1,32.60099193,1.74411597832,1.26152986432,26865.0,38474.0,9732777.0,11427.0,11947.0,1504578.16106,205376.0,2782848.0
1022,2012-12-11,13.63999,10545650.0,143842560.543,434650.7682,3905.0,0.11580742069,0.0,295.0,12.5333333333,24.2922336617,3370181.79928,49854.16345,30.6428106,1.33112135232,1.37184346743,28917.0,36341.0,9769118.0,13765.0,14437.0,1564854.13272,274581.0,3745276.0
1023,2012-12-12,13.63999,10548875.0,143886549.511,594253.5047,3921.0,0.12723224031,0.0,324.0,13.0166666667,21.6117113266,3370181.79928,44357.24748,27.61405036,1.34556369735,1.25579659929,30888.0,35322.0,9804440.0,15571.0,14796.0,3267489.01193,241683.0,3296555.0
1024,2012-12-13,13.79989,10552275.0,145620234.25,423277.0482,3939.0,0.138065639706,0.0,369.0,11.4166666667,22.7844398482,3370181.79928,47499.22138,42.77546793,1.09367225507,1.17981175807,33996.0,40260.0,9844700.0,16338.0,14800.0,3435404.33608,314720.0,4343095.0
1025,2012-12-14,13.90119,10554875.0,146725322.801,1057253.0842,3957.0,0.17821425,0.0,342.0,19.3833333333,17.4233951781,3370181.79928,36587.93208,32.88696018,1.10021089981,0.883830521052,33491.0,41397.0,9886097.0,15409.0,15122.0,3494315.45596,239227.0,3325538.0
1026,2012-12-15,13.7722,10557825.0,145404477.465,236993.6359,3972.0,0.128304983051,0.0,334.0,13.55,19.7688522213,3370181.79928,40986.0672,26.426188,1.62133129759,1.22251587425,27511.0,33526.0,9919623.0,12963.0,12803.0,1776620.59204,183553.0,2527927.0
1027,2012-12-16,13.66548,10560700.0,144317034.636,617988.9885,3987.0,0.134223286957,0.0,336.0,12.3,19.2662542834,3370181.79928,39657.22296,27.40011287,2.73841700392,1.16676639383,28933.0,33989.0,9953612.0,12799.0,11870.0,1672238.06766,105974.0,1448181.0
1028,2012-12-17,13.498,10563850.0,142590847.3,962820.2198,4004.0,0.140739896825,0.0,361.0,14.3166666667,21.1091133888,3370181.79928,42950.636,32.24930878,1.57817809091,1.05198971294,32044.0,40828.0,9994440.0,14162.0,13861.0,1899292.23134,201625.0,2721533.0
1029,2012-12-18,13.399,10567000.0,141587233.0,390244.8,4025.0,0.168283325397,0.0,284.0,13.6166666667,21.1091133888,3370181.79928,42702.613,37.08634431,1.28753287883,0.916561772913,38406.0,46590.0,10041030.0,17697.0,15597.0,2370518.37158,247528.0,3316623.0
1030,2012-12-19,13.399,10570575.0,141635134.425,640211.1456,4046.0,0.150771552448,0.0,292.0,9.98333333333,23.9571683698,3370181.79928,48423.986,39.25169662,1.5280823895,0.987922025461,36002.0,49016.0,10090046.0,15423.0,16018.0,1257458.53115,236506.0,3168938.0
1031,2012-12-20,13.72,10573275.0,145065333.0,552827.549,4061.0,0.142986657407,0.0,224.0,14.5166666667,18.0935257618,3370181.79928,37455.6,30.62284069,1.65075381964,1.03660365871,30200.0,36133.0,10126179.0,13466.0,14730.0,940555.608963,165379.0,2269000.0
1032,2012-12-21,13.6475,10576300.0,144340054.25,417826.671,4079.0,0.155839619835,0.0,248.0,11.8916666667,20.2714501591,3370181.79928,41761.35,35.57252966,1.44957707955,1.02713734074,32608.0,40658.0,10166837.0,14440.0,14872.0,1599689.19816,211096.0,2880933.0
1033,2012-12-22,13.58998,10579900.0,143780629.402,248140.624,4100.0,0.150349069444,0.0,267.0,11.5,24.1247010158,3370181.79928,49453.93722,39.98089285,2.35969313225,0.95081783473,43693.0,52012.0,10218849.0,17745.0,18783.0,1513456.93752,154215.0,2095778.0
1034,2012-12-23,13.48547,10583350.0,142721448.924,341467.2715,4117.0,0.123511028986,0.0,269.0,10.2833333333,23.1195051401,3370181.79928,46956.40654,32.40114679,3.42450658233,1.19701250484,32573.0,39228.0,10258077.0,13381.0,14454.0,924770.426991,101679.0,1371188.0
1035,2012-12-24,13.45,10586525.0,142388761.25,260962.2826,4134.0,0.139969598425,0.0,292.0,11.4333333333,21.2766460348,3370181.79928,43107.25,30.76535974,2.05303268381,1.16195180463,29026.0,37099.0,10295176.0,12446.0,13591.0,1001040.02216,156111.0,2099686.0
1036,2012-12-25,13.45,10589600.0,142430120.0,207882.7116,4146.0,0.103873495935,0.0,273.0,10.7166666667,20.606515451,3370181.79928,41641.2,21.56338759,2.78356850348,1.51092888244,25045.0,27560.0,10322736.0,10601.0,11774.0,719758.57569,111224.0,1495965.0
1037,2012-12-26,13.3989,10593200.0,141937227.48,252781.662,4163.0,0.121897958333,0.0,203.0,11.4666666667,24.1247010158,3370181.79928,48624.6081,29.20703966,2.97000608283,1.36050945999,24110.0,35740.0,10358476.0,10482.0,11877.0,507380.125899,122188.0,1637189.0
1038,2012-12-27,13.47,10597225.0,142744620.75,327090.1824,4182.0,0.123995881988,0.0,174.0,10.05,23.8470848798,2979636.61694,54688.2,35.43010858,2.60310029827,1.26830863424,27812.0,43119.0,10401595.0,11889.0,12350.0,824369.121518,155968.0,2100887.0
1039,2012-12-28,13.6499,10601625.0,144711121.088,414037.2762,4203.0,0.124636875,0.0,249.0,9.5,26.0688629742,2979636.61694,60578.2562,38.51894572,2.54638682815,1.27495593299,31561.0,47514.0,10449109.0,13908.0,14916.0,1042278.61438,174286.0,2378989.0
1040,2012-12-29,13.67,10604975.0,144970008.25,374582.5155,4221.0,0.13455169403,0.0,258.0,12.9,19.8478843099,2979636.61694,46204.6,30.58246185,2.06564496673,1.17724724827,30563.0,39248.0,10488357.0,13470.0,14618.0,1082114.46267,163629.0,2236812.0
1041,2012-12-30,13.56998,10608975.0,143963578.57,185823.711,4240.0,0.11933031875,0.0,354.0,9.18333333333,23.6989663402,2979636.61694,54754.8693,35.09140165,3.54767842268,1.25151126374,35482.0,43751.0,10532108.0,16611.0,14049.0,763956.550472,113736.0,1543400.0
1042,2012-12-31,13.59,10613175.0,144233048.25,240534.2016,4255.0,0.0938529345238,0.0,261.0,8.28333333333,24.8839146572,2979636.61694,57431.34,26.99566664,2.32001647907,1.67790522379,29019.0,34228.0,10566336.0,12793.0,13977.0,1167821.54935,182154.0,2475471.0
1043,2013-01-01,13.561,10617275.0,143980866.275,423976.4738,4267.0,0.0783719939024,0.0,243.0,10.0833333333,24.2914404987,2979636.61694,55912.003,23.37476946,3.48832756679,1.95359898672,26713.0,28620.0,10594956.0,13424.0,11589.0,1526842.03422,118194.0,1602831.0
1044,2013-01-02,13.4,10621175.0,142323745.0,269953.125,4284.0,0.110256173077,0.0,244.0,9.3,23.1064921817,2979636.61694,52648.6,29.18198114,1.64469704479,1.35044887908,33739.0,38986.0,10633942.0,16176.0,14563.0,1942580.39418,238889.0,3201112.0
1045,2013-01-03,13.464,10625175.0,143057356.2,301483.8144,4301.0,0.10869891875,0.0,245.0,9.33333333333,23.6989663402,2979636.61694,54327.24,35.68268787,2.55407027904,1.3118402434,38262.0,41413.0,10675355.0,16404.0,16570.0,1638132.31244,157983.0,2127085.0
1046,2013-01-04,13.48986,10628700.0,143379674.982,457212.9306,4323.0,0.157862460993,0.0,323.0,10.6833333333,20.8847140873,2979636.61694,48118.33062,42.89840546,1.65793853907,0.963793026079,37428.0,49926.0,10725281.0,17256.0,17303.0,2368655.15385,215147.0,2902299.0
1047,2013-01-05,13.548,10632425.0,144048093.9,363531.7902,4339.0,0.110870355705,0.0,352.0,8.7,22.0696624043,2979636.61694,50872.74,30.06402764,1.91493486821,1.30674115743,41926.0,38931.0,10764212.0,17789.0,17912.0,2270235.33094,196090.0,2656630.0
1048,2013-01-06,13.52999,10635975.0,143904635.39,190924.327,4353.0,0.104973640845,0.0,451.0,11.0833333333,21.0328326269,2979636.61694,48532.07413,37.02643176,2.52118335037,1.4059524937,33185.0,34519.0,10798731.0,14625.0,16256.0,1053569.59865,142274.0,1924972.0
1049,2013-01-07,13.535,10640150.0,144014430.25,435842.9376,4371.0,0.110019832335,0.0,393.0,8.46666666667,24.7357961176,2979636.61694,56968.815,34.80264212,2.51933876217,1.39424412628,39233.0,40860.0,10839591.0,18091.0,19694.0,1302255.39982,167068.0,2261261.0
1050,2013-01-08,13.83,10643750.0,147203062.5,712505.7366,4387.0,0.117021131944,0.0,383.0,9.66666666667,23.2611819868,3249549.58449,50189.07,29.80098536,1.52845995023,1.41817095225,36996.0,35390.0,10874981.0,17259.0,19039.0,2088660.78936,237429.0,3283637.0
1051,2013-01-09,13.87998,10647100.0,147781535.058,481692.0961,4407.0,0.153876425373,0.0,284.0,11.4166666667,21.6458221266,3249549.58449,46955.97234,33.87855401,1.3024441215,1.0835576864,40935.0,43335.0,10918316.0,18753.0,20013.0,1849614.70174,259742.0,3605220.0
1052,2013-01-10,14.32,10650750.0,152518740.0,841973.3432,4430.0,0.159160013699,0.0,359.0,8.96666666667,23.5842539589,3249549.58449,54444.64,152.17272586,1.66489629763,1.05937851458,43702.0,51393.0,10969709.0,18846.0,20918.0,1391896.02895,228363.0,3270152.0
1053,2013-01-11,14.29999,10653775.0,152348875.962,625634.061,4453.0,0.192758264463,0.0,424.0,11.95,19.5458543084,3249549.58449,43886.66931,44.13601946,1.44540020764,0.802873464381,48496.0,54662.0,11024371.0,21326.0,21290.0,1436539.47057,212329.0,3036299.0
1054,2013-01-12,14.34999,10656750.0,152924255.933,425231.6965,4473.0,0.170703571429,0.0,390.0,11.2833333333,19.2227823363,3249549.58449,43236.51987,38.36175715,1.74240789063,0.923147148988,37486.0,46836.0,11071207.0,16729.0,19571.0,1014169.554,172922.0,2481424.0
1055,2013-01-13,14.3148,10659800.0,152592905.04,580420.3602,4492.0,0.159675737705,0.0,407.0,12.2666666667,19.7073902944,3249549.58449,44161.158,35.86482633,1.84370741452,0.942869056515,40823.0,46837.0,11118044.0,17120.0,19463.0,936443.161091,167326.0,2395237.0
1056,2013-01-14,14.3,10663650.0,152490195.0,400256.3367,4512.0,0.13208025974,0.0,400.0,11.3166666667,24.876541847,3249549.58449,55555.5,35.47591933,2.16828790326,1.26841937031,32734.0,43799.0,11161843.0,11472.0,15352.0,868829.074467,179174.0,2562183.0
1057,2013-01-15,14.47899,10666825.0,154444852.507,831204.3663,4531.0,0.15530915748,0.0,315.0,12.55,20.5150702245,3249549.58449,46463.07891,34.17528217,1.35293113246,1.01774426456,46112.0,45653.0,11207496.0,18811.0,20996.0,1895510.47875,237189.0,3434253.0
1058,2013-01-16,14.689,10669900.0,156730161.1,778992.8328,4553.0,0.185484479675,0.0,283.0,11.5083333333,19.8689262804,3249549.58449,45756.235,40.03464889,1.30658451979,0.876606605744,45312.0,52197.0,11259693.0,20222.0,20702.0,2368253.17297,238408.0,3501973.0
1059,2013-01-17,15.39,10672975.0,164257085.25,1117514.2856,4574.0,0.175707439024,0.0,314.0,11.1666666667,19.8689262804,3249549.58449,47878.29,36.8345206,1.13259758547,0.997028175173,42042.0,48021.0,11307714.0,18114.0,20614.0,1902268.45756,274678.0,4227299.0
1060,2013-01-18,15.985,10676100.0,170657458.5,1029162.048,4598.0,0.192362024,0.0,360.0,13.2,20.1919982525,3249549.58449,50576.54,39.75901296,1.28858186461,0.993723278843,44445.0,50896.0,11358610.0,19684.0,21558.0,1579630.05577,245541.0,3924977.0
1061,2013-01-19,15.84304,10679625.0,169197726.06,578406.285,4622.0,0.175502588652,0.0,314.0,9.61666666667,22.7765740288,3249549.58449,56844.82752,63.02193154,2.12055932444,1.00690510176,38673.0,56455.0,11415065.0,17522.0,19903.0,1747204.61432,169201.0,2680653.0
1062,2013-01-20,15.89,10682925.0,169751678.25,474366.1575,4640.0,0.139318204545,0.0,331.0,8.98333333333,21.3227501546,3249549.58449,52961.37,33.70685415,2.70382014926,1.27200907868,34725.0,41636.0,11456701.0,15397.0,17811.0,1163691.83035,123270.0,1958761.0
1063,2013-01-21,16.98,10686575.0,181458043.5,1227581.0535,4658.0,0.12736519863,0.0,356.0,9.43333333333,23.5842539589,3249549.58449,62486.4,30.62610484,1.92276854564,1.51090262833,32882.0,41357.0,11498058.0,15108.0,17084.0,1125356.29495,191391.0,3249814.0
1064,2013-01-22,17.59,10689775.0,188033142.25,1170901.6218,4676.0,0.142759789063,0.0,351.0,11.4833333333,20.6766062105,3249549.58449,56798.11,29.87214152,1.22747922631,1.41292345581,37266.0,40199.0,11538257.0,17719.0,19972.0,1388005.27538,263059.0,4627216.0
1065,2013-01-23,17.5889,10693125.0,188080306.312,998108.432,4699.0,0.174310104478,0.0,353.0,10.0833333333,21.6458221266,3249549.58449,59714.3155,45.66376477,1.13117782401,1.23716650092,36782.0,48267.0,11586524.0,15664.0,16652.0,2199431.04517,300130.0,5278950.0
1066,2013-01-24,19.18999,10696825.0,205271964.782,3489818.1363,4722.0,0.158340560811,0.0,330.0,10.0333333333,23.9073259309,3249549.58449,71808.94258,42.78012497,1.15080481856,1.54073299247,39004.0,46607.0,11633131.0,18028.0,18426.0,1697409.19859,325164.0,6239889.0
1067,2013-01-25,18.8348,10700300.0,201538010.44,1488829.4472,4743.0,0.154846446043,0.0,315.0,11.55,20.5134284896,2968775.33208,66204.322,40.13334087,1.30876437924,1.43781783038,39799.0,46045.0,11679176.0,17666.0,18978.0,1850305.29818,268574.0,5058536.0
1068,2013-01-26,17.61926,10704050.0,188597440.003,669916.2714,4767.0,0.161965346667,0.0,242.0,9.46666666667,22.1367933341,2968775.33208,66917.94948,48.09323725,1.55010821058,1.25267595432,40491.0,53420.0,11732596.0,18247.0,18329.0,1390765.76783,245015.0,4316986.0
1069,2013-01-27,17.99999,10707850.0,192741192.921,527616.7337,4790.0,0.157115230263,0.0,370.0,8.43333333333,22.4319505785,2968775.33208,69245.96153,47.75957992,2.41529970867,1.29550357393,40004.0,53451.0,11786047.0,15128.0,18505.0,1225546.14617,159276.0,2866972.0
1070,2013-01-28,18.45,10711550.0,197628097.5,1207193.9555,4814.0,0.163484263514,0.0,365.0,8.75,21.8416360896,2968775.33208,69039.9,42.66449033,1.82150924144,1.31954473347,42353.0,52321.0,11838368.0,15506.0,18841.0,1664814.37977,205434.0,3790258.0
1071,2013-01-29,19.8,10715600.0,212168880.0,1887662.5944,4840.0,0.16213362963,0.0,340.0,9.5,23.9077368008,2968775.33208,81180.0,50.78193782,1.01591244544,1.51407202939,41643.0,53617.0,11891985.0,16885.0,20025.0,2197913.60868,403578.0,7990846.0
1072,2013-01-30,19.7,10719225.0,211168732.5,987231.4995,4861.0,0.145844917241,0.0,326.0,9.26666666667,21.398900223,2968775.33208,72180.8,39.13531897,1.23990570737,1.57565597031,36938.0,45810.0,11937795.0,15686.0,17036.0,2223436.63273,295506.0,5821475.0
1073,2013-01-31,21.43,10723975.0,229814784.25,2259602.8338,4882.0,0.115647942105,0.0,310.0,6.51666666667,28.0399382232,2968775.33208,102692.56,42.31036818,1.30174665074,2.22741107062,34477.0,46104.0,11983899.0,16186.0,16579.0,2389465.51608,368121.0,7888828.0
1074,2013-02-01,21.3,10727800.0,228502140.0,1164197.394,4907.0,0.166099045752,0.0,290.0,9.76666666667,22.5795292008,2968775.33208,82516.2,49.20923656,1.05512887534,1.45387624216,47420.0,56756.0,12040655.0,18874.0,21019.0,1815712.84113,367159.0,7820485.0
1075,2013-02-02,21.1,10731825.0,226441507.5,1722750.2276,4933.0,0.162435900621,0.0,393.0,8.63333333333,23.7601581786,2968775.33208,86066.9,54.79985834,1.25069065593,1.46287690791,45504.0,58834.0,12099489.0,17383.0,23238.0,1401641.50225,326140.0,6881550.0
1076,2013-02-03,20.68,10735950.0,222019446.0,801972.5148,4958.0,0.156754460606,0.0,433.0,9.1,24.3504726675,2968775.33208,86793.96,72.35764756,2.33604899697,1.54404682274,41758.0,56212.0,12155701.0,16161.0,21119.0,1430890.76319,179662.0,3715417.0
1077,2013-02-04,21.05,10740350.0,226084367.5,1198782.5746,4983.0,0.147602426136,0.0,373.0,8.81666666667,25.973837512,2968775.33208,93609.35,47.3593669,2.38138250786,1.62855514962,41685.0,57480.0,12213181.0,17821.0,22999.0,1808986.76272,186740.0,3930883.0
1078,2013-02-05,20.79,10744650.0,223381273.5,695043.9712,5006.0,0.13777827907,0.0,349.0,9.26666666667,28.0057671748,3275464.58657,90270.18,42.90852642,1.64462885793,1.68902946955,48193.0,53445.0,12266626.0,23359.0,21471.0,2019250.36334,264011.0,5488787.0
1079,2013-02-06,21.3339,10748500.0,229307424.15,1255853.6144,5026.0,0.130097142857,0.0,370.0,9.5,25.0749310751,3275464.58657,82839.5337,33.47964254,1.37745141284,1.8497986669,42634.0,44783.0,12311409.0,19299.0,21286.0,1924319.45318,281897.0,6013971.0
1080,2013-02-07,22.15,10752200.0,238161230.0,1592660.939,5051.0,0.174333074324,0.0,411.0,9.76666666667,24.0979857086,3275464.58657,82951.75,45.37600821,1.38981361438,1.42492055312,44112.0,58215.0,12369624.0,20178.0,22666.0,1741181.15243,269461.0,5968552.0
1081,2013-02-08,22.15,10756000.0,238245400.0,1192051.616,5080.0,0.192904901316,0.0,365.0,11.55,24.7492826196,3275464.58657,85343.95,53.57266767,1.67963506531,1.29450233588,46037.0,65928.0,12435552.0,20369.0,24955.0,2048030.68695,229395.0,5081101.0
1082,2013-02-09,23.69997,10759400.0,254997457.218,982727.268,5102.0,0.166212477941,0.0,328.0,11.4833333333,22.1440949754,3275464.58657,81551.59677,41.81383069,1.93098542818,1.60386250457,39368.0,50847.0,12486399.0,18174.0,22707.0,1876122.14556,178199.0,4223315.0
1083,2013-02-10,23.61458,10763500.0,254175531.83,1423219.1435,5127.0,0.155541213415,0.0,326.0,8.68333333333,26.7031733527,3275464.58657,97835.20494,43.83953143,2.36407598089,1.70554547252,45554.0,57363.0,12543762.0,19316.0,24884.0,1492597.60509,175248.0,4138412.0
1084,2013-02-11,24.1955,10767475.0,260524441.363,864351.2284,5153.0,0.168617396226,0.0,270.0,8.96666666667,25.8890522139,3275464.58657,97362.692,49.32792778,2.19939070485,1.6548430696,41240.0,58835.0,12602597.0,17988.0,22734.0,1371392.95859,182960.0,4426803.0
1085,2013-02-12,25.76997,10771050.0,277569635.368,2176732.6504,5179.0,0.187207006993,0.0,270.0,11.4,23.2838645697,3275464.58657,93364.60131,48.61700477,1.32222721045,1.58645734669,41227.0,58851.0,12661448.0,18081.0,22579.0,1271739.57241,274007.0,7061162.0
1086,2013-02-13,26.09999,10774975.0,281226739.75,2488708.3392,5205.0,0.166736394904,0.0,287.0,9.56666666667,25.5634037584,3275464.58657,103773.56024,51.50697092,1.39435296341,1.80796474163,40152.0,57398.0,12718846.0,16313.0,20832.0,1270390.86348,285150.0,7442417.0
1087,2013-02-14,26.53092,10779075.0,285978776.499,4124577.6264,5229.0,0.152309335366,0.0,334.0,7.65,26.7031733527,3275464.58657,110076.78708,49.49477446,1.59258072184,2.04417513937,39268.0,53849.0,12772695.0,16942.0,20882.0,1284821.73882,260521.0,6911850.0
1088,2013-02-15,26.99898,10783475.0,291142825.855,1576567.993,5256.0,0.154962659091,0.0,333.0,7.96666666667,28.6570640858,3275464.58657,120226.45794,53.36447438,1.29253789043,2.09071311955,39955.0,57505.0,12830200.0,17649.0,21725.0,1569728.2847,344516.0,9301581.0
1089,2013-02-16,27.07009,10788200.0,292037544.938,664307.0038,5279.0,0.124168867725,0.0,299.0,7.7,30.7737790467,3275464.58657,129340.89002,53.91976276,2.71877744318,2.52530145691,37901.0,51218.0,12881418.0,15330.0,19810.0,1236901.97738,175741.0,4757318.0
1090,2013-02-17,25.6083,10792850.0,276386540.655,2298825.745,5302.0,0.126254430108,0.0,365.0,7.55,30.2853063634,3275464.58657,120333.4017,49.1021201,1.98321908695,2.38756749405,36500.0,50400.0,12931818.0,14033.0,19041.0,1025415.92635,236938.0,6067580.0
1091,2013-02-18,26.81565,10796875.0,289525221.094,920305.881,5323.0,0.134838795031,0.0,366.0,9.26666666667,29.2203363858,3651011.63069,108978.8016,39.08462929,1.67710187635,2.35283910359,36918.0,46318.0,12978136.0,16973.0,20468.0,1349064.9556,242323.0,6498043.0
1092,2013-02-19,28.78999,10801025.0,310961401.74,3177223.4228,5348.0,0.153499506024,0.0,352.0,7.8,30.1278002487,3651011.63069,120917.958,50.51556581,1.71443113141,2.1748616497,39259.0,55598.0,13033734.0,17047.0,21722.0,1309651.24458,244979.0,7052949.0
1093,2013-02-20,29.81231,10805350.0,322132443.859,1255700.1968,5375.0,0.16021500578,0.0,334.0,8.53333333333,31.3982496568,3651011.63069,130369.23163,48.65658234,1.49953605154,2.26284400448,39597.0,57613.0,13091347.0,18258.0,21029.0,1297382.48843,291624.0,8693971.0
1094,2013-02-21,29.80012,10810275.0,322147492.233,1191756.7704,5402.0,0.13930684264,0.0,400.0,7.4,35.7540761988,3651011.63069,148166.19664,47.39446,1.96245028291,2.51146173707,42228.0,58996.0,13150343.0,17339.0,20728.0,1107815.60855,253357.0,7550061.0
1095,2013-02-22,30.901,10814300.0,334172684.3,2324984.6744,5428.0,0.165326198758,0.0,310.0,10.2833333333,29.2203363858,3651011.63069,126106.981,56.97276299,1.57947265935,2.14030857094,43549.0,58920.0,13209263.0,18252.0,20701.0,1477965.6139,258377.0,7984119.0
1096,2013-02-23,29.27998,10818350.0,316761071.633,2323418.9142,5455.0,0.171152006173,0.0,356.0,8.01666666667,29.4018291584,3651011.63069,120018.63802,49.74906996,1.74637439004,2.02099211969,41330.0,59386.0,13268649.0,17279.0,22080.0,1352726.48606,234715.0,6872446.0
1097,2013-02-24,30.29777,10822450.0,327896100.937,791910.7875,5480.0,0.153016347561,0.0,416.0,8.41666666667,29.7648147036,3651011.63069,125614.55442,46.36386186,1.47445501852,2.17345020192,41919.0,57795.0,13326444.0,16568.0,18253.0,1587736.62832,281189.0,8519389.0
1098,2013-02-25,30.25001,10827325.0,327526689.523,890787.5352,5509.0,0.153000748718,0.0,404.0,6.18333333333,35.3910906536,3651011.63069,149404.79939,64.694706,1.59827882834,2.29275058913,43083.0,65164.0,13391608.0,18098.0,22412.0,1901371.97163,309020.0,9347856.0
1099,2013-02-26,31.179,10831200.0,337705984.8,1531583.034,5536.0,0.179643916129,0.0,326.0,9.0,28.1313797503,3651011.63069,122502.291,54.54951162,1.43935839696,1.97568407387,45961.0,62005.0,13453613.0,19601.0,23704.0,1573298.69632,272969.0,8510896.0
1100,2013-02-27,31.40181,10836275.0,340278648.658,1177542.2568,5564.0,0.142206527094,0.0,367.0,6.23333333333,36.8430328343,3651011.63069,160997.07987,52.05842396,2.31346381279,2.55745774352,44197.0,62952.0,13516565.0,18868.0,24083.0,1642449.47612,221616.0,6959135.0
1101,2013-02-28,33.50001,10840550.0,363158533.406,4512572.8263,5592.0,0.16660994152,0.0,373.0,8.25,31.0352641116,3651011.63069,145256.04336,61.69368024,1.44739494136,2.38151990163,43778.0,60993.0,13577558.0,19200.0,24078.0,1331847.07523,299573.0,10035688.0
1102,2013-03-01,34.87799,10844500.0,378234362.555,1551053.6249,5622.0,0.194086126582,0.0,410.0,9.18333333333,34.3062704063,4367876.00084,140244.39779,71.21074427,1.26899507283,2.13147100612,51127.0,65797.0,13643355.0,21567.0,25684.0,1621906.50871,316865.0,11051611.0
1103,2013-03-02,34.1808,10848250.0,370801863.6,1347223.0344,5650.0,0.18938842,0.0,410.0,9.4,32.5692440566,4367876.00084,130023.7632,54.50251001,1.49423199233,2.14351972832,40918.0,60659.0,13704014.0,17227.0,21806.0,1676548.77897,254579.0,8701712.0
1104,2013-03-03,34.10007,10852050.0,370055664.643,502941.2404,5672.0,0.150974157895,0.0,443.0,7.86666666667,33.003500644,4367876.00084,130978.36887,41.44089193,3.34636214329,2.63904351857,34273.0,49631.0,13753645.0,12300.0,17628.0,1033499.40966,114781.0,3914052.0
1105,2013-03-04,36.35,10856425.0,394631048.75,2018751.0398,5701.0,0.169243765714,0.0,280.0,7.01666666667,37.9974513994,4367876.00084,160957.8,53.43016694,2.28671412379,2.5049068584,40375.0,64257.0,13817902.0,15604.0,21493.0,938719.590433,193640.0,7038825.0
1106,2013-03-05,40.04,10860175.0,434841407.0,3748440.9072,5727.0,0.17958524,0.0,385.0,8.61666666667,32.5692440566,4367876.00084,152192.04,51.15126817,1.3146216078,2.71582362283,45553.0,56039.0,13873941.0,19608.0,25748.0,1851112.58172,289133.0,11576870.0
1107,2013-03-06,47.5,10864225.0,516050687.5,6397899.5898,5758.0,0.194243271605,0.0,363.0,8.66666666667,35.1747835811,4367876.00084,195225.0,60.59100527,1.18311251637,2.93849812604,52412.0,66437.0,13940378.0,22628.0,28762.0,2208007.59279,347389.0,16500967.0
1108,2013-03-07,42.49271,10868025.0,461811834.598,7293703.9309,5788.0,0.199694032895,0.0,376.0,9.33333333333,33.003500644,4367876.00084,168186.14618,158.50149922,1.18135118756,2.69429771366,51281.0,62423.0,14002801.0,21927.0,28025.0,1653013.75407,335040.0,14236761.0
1109,2013-03-08,42.98,10871675.0,467264591.5,2271675.174,5818.0,0.206946280822,0.0,364.0,10.5833333333,31.7007308818,4367876.00084,159240.9,55.6880887,1.55697065586,2.45689048662,48391.0,64814.0,14067615.0,20934.0,25101.0,1504043.04232,237962.0,10227611.0
1110,2013-03-09,46.01112,10875925.0,500413490.286,2264404.3504,5840.0,0.131153882353,0.0,318.0,10.1666666667,36.9118099308,4367876.00084,197341.69368,39.84122112,2.63082028547,4.13965919909,41355.0,47671.0,14115286.0,17139.0,22343.0,874958.378145,163029.0,7501147.0
1111,2013-03-10,46.5,10880550.0,505945575.0,1871652.692,5873.0,0.179255540541,0.0,353.0,7.11666666667,40.1687343365,4367876.00084,218038.5,64.60075075,3.12341828544,3.05675732511,45331.0,71330.0,14186616.0,21266.0,22767.0,1273495.25877,150124.0,6980765.0
1112,2013-03-11,47.7397,10885200.0,519656182.44,2298164.6666,5905.0,0.173652021505,0.0,246.0,6.9,40.3858626302,4367876.00084,224663.0282,56.8499929,2.47397600094,3.32292601982,42498.0,67610.0,14254226.0,16740.0,22597.0,1090979.46154,190220.0,9081051.0
1113,2013-03-12,45.01771,10888150.0,490159579.137,8779856.157,5926.0,0.179143491525,0.0,168.0,12.4666666667,25.6211386579,4367876.00084,135053.13,50.36590821,1.25193390377,3.04105224049,39137.0,44410.0,14298636.0,16281.0,21712.0,1280750.73856,239629.0,10787561.0
1114,2013-03-13,46.79999,10892000.0,509745491.08,2668790.2528,5952.0,0.174218155844,0.0,220.0,8.71666666667,33.4377572314,4367876.00084,183128.36087,63.01622716,1.41848545747,3.25984585987,54264.0,56177.0,14354813.0,21149.0,25223.0,1598992.55008,275858.0,12910133.0
1115,2013-03-14,47.27589,10896625.0,515147644.871,2055387.0964,5980.0,0.151476254054,0.0,247.0,7.93333333333,44.5809016947,4847647.15207,221251.1652,55.59309207,1.96866239849,3.76072826353,47557.0,58832.0,14413645.0,20098.0,26536.0,1278859.21725,237725.0,11238654.0
1116,2013-03-15,47.25005,10900875.0,515066888.794,1111936.7388,6008.0,0.167441294118,0.0,227.0,8.45,40.9662339897,4847647.15207,203742.2156,62.68231527,1.90637077513,3.39208536894,51067.0,60064.0,14473709.0,21347.0,24615.0,4072067.00606,226189.0,10687439.0
1117,2013-03-16,47.11,10905275.0,513747505.25,906857.6236,6030.0,0.126131267045,0.0,241.0,7.35,42.4121010717,4847647.15207,209027.07,37.94693049,2.77026294422,4.821958292,42592.0,43349.0,14517058.0,18570.0,22718.0,3481094.35017,160165.0,7545387.0
1118,2013-03-17,47.4419,10910350.0,517607733.665,836863.2785,6046.0,0.0795039704433,0.0,267.0,5.9,48.9185029407,4847647.15207,242238.3414,31.01708237,3.85410996545,7.09045607657,41008.0,34164.0,14551222.0,17059.0,21487.0,990629.708484,132482.0,6285195.0
1119,2013-03-18,47.65,10914825.0,520091411.25,3748819.5906,6064.0,0.104150463687,0.0,276.0,6.55,43.1350346127,4847647.15207,214949.15,36.37341092,2.29675720931,5.45680866188,42920.0,39391.0,14590613.0,19061.0,22348.0,1640629.40436,196407.0,9358810.0
1120,2013-03-19,57.76,10919750.0,630724760.0,7148213.6865,6087.0,0.121483598985,0.0,229.0,6.3,47.4726358587,4847647.15207,287529.28,53.53768945,1.53114203261,5.90348588441,52355.0,48705.0,14639318.0,24469.0,26795.0,3904974.87728,325117.0,18778746.0
1121,2013-03-20,63.40967,10924425.0,692714184.19,6532515.9765,6107.0,0.108518026738,0.0,375.0,6.75,45.0628573887,4847647.15207,298596.13603,34.14708481,1.61765922579,7.01275596022,49153.0,42579.0,14681897.0,22659.0,25709.0,1907336.62961,291100.0,18458531.0
1122,2013-03-21,73.8,10930000.0,806634000.0,7709065.1822,6133.0,0.118024309417,0.0,302.0,5.35,53.7380598807,4847647.15207,414829.8,46.79446898,2.01611248766,7.70486255572,51230.0,53840.0,14735737.0,23501.0,26846.0,1692764.3183,278804.0,20575727.0
1123,2013-03-22,71.5,10935625.0,781897187.5,5875622.994,6162.0,0.131756475556,0.0,412.0,5.85,54.2200155747,4847647.15207,406763.5,64.6326007,1.86578953867,6.76484724509,58318.0,60129.0,14795866.0,26754.0,29522.0,1872881.84904,304911.0,21801146.0
1124,2013-03-23,63.0,10940875.0,689275125.0,10504089.375,6191.0,0.140408995238,0.0,319.0,6.15,50.6053478697,4847647.15207,334656.0,62.01260975,2.2068126656,5.7697320782,50716.0,58002.0,14853868.0,22002.0,25418.0,1496233.09781,240709.0,15164676.0
1125,2013-03-24,70.1,10946300.0,767335630.0,3345604.4686,6215.0,0.111477041475,0.0,363.0,5.2,72.2287385885,6695826.2826,382956.3,38.61417031,3.00443803778,7.68463900148,57950.0,49834.0,14903702.0,24811.0,25082.0,1082056.08028,181831.0,12746354.0
1126,2013-03-25,73.88798,10949700.0,809051214.606,6785646.563,6239.0,0.181866441176,0.0,360.0,7.08333333333,45.2677808665,6695826.2826,254691.86706,47.36378797,1.22888936368,4.99288128168,51092.0,51011.0,14954713.0,25336.0,26853.0,1428160.79191,280497.0,20725370.0
1127,2013-03-26,78.0,10953600.0,854380800.0,5189443.5918,6263.0,0.155586192308,0.0,283.0,7.06666666667,51.9248074646,6695826.2826,307554.0,43.96831871,1.47833457485,6.5094926662,56598.0,47247.0,15001960.0,24343.0,26456.0,1381606.5927,266719.0,20804086.0
1128,2013-03-27,88.9,10956750.0,974055075.0,7075844.0416,6287.0,0.192130857143,0.0,240.0,9.76666666667,41.9392675675,6695826.2826,285191.2,58.81127579,1.25333920185,5.48518454407,56615.0,51993.0,15053953.0,27647.0,29696.0,3055075.43613,255956.0,22754510.0
1129,2013-03-28,93.56701,10961225.0,1025609049.19,14010359.883,6316.0,0.16750172067,0.0,344.0,6.5,59.5803880523,6695826.2826,422922.8852,45.41463054,1.52711000282,7.39763661361,65540.0,57170.0,15111123.0,33459.0,32069.0,1882944.37335,295984.0,27694330.0
1130,2013-03-29,89.05,10965775.0,976502263.75,8234446.3261,6349.0,0.182043873626,0.0,366.0,6.75,60.578942042,6695826.2826,411945.3,76.29513174,1.49951879156,6.22226871082,69638.0,66205.0,15177328.0,30749.0,33999.0,1552824.38049,308499.0,27471833.0
1131,2013-03-30,90.99999,10969925.0,998263065.301,3806444.8435,6377.0,0.172654662651,0.0,431.0,7.31666666667,55.2533207636,6695826.2826,381744.95805,45.94568999,1.69652218521,6.38508301219,60390.0,59787.0,15237115.0,27579.0,31899.0,1765378.99258,247271.0,22501619.0
1132,2013-03-31,92.50001,10973850.0,1015081234.74,2292098.7824,6406.0,0.186082242038,0.0,389.0,7.71666666667,52.2576587945,6695826.2826,368057.53979,54.29219339,2.96701357637,8.25500246243,49192.0,44586.0,15281701.0,19367.0,25341.0,1559233.9022,134108.0,12404983.0
1133,2013-04-01,102.51001,10979300.0,1125488152.79,10645004.2216,6433.0,0.126229844037,0.0,340.0,5.76666666667,72.5615899184,6695826.2826,564112.58503,53.03664377,2.97535063601,10.7513500358,55367.0,52469.0,15334170.0,22408.0,26469.0,1340646.51759,184953.0,18959533.0
1134,2013-04-02,108.73,10983675.0,1194254982.75,10613102.4144,6463.0,0.174782565714,0.0,363.0,7.38333333333,58.2489827327,6695826.2826,481891.36,57.61575904,1.09215604978,7.99580805734,70819.0,60268.0,15394438.0,31282.0,33121.0,2511772.57462,405803.0,44122940.0
1135,2013-04-03,138.79,10988125.0,1525041868.75,23873437.437,6495.0,0.183149230337,0.0,375.0,6.78333333333,59.2475367224,6695826.2826,627608.38,72.7152671,1.16822688286,9.63003099491,85804.0,65172.0,15459610.0,35162.0,34926.0,2426363.03691,387082.0,53723159.0
1136,2013-04-04,131.99899,10992125.0,1450949397.95,13420075.1127,6530.0,0.2200245875,0.0,365.0,7.68333333333,53.2562127842,6695826.2826,538423.88021,79.62487035,1.10786475974,7.79782007024,86046.0,69048.0,15528658.0,37870.0,35640.0,2285305.00319,368186.0,48600145.0
1137,2013-04-05,143.8,10995725.0,1581185255.0,11616372.8302,6557.0,0.191113631944,0.0,374.0,7.58333333333,54.9254728655,7672999.92016,525157.6,52.66033205,1.49678152467,9.3672761001,82343.0,56063.0,15584721.0,35319.0,33985.0,2277775.25752,243990.0,35085788.0
1138,2013-04-06,142.49765,10999925.0,1567463462.68,3866342.6784,6584.0,0.164583077381,0.0,412.0,5.78333333333,64.0797183431,7672999.92016,604475.0313,42.12188594,2.22522102724,10.5677453024,68732.0,57200.0,15641921.0,28056.0,30325.0,1383020.59815,190633.0,27164719.0
1139,2013-04-07,160.0997,11003975.0,1761733096.31,11693075.2323,6616.0,0.198919969136,0.0,349.0,7.38333333333,61.7911569737,7672999.92016,656408.77,50.70171294,2.47128179846,11.1596186671,74149.0,58820.0,15700741.0,25164.0,26547.0,1094580.44135,165906.0,26561470.0
1140,2013-04-08,184.0,11008200.0,2025508800.0,25152477.6132,6647.0,0.18655564497,0.0,348.0,6.46666666667,64.461145238,7672999.92016,786232.0,48.65175566,1.47551650923,12.3874586419,93700.0,63470.0,15764211.0,33728.0,34063.0,1371481.26994,289594.0,53285205.0
1141,2013-04-09,237.99,11012400.0,2620841076.0,27213298.866,6676.0,0.172773928571,0.0,327.0,7.75,64.0797183431,7672999.92016,1009791.57,43.21464562,1.23867043381,16.4383527324,85063.0,61429.0,15825640.0,41823.0,37538.0,1918801.68283,342545.0,81522215.0
1142,2013-04-10,198.0,11017000.0,2181366000.0,46785404.8914,6709.0,0.182286902174,0.0,345.0,7.35,70.1825486615,7672999.92016,924462.0,69.92445334,0.847603441872,13.4330427201,102016.0,68820.0,15894460.0,51455.0,42548.0,2294955.68326,550847.0,109067750.0
1143,2013-04-11,123.40098,11021100.0,1360014540.68,28882031.451,6743.0,0.209966926829,0.0,359.0,7.36666666667,62.5540107635,7672999.92016,513594.87876,62.23017998,0.622188075328,7.5835345701,100830.0,67725.0,15962185.0,49131.0,43206.0,2929384.83997,668930.0,82546564.0
1144,2013-04-12,76.488,11025425.0,843312707.4,55774375.0509,6773.0,0.17369300578,0.0,336.0,6.8,65.9868528176,7672999.92016,335017.44,55.21363942,0.896491811717,5.5471055551,87352.0,60395.0,16022580.0,38328.0,34919.0,2005155.97414,488571.0,37369827.0
1145,2013-04-13,109.49999,11029400.0,1207719189.71,31251771.8695,6797.0,0.156584540881,0.0,322.0,7.41666666667,60.646876289,7672999.92016,440080.45981,44.43812922,1.37773971853,7.94928667853,72076.0,55361.0,16077941.0,30827.0,30652.0,1511454.66735,291710.0,31942206.0
1146,2013-04-14,91.0,11033475.0,1004046225.0,18178710.1419,6822.0,0.159213159509,0.0,462.0,7.95,62.1725838686,7672999.92016,375375.0,50.74181733,2.229994935,7.0272572402,57080.0,53417.0,16131358.0,23968.0,25793.0,812695.555061,184978.0,16832998.0
1147,2013-04-15,91.0,11037475.0,1004410225.0,24936401.4492,6848.0,0.16762768125,0.0,331.0,7.08333333333,61.0283031839,7672999.92016,370916.0,76.63350621,1.78862500827,6.71815399105,80731.0,55211.0,16186569.0,26933.0,27825.0,871408.532465,227885.0,20737494.0
1148,2013-04-16,91.0,11042050.0,1004826550.0,43716430.8802,6879.0,0.171350699454,0.0,259.0,6.85,69.8011217666,7672999.92016,420602.0,47.7076591,0.838311181708,6.39241910725,79311.0,65797.0,16252366.0,33725.0,32394.0,1795688.62981,551347.0,50172538.0
1149,2013-04-17,85.59999,11046225.0,945556749.538,33633391.131,6906.0,0.163409173653,0.0,288.0,6.95,74.5011506642,8974296.01489,362002.35771,54.86451829,1.32438410135,6.44545185012,84698.0,56164.0,16308530.0,33619.0,30703.0,1364790.98045,319318.0,27333638.0
1150,2013-04-18,96.5,11050300.0,1066353950.0,20205021.906,6930.0,0.150081582822,0.0,360.0,9.25,72.7166919657,8974296.01489,400475.0,75.99131193,1.57685467746,7.6128694991,72737.0,52605.0,16361135.0,28920.0,25452.0,6165997.45685,263182.0,25397077.0
1151,2013-04-19,119.62,11053425.0,1322210698.5,37320632.2794,6958.0,0.229030776,0.0,388.0,8.76666666667,55.7643343295,8974296.01489,380032.74,52.32051628,1.15590336537,6.56780222249,87326.0,57863.0,16418998.0,35933.0,32209.0,2035030.28971,274850.0,32877553.0
1152,2013-04-20,123.86,11057050.0,1369526213.0,11246400.795,6981.0,0.158832289655,0.0,384.0,8.06666666667,64.6866278222,8974296.01489,454813.92,47.63908441,2.123229527,9.47213262246,61190.0,48016.0,16467014.0,26957.0,23348.0,1073892.02793,172944.0,21420855.0
1153,2013-04-21,125.0,11061400.0,1382675000.0,16257302.8523,7003.0,0.129583402299,0.0,328.0,7.01666666667,77.6239533867,8974296.01489,547875.0,33.70386177,2.87881151873,12.1334765469,59238.0,45154.0,16512168.0,24533.0,23140.0,1013491.40385,152250.0,19031291.0
1154,2013-04-22,123.515,11065450.0,1366749056.75,9129724.5555,7025.0,0.139890253086,0.0,303.0,7.31666666667,72.2705772911,8974296.01489,505793.925,45.88692146,2.63625103217,10.8221307529,77777.0,46737.0,16558905.0,27512.0,25380.0,1532386.05078,155334.0,19186106.0
1155,2013-04-23,136.08099,11069425.0,1506338312.73,19094278.085,7051.0,0.168084584906,0.0,245.0,7.36666666667,70.9322332672,8974296.01489,546637.33683,42.08181801,2.25312021256,9.53925270191,72900.0,57304.0,16616209.0,31495.0,28351.0,1578962.34682,178286.0,24261348.0
1156,2013-04-24,153.20019,11073800.0,1696508264.02,41383168.1575,7086.0,0.20045084,0.0,276.0,6.61666666667,78.0700680613,8974296.01489,682353.64626,79.62969215,1.77848358552,10.0372693692,85420.0,67982.0,16684191.0,33712.0,30364.0,2091426.70458,250438.0,38367160.0
1157,2013-04-25,151.12001,11077775.0,1674073468.78,32191640.52,7115.0,0.186744742138,0.0,327.0,7.48333333333,70.9322332672,8974296.01489,608258.04025,50.77780195,1.55902271202,9.93658379211,73729.0,61214.0,16745405.0,31457.0,31068.0,1745107.96885,258175.0,39015342.0
1158,2013-04-26,135.601,11082075.0,1502740452.08,20578994.275,7142.0,0.15905522093,0.0,357.0,6.4,76.7317240374,8974296.01489,589864.35,50.84713758,1.72254533534,10.4339828065,74621.0,56533.0,16801938.0,28632.0,29410.0,1223971.53815,252533.0,34243763.0
1159,2013-04-27,128.00001,11086050.0,1419014510.86,9815661.9,7165.0,0.148058572327,0.0,397.0,7.2,70.9322332672,8974296.01489,514176.04017,42.57794746,1.81696987931,10.6399594448,62711.0,48325.0,16850263.0,24689.0,25672.0,893994.838996,221082.0,28298545.0
1160,2013-04-28,135.98999,11090225.0,1508159586.85,4992243.921,7186.0,0.126539065868,0.0,379.0,7.95,74.5011506642,8974296.01489,572109.88793,32.57042361,2.53089417969,13.9586660794,107554.0,40986.0,16891249.0,22796.0,22880.0,617354.607989,166226.0,22605050.0
1161,2013-04-29,141.50002,11094750.0,1569907346.89,12886063.4124,7211.0,0.14012601105,0.0,313.0,6.35,80.7467561091,8974296.01489,645240.0912,35.83009291,1.5661399959,12.9024793777,73687.0,50009.0,16941258.0,27314.0,24458.0,897729.201895,291162.0,41199388.0
1162,2013-04-30,139.109,11098475.0,1543897758.78,11520673.4406,7238.0,0.185538865772,0.0,320.0,7.76666666667,74.6333901792,10076292.8834,525692.911,54.59361391,1.62779327781,10.7734995594,60887.0,48795.0,16990053.0,25564.0,23909.0,1785923.38873,232155.0,32294820.0
1163,2013-05-01,124.2998,11102000.0,1379976379.6,27231236.2233,7261.0,0.167729950355,0.0,314.0,8.0,70.6262282904,10076292.8834,442507.288,35.90344815,1.34138871984,8.77346567004,61672.0,50437.0,17040490.0,24530.0,25191.0,1233492.0586,265397.0,32988744.0
1164,2013-05-02,105.00003,11105600.0,1166088333.17,30687919.9965,7288.0,0.189949277778,0.0,336.0,7.86666666667,72.1289139987,10076292.8834,383775.10965,55.0843293,1.16228555235,6.70021840235,67744.0,57278.0,17097768.0,27688.0,26396.0,1127675.26753,314467.0,33019004.0
1165,2013-05-03,93.15,11109275.0,1034828966.25,27972774.0495,7315.0,0.183841367347,0.0,290.0,8.8,73.631599707,10076292.8834,346890.6,49.20782248,0.99856336095,6.21011117277,70210.0,55859.0,17153627.0,26506.0,28639.0,912306.813074,372936.0,34738967.0
1166,2013-05-04,111.98979,11113125.0,1244556534.99,18189055.8656,7339.0,0.156481733766,0.0,399.0,7.23333333333,77.1378663597,10076292.8834,435864.26268,42.74796187,2.27738175917,9.0149592066,56115.0,48349.0,17201976.0,18242.0,22881.0,552714.557405,170898.0,19138832.0
1167,2013-05-05,117.89001,11116975.0,1310580293.92,11649114.6408,7363.0,0.157517538961,0.0,406.0,7.8,77.1378663597,10076292.8834,458356.35888,38.14591919,2.0767683663,9.27490153342,55974.0,49419.0,17251395.0,21113.0,25215.0,613475.062548,187214.0,22070654.0
1168,2013-05-06,120.94999,11121050.0,1345090886.29,21490110.0621,7389.0,0.160475509202,0.0,402.0,6.53333333333,81.6459234846,10076292.8834,498918.70875,50.99940307,1.52354360134,9.73613903579,64381.0,51244.0,17302639.0,24879.0,25369.0,794309.095708,270750.0,32747255.0
1169,2013-05-07,106.81,11125450.0,1188309314.5,18288870.5056,7418.0,0.167736460227,0.0,389.0,6.7,88.1575615539,10076292.8834,474770.45,45.04501941,0.974882718394,8.01773959301,89457.0,59215.0,17361854.0,27551.0,27772.0,1023330.9609,455952.0,48700263.0
1170,2013-05-08,113.95001,11129525.0,1268209485.05,8755455.5258,7443.0,0.153979337423,0.0,345.0,7.93333333333,81.6459234846,10076292.8834,469929.84124,49.35342081,1.2646612906,9.92271461053,95352.0,47359.0,17409213.0,25395.0,24770.0,806731.721056,326095.0,37158553.0
1171,2013-05-09,109.56154,11133675.0,1219822578.86,4178571.9885,7473.0,0.185624319277,0.0,430.0,6.78333333333,83.1486091929,10076292.8834,462130.57572,68.44017033,2.50721371402,6.96294373542,70728.0,66370.0,17475583.0,25416.0,25563.0,693721.255125,168235.0,18432038.0
1172,2013-05-10,117.68,11137850.0,1310702188.0,11305377.519,7505.0,0.196190101796,0.0,451.0,6.68333333333,83.649504429,10076292.8834,498374.8,60.18777245,2.12635990606,7.33583761426,72244.0,67937.0,17543520.0,25530.0,27758.0,914238.402404,199167.0,23437933.0
1173,2013-05-11,115.4,11142225.0,1285812765.0,4114061.0856,7538.0,0.192913994286,0.0,417.0,6.83333333333,87.6566663178,10076292.8834,512145.2,63.69813949,2.12766716318,7.27375656867,67240.0,70410.0,17613930.0,21238.0,23912.0,706784.944378,208585.0,24070739.0
1174,2013-05-12,114.32,11146675.0,1274287886.0,3081213.9625,7570.0,0.181253988764,0.0,378.0,6.81666666667,89.1593520261,10076292.8834,515468.88,59.03344042,2.11273362929,7.43607732256,61435.0,69320.0,17683250.0,19684.0,22304.0,613817.456838,213420.0,24398195.0
1175,2013-05-13,117.50298,11151175.0,1310296293.0,3968798.3286,7599.0,0.164610788889,0.0,353.0,6.61666666667,100.101885268,11187257.4614,535813.5888,60.08625448,1.73008536575,8.61575154848,65440.0,62190.0,17745440.0,23179.0,26175.0,995953.369658,263571.0,30970356.0
1176,2013-05-14,119.0,11154850.0,1327427150.0,12283271.0667,7628.0,0.201062353741,0.0,305.0,8.75,81.7498729686,11187257.4614,443751.0,54.66430818,1.87437801071,7.01172436677,68323.0,63287.0,17808727.0,26812.0,28026.0,778189.97234,198946.0,23674574.0
1177,2013-05-15,114.98499,11158525.0,1283062885.54,15504137.656,7659.0,0.212222204082,0.0,362.0,7.76666666667,81.7498729686,11187257.4614,428204.10276,49.64959569,1.29512526771,6.44778881149,70212.0,66411.0,17875138.0,28149.0,29067.0,825250.573498,287540.0,33062756.0
1178,2013-05-16,115.09024,11162150.0,1284654522.42,6501368.4656,7689.0,0.209041110345,0.0,366.0,7.88333333333,80.6376297989,11187257.4614,423762.26368,57.87351884,1.7106373307,6.99936018499,67246.0,60543.0,17935681.0,26773.0,26163.0,708868.277621,215241.0,24772186.0
1179,2013-05-17,124.49,11166175.0,1390077125.75,11635707.49,7718.0,0.180884925466,0.0,325.0,7.55,89.5355751561,11187257.4614,512027.37,88.4985171,2.29586530081,8.40822664871,64560.0,60896.0,17996577.0,26882.0,27892.0,751659.735726,179148.0,22302152.0
1180,2013-05-18,123.74995,11169850.0,1382268379.01,3592511.0812,7742.0,0.166721190476,0.0,340.0,8.19166666667,81.7498729686,11187257.4614,459607.3143,39.44980994,1.72426430539,8.84166277365,55716.0,51982.0,18048559.0,22985.0,25000.0,890106.519811,215396.0,26655270.0
1181,2013-05-19,121.05628,11173700.0,1352646555.84,3417224.632,7764.0,0.144291915584,0.0,340.0,8.73333333333,85.6427240623,11187257.4614,471151.04176,42.20084266,3.37578952281,10.0053311055,51111.0,47090.0,18095649.0,19778.0,21389.0,465511.572902,115292.0,13956766.0
1182,2013-05-20,122.65001,11177150.0,1370877559.27,2925957.2895,7786.0,0.166632369565,0.0,324.0,8.88333333333,76.7447787052,11187257.4614,429152.38499,49.07464086,2.91455355728,8.56711286986,56966.0,50093.0,18145742.0,22790.0,24621.0,469681.090151,120053.0,14724464.0
1183,2013-05-21,122.5,11180875.0,1369657187.5,2506085.6166,7812.0,0.179611758389,0.0,247.0,8.56666666667,82.8621161382,11187257.4614,461457.5,42.99289632,2.52868732683,8.44170752232,63976.0,54664.0,18200406.0,25688.0,27550.0,669674.33826,148971.0,18248895.0
1184,2013-05-22,122.64,11185025.0,1371731466.0,3576167.8848,7838.0,0.157968626506,0.0,304.0,8.03333333333,92.3161830802,11187257.4614,515701.2,55.07809707,3.04224438644,9.55338359793,65369.0,53981.0,18254387.0,26186.0,26379.0,761102.617926,138220.0,16951340.0
1185,2013-05-23,125.67,11189050.0,1406127913.5,4350902.206,7864.0,0.162886937888,0.0,340.0,7.73333333333,89.5355751561,11187257.4614,512482.26,53.41115964,2.96417485607,9.34777214359,65171.0,54824.0,18309211.0,27539.0,26529.0,669637.355513,137576.0,17289205.0
1186,2013-05-24,131.5,11193100.0,1471892650.0,8849327.648,7890.0,0.162237777778,0.0,326.0,7.96666666667,90.0916967409,11187257.4614,537966.5,41.98819177,2.93058599861,9.76239429463,67558.0,55106.0,18364317.0,28073.0,27073.0,733232.760889,139597.0,18356960.0
1187,2013-05-25,132.69,11197400.0,1485783006.0,3257942.661,7916.0,0.1556465,0.0,338.0,7.68333333333,103.913692158,12153411.7098,577864.95,55.98522589,1.78749889314,10.3493257038,60147.0,55836.0,18420153.0,23552.0,24840.0,865063.361449,243637.0,32328129.0
1188,2013-05-26,134.04701,11201425.0,1501517528.99,4004846.9424,7937.0,0.132647503106,0.0,309.0,9.46666666667,97.2680490551,12153411.7098,543560.62555,30.67004412,5.8321332467,13.6302471363,52307.0,39879.0,18460032.0,21292.0,21432.0,391310.153811,69529.0,9320100.0
1189,2013-05-27,132.60997,11205725.0,1485990856.08,7607801.691,7962.0,0.149877023256,0.0,264.0,7.61666666667,103.913692158,12153411.7098,576455.53959,47.80327835,4.78672439882,11.0058907457,59395.0,52377.0,18512409.0,23700.0,23397.0,504337.019136,90814.0,12042798.0
1190,2013-05-28,128.321,11209775.0,1438449537.78,4089359.7098,7987.0,0.160390160494,0.0,250.0,7.61666666667,97.8721984281,12153411.7098,526629.384,54.56592486,2.40750544798,9.55111509304,56871.0,55138.0,18567547.0,23738.0,24808.0,790756.391391,170467.0,21874484.0
1191,2013-05-29,129.97994,11213975.0,1457591797.66,4158931.1309,8013.0,0.157464892857,0.0,249.0,7.76666666667,101.497094666,12153411.7098,552544.72494,51.94317506,2.81231631283,10.0610849604,66689.0,54919.0,18622466.0,28087.0,27286.0,771923.007658,151157.0,19647318.0
1192,2013-05-30,130.99589,11218200.0,1469538093.2,4862725.4473,8040.0,0.165432449704,0.0,286.0,7.78333333333,102.101244039,12153411.7098,559483.44619,46.71194711,2.79777109044,9.78631181022,63212.0,57170.0,18679636.0,26318.0,26819.0,630011.588855,152657.0,19997470.0
1193,2013-05-31,127.34072,11222850.0,1429125799.45,3082378.1955,8067.0,0.14865483871,0.0,272.0,7.05,112.37178338,12153411.7098,598246.70256,48.95769767,2.76667265799,10.383343213,62386.0,57616.0,18737252.0,26691.0,25802.0,738730.71909,169807.0,21623328.0
1194,2013-06-01,129.19945,11227800.0,1450625584.71,1443343.692,8092.0,0.128308126263,0.0,314.0,6.56666666667,119.621575857,12153411.7098,644576.05605,39.3619438,5.20020053706,12.3034177524,59033.0,52390.0,18789642.0,24158.0,24682.0,499558.632543,95939.0,12395215.0
1195,2013-06-02,120.60293,11232900.0,1354720652.4,15111857.1422,8116.0,0.122370509804,0.0,337.0,6.9,123.246472095,12153411.7098,620381.47192,44.65643906,4.51771673804,12.1617194707,50677.0,51011.0,18840653.0,22684.0,24166.0,437429.079839,113863.0,13732191.0
1196,2013-06-03,120.00002,11238125.0,1348575224.76,5095106.6568,8141.0,0.122037995215,0.0,285.0,6.2,126.26721896,12153411.7098,632880.10548,49.50440017,2.92612962367,12.1595470619,58321.0,52048.0,18892701.0,24959.0,25241.0,643729.254666,180238.0,21628574.0
1197,2013-06-04,120.56663,11243375.0,1355575833.58,4027833.069,8169.0,0.134134280952,0.0,276.0,6.45,126.871368333,12153411.7098,640691.07182,64.89014237,2.4202601497,10.6572253205,63518.0,60118.0,18952819.0,27841.0,26266.0,730847.337379,219563.0,26471992.0
1198,2013-06-05,122.4051,11248425.0,1376864586.97,2955707.7165,8195.0,0.133270118812,0.0,235.0,6.06666666667,156.703562082,15605632.6813,625490.061,60.62469501,3.02876261785,11.3835161337,67477.0,54947.0,19007766.0,25027.0,25810.0,674394.727126,168716.0,20651670.0
1199,2013-06-06,120.68998,11252875.0,1358109258.69,3469280.9151,8221.0,0.148913949438,0.0,290.0,8.23333333333,138.085317082,15605632.6813,542260.08014,43.37307063,2.7925685591,9.69741550377,60098.0,55918.0,19063684.0,26401.0,26347.0,762431.292358,160891.0,19417968.0
1200,2013-06-07,110.29501,11256900.0,1241579898.07,10381120.9005,8247.0,0.161852807453,0.0,232.0,7.71666666667,124.897393541,15605632.6813,448349.21565,40.4846895,1.72243096571,8.25218044303,60504.0,54331.0,19118015.0,26978.0,26028.0,716027.769499,236004.0,26030025.0
1201,2013-06-08,107.8,11261100.0,1213946580.0,2949717.4382,8269.0,0.132591577381,0.0,224.0,6.7,130.327714999,15605632.6813,457611.0,45.68561726,3.05383320886,9.53892814708,51054.0,47973.0,19165988.0,23662.0,23477.0,428601.405288,139006.0,14984807.0
1202,2013-06-09,98.47045,11265275.0,1109296698.62,19289688.88,8290.0,0.130462568862,0.0,279.0,7.66666666667,129.551954791,15605632.6813,414659.06495,36.50155661,1.83084892033,8.9681221738,45062.0,46237.0,19212225.0,20904.0,20537.0,642064.629145,230003.0,22648459.0
1203,2013-06-10,104.96851,11269775.0,1182971489.79,8904894.1636,8309.0,0.109047827778,0.0,235.0,7.05,139.636837499,15605632.6813,475927.22434,34.19488951,2.82739337401,11.2231105112,48672.0,42406.0,19254631.0,20896.0,22061.0,491518.550798,160360.0,16832721.0
1204,2013-06-11,108.0,11274175.0,1217610900.0,2667019.4964,8332.0,0.130823715909,0.0,214.0,7.26666666667,136.533796666,15605632.6813,480276.0,47.23966648,3.07628946404,9.37892516794,57169.0,51208.0,19305839.0,23454.0,24000.0,569521.547653,144557.0,15612185.0
1205,2013-06-12,108.16201,11279175.0,1219978239.14,3196397.666,8353.0,0.10893709,0.0,281.0,6.43333333333,155.152041666,15605632.6813,545461.01643,43.47723521,2.89122216633,11.7513199136,52722.0,46417.0,19352256.0,21852.0,23534.0,600093.883646,174425.0,18866105.0
1206,2013-06-13,109.0,11284000.0,1229956000.0,4592100.0292,8373.0,0.104501145078,0.0,322.0,5.88333333333,149.721720207,15605632.6813,530067.0,38.93851606,3.62956030457,12.2411666898,53645.0,43302.0,19395558.0,22741.0,24381.0,533607.001973,133983.0,14604166.0
1207,2013-06-14,100.0,11288300.0,1128830000.0,5204513.424,8395.0,0.130880860465,0.0,375.0,7.76666666667,133.430755832,15605632.6813,433800.0,38.16991619,2.25656976348,9.01421328235,60855.0,48124.0,19443682.0,26342.0,23585.0,741296.841692,192239.0,19223868.0
1208,2013-06-15,101.96998,11292700.0,1151516393.15,2947662.7152,8414.0,0.109659568182,0.0,338.0,7.4,136.533796666,15605632.6813,452440.80126,37.25196643,3.16651632198,10.8940502579,52008.0,41531.0,19485213.0,21840.0,21033.0,509157.724804,140122.0,14288283.0
1209,2013-06-16,100.0,11297375.0,1129737500.0,1339124.8424,8432.0,0.0980069144385,0.0,306.0,6.51666666667,145.067158957,15605632.6813,470400.0,29.0746919,4.5473630268,11.7376983731,37955.0,40076.0,19525289.0,17372.0,19852.0,458689.591168,103445.0,10344457.0
1210,2013-06-17,100.52521,11301225.0,1136058016.38,2214316.1064,8451.0,0.127332474026,0.0,247.0,7.8,148.049400446,19339258.2724,390540.44085,35.05299427,3.2569740336,8.99883501578,45693.0,43399.0,19568688.0,20835.0,20885.0,557268.802313,119282.0,11990898.0
1211,2013-06-18,107.38999,11304875.0,1214030413.2,8427353.5444,8472.0,0.147116239726,0.0,230.0,8.9,140.358522501,19339258.2724,395839.50314,36.99237474,2.53635280602,8.4176396202,48967.0,47025.0,19615713.0,23077.0,23174.0,600799.737558,145327.0,15606642.0
1212,2013-06-19,107.835,11308000.0,1219398180.0,2898261.579,8493.0,0.171229704,0.0,286.0,12.1,120.169967895,19339258.2724,340866.435,36.13715542,2.27120602063,7.26747617423,55778.0,46903.0,19662616.0,25385.0,24698.0,639946.24255,139177.0,15008169.0
1213,2013-06-20,111.97,11311650.0,1266565450.5,6193938.1224,8515.0,0.155911547945,0.0,308.0,10.6666666667,140.358522501,19339258.2724,415632.64,62.60148592,2.49643202948,8.40680906149,54530.0,49440.0,19712056.0,26140.0,23576.0,664640.982155,148692.0,16649067.0
1214,2013-06-21,111.0,11315975.0,1256073225.0,6143518.4052,8540.0,0.146934861272,0.0,241.0,9.43333333333,166.315235566,19339258.2724,486180.0,55.51629176,2.39147894224,9.17424614107,58295.0,52994.0,19765050.0,26165.0,25085.0,808002.230281,183150.0,20329679.0
1215,2013-06-22,109.09,11320275.0,1234928799.75,1636878.477,8560.0,0.116584616279,0.0,281.0,7.95,165.353875823,19339258.2724,473996.05,45.58428107,4.07056346173,11.1342474924,49708.0,42571.0,19807621.0,21857.0,21186.0,453784.512603,106742.0,11644483.0
1216,2013-06-23,107.68389,11324675.0,1219485056.99,1807671.082,8578.0,0.104246431818,0.0,287.0,8.71666666667,169.199314796,19339258.2724,478116.4716,40.63780671,4.30384648854,11.7664141261,41462.0,40634.0,19848255.0,18203.0,19398.0,363194.718085,103164.0,11109050.0
1217,2013-06-24,101.96936,11328250.0,1155134402.42,4587198.296,8597.0,0.132941447552,0.0,242.0,10.0833333333,137.474443272,19339258.2724,368313.32832,37.82404209,2.30343274581,8.99136606987,48326.0,40963.0,19889218.0,21748.0,21756.0,519400.881322,156809.0,15989758.0
1218,2013-06-25,103.86665,11331950.0,1177011684.47,10765750.287,8617.0,0.139011668919,0.0,201.0,7.91666666667,142.281241987,19339258.2724,388045.8044,36.22112769,2.57073193821,8.5120164166,50770.0,45588.0,19934806.0,24782.0,24165.0,729778.864356,145328.0,15094760.0
1219,2013-06-26,104.40565,11336675.0,1183612922.21,1952325.0957,8637.0,0.108752624339,0.0,222.0,7.25,181.696991457,19339258.2724,497284.11095,38.21914872,3.02172294589,10.9110959924,54518.0,45576.0,19980382.0,26087.0,24111.0,647186.410645,157625.0,16456972.0
1220,2013-06-27,102.79001,11340825.0,1165723515.16,2158332.4707,8658.0,0.131536753012,0.0,275.0,8.61666666667,159.585717364,19339258.2724,429970.61183,33.13590698,3.00671389674,9.18799520974,51936.0,46797.0,20027179.0,24892.0,23576.0,595242.990964,139122.0,14300350.0
1221,2013-06-28,96.63498,11345025.0,1096326263.97,6882181.4474,8680.0,0.133115309524,0.0,202.0,7.61666666667,161.50843685,19339258.2724,410408.76006,47.29444705,2.49525390987,8.49285572511,53524.0,48324.0,20075503.0,26147.0,23921.0,582637.004606,170203.0,16447575.0
1222,2013-06-29,95.85301,11349050.0,1087840603.14,3143678.5308,8698.0,0.116254937888,0.0,203.0,8.61666666667,170.754179026,21335329.114,388204.6905,25.79585074,2.99428702499,9.96086240474,55499.0,38973.0,20114476.0,23586.0,21823.0,599896.387348,135258.0,12964846.0
1223,2013-06-30,96.5,11353150.0,1095578975.0,1273106.6658,8713.0,0.0930506707317,0.0,205.0,8.93333333333,173.935933914,21335329.114,397483.5,19.88041027,3.95671876051,12.0471449354,41271.0,32994.0,20147470.0,19434.0,18849.0,421917.862971,104101.0,10045786.0
1224,2013-07-01,90.998,11356975.0,1033462011.05,7629744.5774,8728.0,0.103226986928,0.0,196.0,7.8,162.269499323,21335329.114,350888.288,31.95531521,1.8054786061,10.3041813643,49206.0,34053.0,20181523.0,24137.0,20816.0,702652.262859,213572.0,19434641.0
1225,2013-07-02,89.55,11360900.0,1017368595.0,4045224.2845,8747.0,0.123954808917,0.0,154.0,8.65,166.511839174,21335329.114,354797.1,37.0769864,1.5252233068,8.20074657914,56769.0,43264.0,20224787.0,29925.0,24803.0,858590.71967,259765.0,23261977.0
1226,2013-07-03,82.8,11365275.0,941044770.0,8559138.675,8762.0,0.0904954742857,0.0,198.0,7.56666666667,185.602368506,21335329.114,364651.2,29.49682754,1.66046849706,10.3151594014,53642.0,35351.0,20260138.0,25803.0,21148.0,744097.361618,265226.0,21960742.0
1227,2013-07-04,79.8,11369525.0,907288095.0,7688366.207,8777.0,0.0917274882353,0.0,207.0,7.18333333333,180.299443692,21335329.114,340825.8,21.101607,1.31073495397,9.86185763889,53347.0,34560.0,20294698.0,26097.0,23585.0,887100.576397,325848.0,26002648.0
1228,2013-07-05,67.85844,11373950.0,771818503.638,9963812.3974,8793.0,0.0930913728814,0.0,230.0,7.35,187.723538432,21335329.114,302512.92552,33.41026781,1.3051742029,8.33575612466,47699.0,36291.0,20330989.0,22418.0,21522.0,964524.838527,341564.0,23177973.0
1229,2013-07-06,69.34602,11378650.0,789064090.473,4524115.951,8809.0,0.088889106383,0.0,213.0,6.83333333333,199.389973024,21335329.114,328076.02062,31.75035904,1.88395161428,8.87195491008,46957.0,36979.0,20367968.0,22481.0,21538.0,845854.810616,251121.0,17414249.0
1230,2013-07-07,70.942,11383325.0,807555842.15,3859606.632,8823.0,0.0755923475936,0.0,303.0,6.73333333333,198.329388061,21335329.114,332859.864,17.31315056,2.77891575415,11.5316079681,37506.0,28865.0,20396833.0,17764.0,17713.0,670229.727541,168843.0,11978048.0
1231,2013-07-08,77.64,11387975.0,884162379.0,6565534.36,8840.0,0.0922767473118,0.0,266.0,6.98333333333,197.268803098,21335329.114,363432.84,31.43815723,2.46962547769,9.84592652796,47647.0,36912.0,20433745.0,23029.0,20277.0,684014.095254,189543.0,14716112.0
1232,2013-07-09,76.32791,11393000.0,869603878.63,4057731.7599,8859.0,0.0961539651741,0.0,209.0,5.93333333333,213.177577541,21335329.114,386219.2246,35.161138,1.59159990973,9.24478120976,54846.0,41777.0,20475522.0,26041.0,21467.0,1087300.05304,317919.0,24266100.0
1233,2013-07-10,78.58899,11397275.0,895700331.002,7786461.2814,8877.0,0.105460116959,0.0,214.0,7.6,181.360028655,21335329.114,338011.24599,26.25884419,1.32530599696,8.59204997433,55835.0,39340.0,20514862.0,26244.0,21899.0,1218489.97585,324529.0,25504393.0
1234,2013-07-11,87.15,11402075.0,993690836.25,5140027.9938,8896.0,0.0991525885417,0.0,236.0,7.06666666667,249.708212058,26162875.6826,421195.95,33.81696437,2.36910374923,10.2630592105,56988.0,41040.0,20555902.0,29490.0,22803.0,956221.102451,204001.0,17778704.0
1235,2013-07-12,97.8,11406200.0,1115526360.0,14015999.9247,8919.0,0.145192351515,0.0,234.0,8.58333333333,214.592994737,26162875.6826,406554.6,32.05021445,1.26228766823,8.12378059746,69663.0,50045.0,20605947.0,33625.0,24701.0,1134412.88772,329323.0,32207761.0
1236,2013-07-13,95.995,11409975.0,1095300550.12,4232479.392,8938.0,0.129102033113,0.0,239.0,9.58333333333,196.385104275,26162875.6826,364781.0,25.13594621,1.32416989269,9.04871877558,57072.0,40313.0,20646260.0,25977.0,20754.0,881201.15867,286972.0,27547900.0
1237,2013-07-14,94.75,11414050.0,1081481237.5,1843336.1934,8954.0,0.0998727546012,0.0,224.0,7.65,211.991867528,26162875.6826,389043.5,31.82965821,2.4050004882,11.3921961933,38740.0,34150.0,20680410.0,17989.0,16762.0,694343.801057,170728.0,16176442.0
1238,2013-07-15,98.37516,11418325.0,1123279548.81,5024719.8024,8971.0,0.102441690058,0.0,179.0,7.41666666667,222.396376364,26162875.6826,422816.43768,23.34949228,2.85071015188,11.5089672187,46589.0,36738.0,20717148.0,21699.0,21281.0,605676.645716,150769.0,14831969.0
1239,2013-07-16,97.01,11422425.0,1108089449.25,2736400.24,8988.0,0.108564170732,0.0,189.0,8.41666666667,213.292431133,26162875.6826,401039.34,34.01475967,1.84294977509,10.3403295173,53761.0,38784.0,20755932.0,25421.0,22820.0,906868.49648,224314.0,21760731.0
1240,2013-07-17,97.97,11426650.0,1119468900.5,2598642.436,9006.0,0.106713047337,0.0,206.0,7.7,219.795249155,26162875.6826,417156.26,33.40695216,1.16525836283,10.5435677998,54355.0,39565.0,20795497.0,26069.0,22665.0,1104177.14437,365413.0,35799465.0
1241,2013-07-18,90.40001,11430950.0,1033357994.31,7713499.6501,9025.0,0.111031197674,0.0,273.0,6.81666666667,223.696939968,26162875.6826,391160.84327,27.59409047,1.30927871957,9.48107819934,54308.0,41257.0,20836754.0,26312.0,21070.0,965209.821065,330487.0,29876056.0
1242,2013-07-19,93.41082,11435175.0,1068169073.59,3460576.9605,9041.0,0.100441207101,0.0,259.0,7.25,219.795249155,26162875.6826,397743.27156,33.02637011,1.49490149898,10.4614221873,48100.0,38020.0,20874774.0,24401.0,21145.0,872196.437075,284835.0,26606654.0
1243,2013-07-20,91.8775,11439850.0,1051064818.38,1359814.5242,9056.0,0.0806899144385,0.0,308.0,7.0,243.205394035,26162875.6826,431456.74,21.48857703,3.49110240926,12.8310456195,44457.0,33626.0,20908400.0,20029.0,18654.0,567387.924464,134513.0,12358753.0
1244,2013-07-21,88.93999,11444725.0,1017893727.05,1150392.8898,9073.0,0.0896997076923,0.0,232.0,6.93333333333,253.609902871,26162875.6826,435894.89099,26.49400011,3.77160135334,11.817994008,43487.0,36884.0,20945284.0,21524.0,18035.0,505908.066565,129945.0,11557290.0
1245,2013-07-22,91.788,11449225.0,1050901464.3,1615444.4042,9089.0,0.0933226333333,0.0,218.0,7.0,279.682550204,31256960.7278,414973.548,21.9931243,2.0055229737,11.1381364039,46082.0,37257.0,20982541.0,22602.0,19971.0,866111.17252,225427.0,20691538.0
1246,2013-07-23,95.396,11452850.0,1092556078.6,3710803.428,9107.0,0.127107793103,0.0,187.0,9.25,225.299832109,31256960.7278,348767.776,31.91271509,1.18407926562,8.79749207951,54206.0,39644.0,21022185.0,26085.0,22915.0,1029842.14766,308763.0,29454766.0
1247,2013-07-24,93.6216,11456700.0,1072594584.72,2339401.6065,9125.0,0.121127266234,0.0,266.0,8.35,239.283959619,31256960.7278,363439.0512,32.92301081,1.64447918991,9.09438858945,54521.0,39963.0,21062148.0,26735.0,23187.0,844442.524836,236063.0,22100556.0
1248,2013-07-25,96.2,11460125.0,1102464025.0,3342808.416,9144.0,0.145515941606,0.0,216.0,9.33333333333,212.869496544,31256960.7278,332755.8,34.86795346,1.89449705153,7.86582356278,51978.0,42304.0,21104452.0,26580.0,20329.0,777831.892904,182581.0,17564335.0
1249,2013-07-26,96.39475,11464575.0,1105124840.98,1915553.718,9163.0,0.110918668539,0.0,260.0,7.01666666667,276.574966313,31256960.7278,431077.322,22.80421394,2.19600190244,10.4054581925,55955.0,41428.0,21145880.0,27299.0,20744.0,869402.177016,203643.0,19630098.0
1250,2013-07-27,95.20461,11468700.0,1091873110.71,1896908.4112,9179.0,0.100409090909,0.0,247.0,7.88333333333,256.375671021,31256960.7278,395575.15455,30.69502419,2.85093119492,10.9921681315,42750.0,35987.0,21181867.0,21881.0,19207.0,533718.336343,145742.0,13875296.0
1251,2013-07-28,99.00001,11473125.0,1135839489.73,5131723.0068,9194.0,0.0877309887006,0.0,279.0,7.63333333333,275.021174368,31256960.7278,439956.04444,19.93133624,4.30833424237,13.2873076754,37554.0,33111.0,21214978.0,18416.0,18002.0,475543.786781,103149.0,10211744.0
1252,2013-07-29,101.04202,11477275.0,1159687050.1,3773282.175,9214.0,0.125856921687,0.0,274.0,8.2,257.929462966,31256960.7278,422355.6436,30.87144133,2.32401660555,9.54260378671,54397.0,44260.0,21259238.0,26191.0,20827.0,801401.498917,179861.0,18173521.0
1253,2013-07-30,101.89998,11481900.0,1170005380.36,4303074.945,9232.0,0.0983072,0.0,260.0,6.35,287.451509932,31256960.7278,475057.70676,37.36421201,2.72448600468,11.8770365208,55581.0,39998.0,21299236.0,27480.0,21575.0,881026.573102,171115.0,17436599.0
1254,2013-07-31,104.95555,11486875.0,1205611283.41,7252466.6624,9257.0,0.127151130653,0.0,249.0,6.31666666667,309.20459717,31256960.7278,526876.861,45.52101435,1.88430056116,10.1480548739,69550.0,51919.0,21351155.0,33198.0,24104.0,1031238.99555,266412.0,27961402.0
1255,2013-08-01,104.19,11491500.0,1197299385.0,2542720.5126,9278.0,0.115797081081,0.0,276.0,6.85,287.451509932,31256960.7278,485108.64,31.49185887,1.95588527229,10.5865753006,82370.0,45823.0,21396978.0,31084.0,22983.0,1103374.37768,238051.0,24802510.0
1256,2013-08-02,105.5,11496250.0,1212854375.0,4703695.0281,9302.0,0.128248142105,0.0,325.0,6.33333333333,295.22046966,31256960.7278,505450.5,41.01530553,2.93396742309,9.50559483958,84776.0,53174.0,21450152.0,33698.0,22648.0,906937.487932,163294.0,17227543.0
1257,2013-08-03,103.80001,11500725.0,1193775370.01,1460399.5672,9324.0,0.123600346369,0.0,282.0,6.73333333333,332.726003145,37392766.1365,467411.44503,28.01755065,2.13927775582,9.52637205809,53305.0,49065.0,21499217.0,25934.0,20972.0,738992.073676,210492.0,21849030.0
1258,2013-08-04,104.67459,11505000.0,1204281157.95,1096524.647,9344.0,0.122122356725,0.0,255.0,6.75,317.85556725,37392766.1365,450833.45913,32.74170112,4.59023105264,10.1072404244,46413.0,44605.0,21543822.0,20226.0,18516.0,501888.051747,93830.0,9821585.0
1259,2013-08-05,106.4,11509800.0,1224642720.0,2901516.2976,9365.0,0.113242625,0.0,261.0,6.6,356.890461474,37392766.1365,513592.8,27.05473128,3.09781909161,10.7215163977,57924.0,47903.0,21591725.0,25770.0,22924.0,795629.125369,155819.0,16579173.0
1260,2013-08-06,106.88378,11514525.0,1230715956.9,2497134.7674,9388.0,0.123815730159,0.0,191.0,6.21666666667,351.314048013,37392766.1365,509301.2117,40.53861293,2.93779498909,9.74552643896,61468.0,52260.0,21643985.0,27939.0,24348.0,749616.265632,162196.0,17336173.0
1261,2013-08-07,105.6,11518925.0,1216398480.0,1685853.5644,9413.0,0.143385710227,0.0,200.0,6.65,327.149589684,37392766.1365,467808.0,30.18051369,3.00319361908,8.17488859764,64048.0,57225.0,21701210.0,28170.0,23524.0,805001.560942,147510.0,15577018.0
1262,2013-08-08,101.9,11523975.0,1174293052.5,4300491.2626,9438.0,0.125402044554,0.0,278.0,6.35,375.478506342,37392766.1365,519588.1,49.6207779,3.42436041195,9.10982712673,61019.0,57036.0,21758246.0,28609.0,23227.0,785257.108572,148904.0,15173289.0
1263,2013-08-09,102.3,11529175.0,1179434602.5,2449559.4361,9461.0,0.113114336538,0.0,327.0,5.8,386.631333263,37392766.1365,536563.5,45.849913,3.80308754877,10.0780131853,57904.0,53241.0,21811487.0,25338.0,22873.0,640799.004245,137914.0,14108629.0
1264,2013-08-10,102.61802,11534150.0,1183611635.38,864319.5957,9484.0,0.119099839196,0.0,353.0,5.61666666667,369.902092882,37392766.1365,513500.57208,29.35579481,4.50659702495,9.86742067794,52564.0,52040.0,21863527.0,23776.0,18880.0,517153.942519,111037.0,11394420.0
1265,2013-08-11,103.85001,11539500.0,1198377190.39,1256541.0633,9502.0,0.0860415654206,0.0,397.0,5.2,397.784160184,37392766.1365,559024.60383,33.93550069,4.57082407463,13.6151538963,43679.0,41059.0,21904586.0,19500.0,18494.0,432494.389627,117769.0,12230280.0
1266,2013-08-12,104.99498,11545225.0,1212190667.97,2971510.9216,9526.0,0.108172113537,0.0,316.0,5.25,425.666227487,37392766.1365,603616.14002,24.14323112,2.59346483308,13.1762271075,70581.0,45811.0,21950397.0,27001.0,23791.0,731015.442241,221673.0,23274506.0
1267,2013-08-13,107.29884,11550025.0,1239304284.47,3376098.51,9553.0,0.145259296875,0.0,269.0,6.15,484.95276558,50810339.0483,518146.09836,29.55608972,1.86440442014,9.68787110837,75208.0,53484.0,22003881.0,33947.0,28196.0,1196357.3343,259010.0,27791508.0
1268,2013-08-14,100.03,11553875.0,1155734116.25,7843077.0315,9576.0,0.152859201299,0.0,392.0,8.41666666667,388.972530726,50810339.0483,389416.79,43.02378882,2.06287316226,7.71366749861,60659.0,50484.0,22054365.0,31876.0,26888.0,1405350.26745,188717.0,18877399.0
1269,2013-08-15,98.28,11558050.0,1135925154.0,2833909.1424,9604.0,0.171678508982,0.0,367.0,7.16666666667,421.807874228,50810339.0483,416608.92,64.02507935,2.2281967355,7.05769909705,66433.0,59029.0,22113394.0,32388.0,26439.0,923708.574895,190244.0,18697134.0
1270,2013-08-16,98.51,11562350.0,1139007098.5,2479810.0138,9633.0,0.173488773256,0.0,307.0,7.21666666667,434.436852499,50810339.0483,428025.95,45.60521477,2.70918358187,6.26675963749,69457.0,68301.0,22181695.0,32176.0,25270.0,1099833.80928,160380.0,15799075.0
1271,2013-08-17,98.39,11567025.0,1138079589.75,2043745.8756,9658.0,0.136728411765,0.0,301.0,5.83333333333,472.32378731,50810339.0483,462826.56,29.42751688,4.24291693952,7.81102323933,58546.0,59253.0,22240948.0,28976.0,24623.0,983013.861818,110867.0,10908216.0
1272,2013-08-18,99.02,11571950.0,1145854489.0,1458372.5415,9681.0,0.119937314721,0.0,278.0,6.11666666667,497.58174385,50810339.0483,492030.38,44.92668611,4.99262304294,9.26017954605,42791.0,53134.0,22294082.0,25899.0,20480.0,831928.947317,99527.0,9855148.0
1273,2013-08-19,102.07,11576400.0,1181603148.0,8619908.4538,9711.0,0.174040606742,0.0,274.0,7.11666666667,449.591626423,50810339.0483,457988.09,37.81465044,2.47067576825,6.54848708856,65506.0,69938.0,22364020.0,29673.0,24721.0,1086202.69595,181610.0,18536956.0
1274,2013-08-20,104.59,11580925.0,1211248945.75,4241288.311,9741.0,0.16814579558,0.0,315.0,6.6,457.169013385,50810339.0483,477976.3,45.78527809,2.19512301333,7.18340071236,69460.0,66539.0,22430559.0,35589.0,27801.0,955506.83403,208189.0,21774465.0
1275,2013-08-21,109.75,11586075.0,1271571731.25,6821077.248,9768.0,0.135731359223,0.0,328.0,5.2,520.313904737,50810339.0483,568944.0,34.14204628,2.64900929448,8.97161599596,70761.0,63416.0,22493975.0,37681.0,28717.0,1186924.10213,195696.0,21477614.0
1276,2013-08-22,111.01,11591275.0,1286747437.75,3293217.694,9794.0,0.129604846154,0.0,354.0,5.63333333333,525.365496045,50810339.0483,581359.37,37.04061907,2.99407358739,9.26144411521,70737.0,62772.0,22556747.0,37527.0,24400.0,890014.517465,174912.0,19417003.0
1277,2013-08-23,107.48,11596650.0,1246407942.0,3569294.4672,9821.0,0.128691009302,0.0,381.0,5.68333333333,543.046065623,50810339.0483,581466.8,35.02624015,3.16365521779,9.69612299688,68764.0,59969.0,22616716.0,34078.0,28186.0,828835.101168,171005.0,18379588.0
1278,2013-08-24,108.79,11601300.0,1262105427.0,1678099.3516,9845.0,0.130946715054,0.0,310.0,5.96666666667,607.932298581,65750060.1491,508919.62,28.06437009,4.11799511818,9.96221239111,54649.0,51085.0,22667801.0,27218.0,23335.0,622248.642033,113599.0,12358432.0
1279,2013-08-25,112.9,11604875.0,1310190387.5,2288621.7465,9865.0,0.146141097902,0.0,312.0,8.28333333333,467.388810199,65750060.1491,407004.5,30.74091178,3.36752570898,9.02569077926,48105.0,45094.0,22712895.0,24835.0,20691.0,565019.388274,107052.0,12086159.0
1280,2013-08-26,111.8,11608950.0,1297880610.0,2766896.1327,9890.0,0.155099650307,0.0,244.0,7.75,532.757874563,65750060.1491,458603.6,27.45229801,2.91017311505,8.56754595726,57471.0,53528.0,22766423.0,31010.0,23709.0,642473.937222,140954.0,15758636.0
1281,2013-08-27,117.52,11613250.0,1364789140.0,9650419.9148,9918.0,0.165962261628,0.0,205.0,7.61666666667,562.173953526,65750060.1491,511329.52,51.94695338,2.24372176985,8.38025304838,71151.0,61016.0,22827439.0,36873.0,27980.0,895651.783455,193919.0,22789346.0
1282,2013-08-28,119.25,11617425.0,1385377931.25,3060222.796,9946.0,0.171206700599,0.0,214.0,7.01666666667,545.831687435,65750060.1491,526846.5,243.52033894,2.23246505527,8.27789300024,72494.0,63645.0,22891084.0,36209.0,24771.0,817469.698324,197898.0,23599317.0
1283,2013-08-29,119.48,11622375.0,1388641365.0,2309650.5201,9972.0,0.131885010101,0.0,272.0,5.93333333333,647.153737199,65750060.1491,596683.12,44.63568124,2.22205332141,9.6982221861,67844.0,61525.0,22952609.0,32714.0,22409.0,2687667.89329,224747.0,26852781.0
1284,2013-08-30,124.79,11627225.0,1450961407.75,8869874.8344,9999.0,0.142911448454,0.0,293.0,6.15,634.079924326,65750060.1491,610597.47,43.30645342,3.06872697427,10.0566155544,72629.0,60716.0,23013325.0,35621.0,24259.0,727229.976175,159447.0,19897419.0
1285,2013-08-31,132.75,11632600.0,1544227650.0,7600299.265,10022.0,0.109211246512,0.0,369.0,6.55,702.717441908,65750060.1491,717779.25,32.35235089,3.33426647188,13.6633972931,82290.0,52533.0,23065858.0,33954.0,24361.0,753757.547583,162165.0,21527351.0
1286,2013-09-01,130.82,11638150.0,1522502783.0,3393593.2684,10043.0,0.0955159099099,0.0,333.0,5.11666666667,725.596614435,65750060.1491,729321.5,25.28747187,3.7803271594,16.0016126201,49046.0,45578.0,23111436.0,27222.0,22440.0,1064159.23048,147474.0,19292550.0
1287,2013-09-02,131.03,11644025.0,1525716595.75,3110672.0314,10065.0,0.0950568042553,0.0,332.0,4.58333333333,768.086506271,65750060.1491,775828.63,46.83183395,4.28178896533,15.3763403758,52118.0,50456.0,23161892.0,28807.0,24801.0,748660.793428,138283.0,18119264.0
1288,2013-09-03,130.45,11648650.0,1519566392.5,2605548.617,10089.0,0.134384427027,0.0,311.0,6.35,604.663845362,65750060.1491,607244.75,30.91428847,2.8834289266,12.0239342217,54757.0,50503.0,23212395.0,32641.0,25099.0,894041.010826,161440.0,21059813.0
1289,2013-09-04,126.74,11653000.0,1476901220.0,11042759.7462,10111.0,0.130845471264,0.0,284.0,6.65,751.934693043,86933017.7712,554360.76,24.59734787,2.24367782764,10.8409097309,58274.0,51136.0,23263531.0,34303.0,25741.0,895742.785135,194948.0,24707681.0
1290,2013-09-05,124.51,11657075.0,1451422408.25,5390802.6485,10136.0,0.158361791411,0.0,287.0,7.05,704.398591759,86933017.7712,511611.59,34.00943099,2.00603848739,8.49542675434,63542.0,60222.0,23323753.0,37741.0,25071.0,858463.127898,204832.0,25503578.0
1291,2013-09-06,122.44,11661825.0,1427873853.0,4146128.206,10163.0,0.146285326316,0.0,246.0,5.78333333333,821.078113093,86933017.7712,585630.52,33.00862693,3.63870210116,9.23532643664,57620.0,63412.0,23387165.0,35505.0,26792.0,838119.747745,131448.0,16094489.0
1292,2013-09-07,120.15,11665900.0,1401657885.0,1722137.7075,10187.0,0.147682785276,0.0,245.0,7.65,704.398591759,86933017.7712,492855.3,27.40258306,3.56850646644,9.08807324224,56635.0,54231.0,23441396.0,34405.0,21398.0,667774.7839,114950.0,13811249.0
1293,2013-09-08,118.51,11669625.0,1382967258.75,7243736.7777,10207.0,0.135621993289,0.0,230.0,8.1,643.898099215,86933017.7712,444056.97,22.51021597,4.63764647336,9.55577727566,43712.0,46470.0,23487866.0,26077.0,23071.0,409117.852337,80795.0,9575050.0
1294,2013-09-09,121.66,11674450.0,1420313587.0,3218481.189,10231.0,0.126053238342,0.0,218.0,6.13333333333,834.042504353,86933017.7712,590659.3,30.43641891,3.84559942185,10.7459029218,53474.0,54966.0,23542832.0,33571.0,29570.0,527143.176101,126248.0,15359356.0
1295,2013-09-10,123.39,11679100.0,1441084149.0,6947106.6266,10254.0,0.128427145161,0.0,255.0,7.0,803.792258081,86933017.7712,577218.42,28.07548626,3.13261857921,10.7788541764,55161.0,53551.0,23596383.0,34709.0,27738.0,1092297.07519,149332.0,18426068.0
1296,2013-09-11,124.1,11684125.0,1449999912.5,6816715.818,10275.0,0.109270169154,0.0,298.0,5.75,868.614214378,86933017.7712,626456.8,23.61451906,3.58382804718,12.6526256261,58672.0,49512.0,23645895.0,35535.0,28349.0,806718.318408,140855.0,17480102.0
1297,2013-09-12,128.45,11689325.0,1501493796.25,5191932.4688,10298.0,0.113085557692,0.0,374.0,5.4,898.86446065,86933017.7712,671022.8,24.96850657,3.51655111843,13.1619551999,65300.0,50982.0,23696877.0,38697.0,25817.0,663689.950261,148555.0,19081844.0
1298,2013-09-13,128.29,11694575.0,1500297026.75,2705444.258,10320.0,0.10533902381,0.0,426.0,5.61666666667,907.507388156,86933017.7712,676858.04,26.42562521,3.8705772237,13.9956585749,59829.0,48362.0,23745239.0,34662.0,26711.0,734589.310499,136310.0,17487264.0
1299,2013-09-14,124.32,11699975.0,1454540892.0,2100121.9707,10341.0,0.0978202268519,0.0,302.0,5.63333333333,933.436170675,86933017.7712,673938.72,21.9094985,5.0372137985,14.2944136424,48712.0,47147.0,23792386.0,28979.0,23868.0,606148.193252,107619.0,13379196.0
1300,2013-09-15,125.46,11704550.0,1468452843.0,2919161.2144,10362.0,0.120215245902,0.0,305.0,6.46666666667,1024.57958056,112628548.666,576990.54,24.16845305,5.82629274841,12.3383487298,42924.0,46764.0,23839150.0,28348.0,19229.0,410950.214061,78935.0,9903219.0
1301,2013-09-16,126.02,11708775.0,1475539825.5,3007992.5616,10384.0,0.132381319527,0.0,284.0,7.23333333333,946.196443251,112628548.666,536089.08,29.82849822,3.39126575962,10.6385878431,52304.0,50391.0,23889541.0,33155.0,24745.0,585717.368026,125440.0,15807935.0
1303,2013-09-18,127.23,11716975.0,1490750729.25,3504785.7367,10442.0,0.190756311258,0.0,272.0,8.68333333333,845.418123852,112628548.666,518843.94,303.03844849,2.5303618107,8.05871021854,65538.0,64383.0,24020215.0,43705.0,27412.0,788617.129887,161163.0,20504733.0
1304,2013-09-19,124.1,11721850.0,1454681585.0,5345811.1946,10468.0,0.133411548718,0.0,316.0,6.11666666667,1091.76512683,112628548.666,618762.6,111.427816,2.26794027091,10.4867907261,66398.0,59004.0,24079219.0,41152.0,27719.0,785082.704198,219847.0,27283020.0
1305,2013-09-20,123.98,11726675.0,1453873166.5,2930313.4952,10494.0,0.134961984456,0.0,271.0,6.0,1080.56753578,112628548.666,602542.8,35.98775791,3.24926893225,10.2143210714,65306.0,58990.0,24138209.0,40460.0,24234.0,793416.423007,149572.0,18543950.0
1306,2013-09-21,123.5,11731350.0,1448821725.0,1467771.045,10518.0,0.128372604278,0.0,317.0,6.26666666667,1046.97476265,112628548.666,580573.5,26.17798718,4.24375777305,10.8954228127,58758.0,53286.0,24191495.0,36353.0,23719.0,522574.764806,110774.0,13680647.0
1307,2013-09-22,122.78,11736500.0,1441007470.0,1361043.4502,10541.0,0.113969854369,0.0,286.0,5.63333333333,1153.35187757,112628548.666,635632.06,27.4817632,4.3561768677,12.0645344114,53993.0,52686.0,24244181.0,33215.0,24639.0,458740.47062,118843.0,14591512.0
1308,2013-09-23,123.02,11742025.0,1444503915.5,2217763.611,10567.0,0.121675217195,0.0,261.0,5.11666666667,1237.33381041,112628548.666,684114.22,36.37139814,3.44724050608,11.3478124274,62037.0,60286.0,24304467.0,38353.0,27233.0,783517.9985,161317.0,19845271.0
1309,2013-09-24,122.59,11747050.0,1440070859.5,3541840.2786,10595.0,0.142057885572,0.0,248.0,6.18333333333,1125.35789996,112628548.666,619815.04,31.74116641,2.35045183657,9.75119236034,65845.0,63563.0,24368030.0,41262.0,28924.0,1095771.97406,215108.0,26370038.0
1310,2013-09-25,124.18,11752400.0,1459413032.0,2128339.2125,10620.0,0.118698817757,0.0,256.0,5.65,1583.13830535,148819199.805,668088.4,30.8215087,2.99642061353,11.4890524506,66539.0,58150.0,24426180.0,40337.0,28976.0,842440.858517,179548.0,22296216.0
1311,2013-09-26,123.85,11756675.0,1456064198.75,4474421.292,10645.0,0.147218754386,0.0,282.0,7.31666666667,1265.03107577,148819199.805,532926.55,28.01795022,2.67700132391,9.8213584092,63157.0,54262.0,24480442.0,38352.0,26906.0,717166.137073,160740.0,19907594.0
1312,2013-09-27,125.6,11761075.0,1477191020.0,4450576.2312,10668.0,0.1313944375,0.0,349.0,7.41666666667,1302.02028851,148819199.805,562939.2,82.75466408,2.73669181189,11.1630054136,66494.0,50429.0,24530871.0,36560.0,30492.0,718883.773393,163774.0,20570062.0
1313,2013-09-28,126.5,11765350.0,1488316775.0,3701792.2368,10689.0,0.123372146199,0.0,296.0,7.21666666667,1265.03107577,148819199.805,544203.0,27.84186309,3.1682974329,12.1854679803,60434.0,44660.0,24575531.0,31425.0,26977.0,592862.756836,135783.0,17176512.0
1314,2013-09-29,128.1,11769550.0,1507679355.0,2950839.5169,10708.0,0.115716059524,0.0,307.0,6.26666666667,1242.83754813,148819199.805,540453.9,19.75447388,2.90354556636,12.9477947342,54587.0,41741.0,24617272.0,28026.0,23910.0,560375.158304,145305.0,18613584.0
1315,2013-09-30,125.8,11773650.0,1481125170.0,3817807.7439,10727.0,0.12107379878,0.0,226.0,6.53333333333,1213.24617793,148819199.805,519050.8,26.00052268,2.90647535935,12.336909657,61734.0,42073.0,24659345.0,32223.0,27121.0,691501.317434,141959.0,17858428.0
1316,2013-10-01,127.11,11778550.0,1497171490.5,3022295.267,10751.0,0.127038076531,0.0,221.0,6.15,1449.97713948,148819199.805,627414.96,36.02532288,2.21036924894,11.3415574837,69975.0,55320.0,24714665.0,39079.0,31086.0,1039752.25784,223311.0,28385075.0
1317,2013-10-02,104.47,11782875.0,1230956951.25,27243320.0526,10780.0,0.173018612717,0.0,282.0,7.13333333333,1279.82676087,148819199.805,455489.2,35.39513493,1.5060547131,7.52352416504,77571.0,60542.0,24775207.0,42584.0,33046.0,1095329.72889,289498.0,30243868.0
1318,2013-10-03,116.95,11788075.0,1378615371.25,5104711.0855,10810.0,0.146254110577,0.0,274.0,6.18333333333,1538.75125006,148819199.805,612818.0,40.37392697,1.5580184088,9.93093278019,72720.0,61708.0,24836915.0,41357.0,33677.0,1108953.94783,336325.0,39333168.0
1319,2013-10-04,122.0,11792525.0,1438688050.0,1388714.0805,10834.0,0.138865370787,0.0,256.0,6.78333333333,1316.81597361,148819199.805,546926.0,33.53991469,2.88907698186,9.98113000949,64698.0,54796.0,24891711.0,35360.0,30532.0,829560.591738,155171.0,18930821.0
1320,2013-10-05,121.51,11797800.0,1433550678.0,1290141.1071,10856.0,0.105627606635,0.0,296.0,6.26666666667,1560.94477771,148819199.805,644124.51,26.70745176,5.36568825079,13.4486796117,55710.0,47895.0,24939606.0,31381.0,27556.0,550816.631705,98794.0,12004509.0
1321,2013-10-06,121.6,11802850.0,1435226560.0,2388530.2407,10877.0,0.105841910891,0.0,307.0,5.45,1900.66283139,189281249.281,616633.6,21.98375278,5.35902994723,13.7792138723,48783.0,44751.0,24984357.0,26177.0,23648.0,410691.014928,94625.0,11506441.0
1322,2013-10-07,123.6,11806675.0,1459305030.0,3537611.4285,10897.0,0.136872346405,0.0,252.0,7.26666666667,1439.61095645,189281249.281,476725.2,32.99949234,2.15253782739,11.0263721522,58652.0,43235.0,25027592.0,30100.0,26477.0,595294.066475,179184.0,22147123.0
1323,2013-10-08,123.84,11810575.0,1462621608.0,5887798.7754,10917.0,0.133442391026,0.0,223.0,6.96666666667,1467.83862226,189281249.281,484957.44,16.18054086,2.94800427414,11.3135994401,60475.0,42865.0,25070457.0,34291.0,24727.0,707716.71271,132836.0,16450364.0
1324,2013-10-09,126.08,11815150.0,1489654112.0,4435384.839,10939.0,0.121559147541,0.0,216.0,6.51666666667,1721.88761458,189281249.281,579968.0,25.13904198,2.56621274303,12.3421080632,69133.0,46991.0,25117448.0,38692.0,31612.0,862761.019523,179252.0,22600153.0
1325,2013-10-10,126.43,11820025.0,1494405760.75,2889987.4344,10966.0,0.139706379487,0.0,231.0,5.65,1834.79827783,189281249.281,620012.72,29.73024401,3.10206934508,10.7326199173,65216.0,57769.0,25175217.0,36547.0,33221.0,824938.138114,158088.0,19987068.0
1326,2013-10-11,126.84,11824450.0,1499813238.0,2829889.7736,10990.0,0.136584220339,0.0,237.0,6.88333333333,1665.43228295,189281249.281,564818.52,28.46158064,2.82096125329,10.3733497401,67974.0,54449.0,25229666.0,37937.0,29250.0,870771.617504,157854.0,20022201.0
1327,2013-10-12,127.53,11829375.0,1508600193.75,4089056.6468,11013.0,0.117169035533,0.0,252.0,5.86666666667,1853.61672171,189281249.281,632166.21,32.21519984,3.71906535969,12.7262996739,58649.0,49674.0,25279340.0,33344.0,27175.0,715254.465812,133286.0,16997986.0
1328,2013-10-13,129.74,11835100.0,1535485874.0,10451579.9885,11038.0,0.111230131004,0.0,349.0,4.76666666667,2154.71182371,189281249.281,746783.44,31.15736732,5.67335877849,14.5719528567,57180.0,51248.0,25330588.0,31479.0,26187.0,637885.77989,101457.0,13162986.0
1329,2013-10-14,135.69,11841550.0,1606779919.5,6158497.4987,11066.0,0.110007135659,0.0,249.0,4.6,2427.5792599,189281249.281,878457.06,24.76312632,3.71230797708,15.7534038699,74721.0,55763.0,25386351.0,36518.0,29705.0,963077.954961,174393.0,23663367.0
1330,2013-10-15,139.24,11847750.0,1649680710.0,14822531.9172,11092.0,0.10741741129,0.0,230.0,4.96666666667,2333.48704052,189281249.281,869693.04,46.86833704,3.45382692921,15.1725931612,70171.0,57320.0,25443671.0,37753.0,33560.0,822209.765628,180843.0,25180562.0
1331,2013-10-16,141.83,11853225.0,1681142901.75,9097268.1759,11117.0,0.115167990868,0.0,289.0,5.33333333333,2914.66937941,267731249.482,781625.13,36.84323895,2.67017618401,15.0465884459,74562.0,51947.0,25495618.0,39527.0,31363.0,1024516.32083,206391.0,29272418.0
1332,2013-10-17,143.33,11857700.0,1699564141.0,11525205.8637,11139.0,0.123072988827,0.0,260.0,6.71666666667,2382.30967541,267731249.482,646991.62,39.50246713,2.52670932489,14.316191003,68607.0,45193.0,25540811.0,35519.0,28892.0,912009.374284,178651.0,25606096.0
1333,2013-10-18,150.59,11862025.0,1786302344.75,19386399.5158,11166.0,0.158385820809,0.0,258.0,6.56666666667,2302.45571981,267731249.482,658078.3,45.53965756,2.81582732144,10.8870446349,69519.0,60446.0,25601257.0,42341.0,33696.0,880504.604239,155194.0,23370691.0
1334,2013-10-19,165.05,11867500.0,1958730875.0,4134874.6501,11193.0,0.127125360731,0.0,302.0,5.7,2914.66937941,267731249.482,909425.5,35.8234771,2.79540763781,16.6442559344,75457.0,54639.0,25655896.0,40260.0,27716.0,1066912.82451,197109.0,32532840.0
1335,2013-10-20,165.71,11872900.0,1967458259.0,12484927.968,11218.0,0.11660162963,0.0,249.0,5.5,2874.74240161,267731249.482,899308.17,27.8955071,4.43599265939,18.0352191962,64030.0,49864.0,25705760.0,33432.0,26946.0,691056.481641,122340.0,20272986.0
1336,2013-10-21,177.07,11877925.0,2103224179.75,17646802.1324,11246.0,0.140945711443,0.0,248.0,5.96666666667,2675.10751261,267731249.482,896151.27,36.82997401,2.89271464165,15.4131483265,73341.0,58142.0,25763902.0,40197.0,30860.0,979061.385123,174957.0,30979595.0
1337,2013-10-22,191.78,11884150.0,2279142287.0,17636563.4065,11279.0,0.133684196787,0.0,250.0,4.88333333333,3313.93915741,267731249.482,1201693.48,41.67292026,1.83014857723,18.5143666225,89356.0,64906.0,25828808.0,47416.0,34540.0,1235490.63415,342377.0,65660979.0
1338,2013-10-23,199.95,11889425.0,2377290528.75,37734926.2936,11307.0,0.133434521327,0.0,271.0,5.95,2808.19743861,267731249.482,1061934.45,36.67520171,2.19246495523,19.4593280437,87179.0,54572.0,25883380.0,42721.0,30993.0,1096234.37435,242239.0,48435641.0
1339,2013-10-24,195.78,11894650.0,2328734577.0,19817079.387,11341.0,0.163932220096,0.0,326.0,6.06666666667,2781.57945341,267731249.482,1032543.72,49.26787775,2.10297064009,16.3209313206,88605.0,63265.0,25946645.0,46979.0,32415.0,1068753.62645,250788.0,49099293.0
1340,2013-10-25,172.81,11900650.0,2056551326.5,10210027.5061,11372.0,0.1294892875,0.0,244.0,5.46666666667,3194.15822401,267731249.482,1044809.26,46.75449972,1.76627073647,17.4562554926,82770.0,59853.0,26006498.0,43703.0,33985.0,2883479.39751,342303.0,59153404.0
1341,2013-10-26,179.71,11905625.0,2139559868.75,6801523.5872,11397.0,0.126152738693,0.0,270.0,6.5,3867.20191246,390928787.638,903581.88,53.66366945,2.47939129488,18.3085502401,67249.0,49353.0,26055851.0,34869.0,29010.0,702233.658709,202792.0,36443698.0
1343,2013-10-28,196.25,11914525.0,2338225531.25,5700646.5282,11440.0,0.124013564246,0.0,189.0,6.58333333333,3478.53840367,390928787.638,886657.5,43.74981757,3.84830791998,18.2308522669,63786.0,48635.0,26148874.0,34629.0,25513.0,613494.073418,117402.0,23040191.0
1344,2013-10-29,202.09,11918450.0,2408599560.5,8604003.66,11464.0,0.15362644586,0.0,182.0,7.23333333333,3051.008544,390928787.638,798457.59,26.14906747,1.41403477239,15.5836132092,70275.0,51237.0,26200111.0,38140.0,29157.0,1671663.7104,279413.0,56466616.0
1345,2013-10-30,203.39,11923350.0,2425090156.5,8306601.984,11488.0,0.123849642857,0.0,210.0,5.68333333333,3808.90238614,390928787.638,1004339.82,38.08800627,2.96216252569,20.9626144309,77520.0,47911.0,26248022.0,38560.0,27945.0,712930.226354,166703.0,33905628.0
1346,2013-10-31,201.61,11928575.0,2404920005.75,4822102.1574,11514.0,0.126715488038,0.0,300.0,5.7,4061.53366685,390928787.638,1059460.55,30.03529546,3.52973251209,18.7594827891,77578.0,56476.0,26304498.0,38478.0,29006.0,695676.657139,148878.0,30015321.0
1347,2013-11-01,203.24,11933325.0,2425328973.0,3114158.2464,11538.0,0.128938842105,0.0,339.0,6.45,3692.3033335,390928787.638,972503.4,35.40296681,3.17959105635,20.1321450751,72946.0,48306.0,26352804.0,35575.0,27076.0,686117.533172,150491.0,30585801.0
1348,2013-11-02,204.15,11938750.0,2437295812.5,2762720.2422,11560.0,0.101944612903,0.0,380.0,5.75,4216.99907037,390928787.638,1112209.2,23.87084674,4.39466389438,27.0091357245,69196.0,41179.0,26393983.0,35652.0,25847.0,686361.060316,123969.0,25308174.0
1349,2013-11-03,206.85,11943650.0,2470544002.5,8946806.908,11579.0,0.0978889234694,0.0,450.0,6.08333333333,3808.90238614,390928787.638,1018529.4,24.97396102,4.44944253211,28.4386262739,63309.0,35815.0,26429798.0,30351.0,24107.0,538328.015868,110666.0,22891169.0
1350,2013-11-04,225.1,11948650.0,2689641115.0,18478753.0708,11601.0,0.112083155,0.0,407.0,6.13333333333,3886.63508789,390928787.638,1140581.7,67.37958812,2.5790367401,27.096063572,77104.0,42094.0,26471892.0,38141.0,28728.0,793106.557243,196469.0,44225105.0
1351,2013-11-05,246.63,11952900.0,2947943727.0,37587147.9392,11627.0,0.154718729412,0.0,340.0,7.6,3303.63982471,390928787.638,1059769.11,47.14006645,1.2113668921,20.7253316776,93462.0,51134.0,26523026.0,45732.0,32818.0,1218397.70979,354723.0,87485395.0
1352,2013-11-06,258.23,11956950.0,3087643198.5,42364952.248,11658.0,0.191632611111,0.0,279.0,7.31666666667,4114.54971625,510929738.016,1076302.64,118.37378115,1.62329138291,19.5566937403,101631.0,55035.0,26578061.0,48151.0,35587.0,945894.591925,256762.0,66303724.0
1353,2013-11-07,292.32,11960800.0,3496381056.0,48603949.1872,11688.0,0.198393383117,0.0,309.0,8.33333333333,3911.36207594,510929738.016,1159633.44,117.81098834,1.38309014091,19.778503522,104142.0,58631.0,26636692.0,53470.0,37043.0,1071612.8973,286822.0,83843663.0
1354,2013-11-08,325.56,11964125.0,3895040535.0,48093240.5144,11718.0,0.231891488722,0.0,335.0,10.1333333333,3377.99452013,510929738.016,1117647.48,108.19320547,1.05883327672,18.6395737229,107930.0,59961.0,26696653.0,53584.0,37609.0,1144910.92099,324225.0,105554624.0
1355,2013-11-09,359.76,11967675.0,4305490758.0,62610143.8638,11748.0,0.211621859155,0.0,415.0,8.18333333333,3606.58061548,510929738.016,1308087.36,86.29385375,1.24108893554,22.6297031347,108461.0,57804.0,26754457.0,53728.0,37614.0,1024303.73909,292969.0,105398358.0
1356,2013-11-10,296.91,11971875.0,3554569406.25,37159240.783,11778.0,0.183081166667,0.0,380.0,6.55,4266.94044648,510929738.016,1262461.32,52.48680278,1.88583911681,22.0829701412,97886.0,57169.0,26811626.0,44438.0,35493.0,771057.032277,225470.0,66944275.0
1357,2013-11-11,339.38,11976750.0,4064669415.0,23393313.3078,11805.0,0.139568610256,0.0,263.0,6.2,4952.69873252,510929738.016,1675519.06,62.00580352,2.76693414935,30.7107859526,86543.0,54558.0,26866184.0,44441.0,33626.0,723078.158895,178429.0,60555075.0
1358,2013-11-12,353.95,11981475.0,4240843076.25,25685704.033,11833.0,0.149558391534,0.0,248.0,6.25,4800.30800229,510929738.016,1679492.75,20.0940219,2.08556151027,28.7043710477,95747.0,58510.0,26924694.0,48485.0,35682.0,1022112.68683,227517.0,80529524.0
1359,2013-11-13,391.64,11986175.0,4694265577.0,53022542.5004,11862.0,0.157702595745,0.0,446.0,6.53333333333,4774.90954725,510929738.016,1850107.36,24.28778395,2.12537863856,29.2965647417,100090.0,63151.0,26987845.0,51452.0,35836.0,1201973.7443,222266.0,87048365.0
1360,2013-11-14,416.5,11990400.0,4994001600.0,28412422.7191,11896.0,0.203595798817,0.0,602.0,8.26666666667,4292.33890152,510929738.016,1769292.0,23.93546077,1.52298667891,25.2125685786,113020.0,70175.0,27058020.0,56284.0,41747.0,1263986.95168,278926.0,116172520.0
1361,2013-11-15,428.24,11994475.0,5136513974.0,40376319.6858,11925.0,0.180871300613,0.0,478.0,7.81666666667,4139.94817129,510929738.016,1752786.32,18.56994291,1.79091867482,28.2252225443,97415.0,62100.0,27120120.0,50247.0,36935.0,2139315.18507,228542.0,97870794.0
1362,2013-11-16,433.53,11999375.0,5202089043.75,28926764.5714,11950.0,0.128456760204,0.0,479.0,7.18333333333,4978.09718756,510929738.016,2130799.95,15.43971301,2.20441741482,41.2985744743,97096.0,51595.0,27171715.0,44994.0,31583.0,1922099.30787,222961.0,96660457.0
1363,2013-11-17,463.0,12004200.0,5557944600.0,74450835.1176,11973.0,0.122394658031,0.0,461.0,7.2,5847.4268319,609482679.888,2240920.0,15.1031091,2.81713934647,46.6459898836,86411.0,48041.0,27219756.0,40401.0,29858.0,1032920.08072,171805.0,79545941.0
1364,2013-11-18,583.16,12008300.0,7002760228.0,175916009.815,12011.0,0.233995817073,0.0,463.0,9.15,4968.7979297,609482679.888,2405535.0,25.27467522,1.31338019811,32.863397907,130894.0,73198.0,27292954.0,62847.0,41698.0,1868810.00766,314075.0,183156028.0
1365,2013-11-19,559.99,12012175.0,6726697878.25,122321907.958,12060.0,0.320324741935,0.0,348.0,10.3833333333,4696.11999454,609482679.888,2187880.93,32.54373365,0.924050138289,23.4444282163,170367.0,93322.0,27386276.0,85571.0,54991.0,2532380.22005,422813.0,236770803.0
1366,2013-11-20,595.0,12016250.0,7149668750.0,111526383.023,12098.0,0.23847401227,0.0,399.0,8.58333333333,4938.50038135,609482679.888,2439500.0,25.18151883,1.28407100154,31.2908853031,141505.0,77962.0,27464238.0,68797.0,50064.0,1605499.28968,319297.0,189981706.0
1367,2013-11-21,694.95,12019950.0,8353264252.5,80934783.233,12138.0,0.271043141892,0.0,488.0,10.3833333333,4484.03715607,609482679.888,2589383.7,26.57492613,1.30220199583,36.457869171,124584.0,71024.0,27535262.0,63432.0,45088.0,2028461.55581,286131.0,198846547.0
1368,2013-11-22,761.0,12024100.0,9150340100.0,72766196.505,12177.0,0.236956825301,0.0,549.0,8.25,5029.39302641,609482679.888,3175653.0,23.61058302,0.635564891783,41.4327296924,140082.0,76646.0,27611908.0,67820.0,45568.0,2680025.27285,656581.0,499658342.0
1369,2013-11-23,837.99,12028150.0,10079469418.5,65341437.9462,12214.0,0.228781895062,0.0,560.0,8.05,4908.202833,609482679.888,3411457.29,21.86122464,2.09325539459,45.3862474556,134532.0,75165.0,27687073.0,65874.0,40254.0,1528167.6118,194482.0,162973773.0
1370,2013-11-24,833.16,12032450.0,10024956042.0,42268527.2004,12244.0,0.176179767442,0.0,488.0,6.55,5211.17831652,609482679.888,3596751.72,17.57820997,1.90510943144,59.9278836349,103353.0,60018.0,27747091.0,49377.0,33043.0,1415956.72399,226601.0,188795019.0
1371,2013-11-25,814.0,12036950.0,9798077300.0,70211389.951,12277.0,0.184162805556,0.0,505.0,7.66666666667,5453.55870333,609482679.888,3678466.0,19.27979672,2.62620073324,51.1345482853,117870.0,71937.0,27819028.0,60652.0,39938.0,1453068.81623,172074.0,140067968.0
1372,2013-11-26,844.9,12041050.0,10173483145.0,91780604.6445,12315.0,0.235324006098,0.0,344.0,7.78333333333,4968.7979297,609482679.888,3484367.6,24.05961565,1.45113530058,43.5246717881,145494.0,80055.0,27899083.0,70916.0,40217.0,3518557.60424,284191.0,240113213.0
1373,2013-11-27,961.0,12045200.0,11575437200.0,107287740.655,12358.0,0.262510795181,0.0,455.0,8.4,5029.39302641,609482679.888,4015058.0,28.13438242,1.26387225025,44.0397284165,164541.0,91169.0,27990252.0,85164.0,50173.0,3576079.92568,330571.0,317679101.0
1374,2013-11-28,1009.0,12049750.0,12158197750.0,133069241.488,12405.0,0.258938318681,0.0,411.0,8.01666666667,5514.15380003,609482679.888,4623238.0,32.98440093,1.34400938558,45.3214194687,180643.0,102010.0,28092262.0,93911.0,56738.0,3492155.69518,340920.0,343988520.0
1375,2013-11-29,1083.9,12054375.0,13065737062.5,82504446.033,12446.0,0.225192113514,0.0,450.0,7.55,6505.60945041,707408283.051,5040135.0,25.92092417,1.31131459407,55.748155604,160752.0,90409.0,28182671.0,83714.0,50838.0,2819146.40427,354606.0,384357424.0
1376,2013-11-30,1119.96,12058375.0,13504897665.0,78426266.7596,12485.0,0.24467779375,0.0,497.0,9.1,5626.4730382,707408283.051,4504479.12,22.01670436,1.73383823385,55.7016263541,150747.0,80868.0,28263539.0,73917.0,47579.0,1908515.75856,231971.0,259798119.0
1377,2013-12-01,970.0,12063250.0,11701352500.0,203716490.208,12518.0,0.173607138462,0.0,337.0,6.18333333333,6857.2640153,707408283.051,4745240.0,17.71816338,2.60645111233,70.639970227,125448.0,67175.0,28330714.0,61331.0,40815.0,1459358.22019,187688.0,182057510.0
1378,2013-12-02,992.27,12067325.0,11974044577.8,84863465.4528,12554.0,0.221588141104,0.0,391.0,8.85,5731.96940766,707408283.051,4062353.38,19.64441022,1.93716949839,54.6573567085,144106.0,74324.0,28405038.0,69250.0,44667.0,1408867.7957,211339.0,209705624.0
1379,2013-12-03,1060.0,12072075.0,12796399500.0,50143732.9712,12592.0,0.200226584211,0.0,274.0,8.35,6681.43673286,707408283.051,5057260.0,21.85614673,2.85115663927,64.6691900463,149257.0,78202.0,28483240.0,71611.0,44869.0,1224061.22254,167336.0,177375733.0
1380,2013-12-04,1151.0,12076500.0,13900051500.0,101136271.972,12630.0,0.216284299435,0.0,293.0,7.23333333333,6224.2857985,707408283.051,5117346.0,21.13728202,2.59993343182,64.1770046904,150637.0,79738.0,28562978.0,72687.0,45605.0,1393612.32981,171004.0,196826039.0
1381,2013-12-05,1028.34,12080775.0,12423144163.5,163765158.879,12672.0,0.247224859649,0.0,337.0,7.56666666667,6013.29305957,707408283.051,4417748.64,21.98836499,1.67010856495,51.9765708571,164289.0,84995.0,28647973.0,78591.0,45988.0,1464895.12129,257229.0,264518651.0
1382,2013-12-06,894.0,12086050.0,10804928700.0,198491561.119,12707.0,0.167581890995,0.0,432.0,6.65,7419.91131912,707408283.051,4731942.0,18.58752694,1.70209424707,66.3880634707,140744.0,71277.0,28719250.0,66006.0,42168.0,1218717.23329,310970.0,278007050.0
1383,2013-12-07,727.29,12090850.0,8793554296.5,138287752.609,12742.0,0.1850748125,0.0,359.0,7.21666666667,6751.76764583,707408283.051,3505537.8,20.50910369,1.6312244523,46.6627327787,143645.0,75125.0,28794375.0,68497.0,38784.0,2246474.25954,295484.0,214902235.0
1384,2013-12-08,722.99,12095325.0,8744799021.75,111429318.081,12766.0,0.136339067039,0.0,360.0,7.11666666667,6294.61671148,707408283.051,3258515.93,32.37259238,2.3492503995,66.2650166755,95996.0,49174.0,28843549.0,44771.0,32641.0,1409374.73157,191848.0,138704496.0
1385,2013-12-09,871.0,12100200.0,10539274200.0,65188635.6457,12794.0,0.143754338462,0.0,279.0,6.06666666667,6857.2640153,707408283.051,4256577.0,12.81918828,3.63723293613,74.300075058,127647.0,57289.0,28900838.0,54531.0,36540.0,1241954.37435,134360.0,117027891.0
1386,2013-12-10,936.98,12105225.0,11342353720.5,73506480.6474,12830.0,0.180376044776,0.0,291.0,6.6,9076.0276243,908350862.437,4726127.12,19.97697104,2.93353178999,69.6308913575,128388.0,67874.0,28968712.0,60322.0,39466.0,883234.451259,171943.0,161107070.0
1387,2013-12-11,886.2,12109175.0,10731150885.0,63107030.848,12863.0,0.209576613924,0.0,326.0,7.73333333333,7134.38987383,908350862.437,3515555.4,17.69299634,1.64426517095,51.4112896857,129666.0,68381.0,29037093.0,60671.0,39989.0,1116560.56977,241263.0,213807083.0
1388,2013-12-12,845.75,12113325.0,10244844618.8,46342028.5848,12891.0,0.170244692771,0.0,363.0,7.41666666667,7495.62480415,908350862.437,3521703.0,14.89978988,3.81915773032,59.0127352246,113825.0,59677.0,29096770.0,52110.0,35182.0,800870.196806,109029.0,92211510.0
1389,2013-12-13,874.0,12117475.0,10590673150.0,36176287.2432,12921.0,0.18072723494,0.0,388.0,7.43333333333,7495.62480415,908350862.437,3639336.0,14.94454362,3.63384241306,60.8309960386,120982.0,59827.0,29156597.0,53311.0,33708.0,1015077.7997,114589.0,100151178.0
1390,2013-12-14,864.7,12122475.0,10482304132.5,33285428.4938,12954.0,0.16724517,0.0,318.0,6.48333333333,9030.87325801,908350862.437,4334741.1,13.21918752,4.36749028916,77.6028697769,113263.0,55858.0,29212455.0,50023.0,30896.0,685149.223496,114780.0,99250160.0
1391,2013-12-15,848.17,12126925.0,10285693977.2,33129493.3788,12984.0,0.168682505618,0.0,343.0,7.15,8037.47719963,908350862.437,3783686.37,11.2711577,3.99486392864,72.9244747037,103782.0,51885.0,29264340.0,47577.0,33684.0,479877.272299,111668.0,94713773.0
1392,2013-12-16,709.0,12131750.0,8601410750.0,172881355.654,13017.0,0.174356300518,0.0,362.0,6.48333333333,8714.79269398,908350862.437,3430851.0,14.01108799,2.86791892043,54.3802662863,137337.0,63090.0,29327430.0,55917.0,36861.0,1464660.9481,168729.0,119628591.0
1393,2013-12-17,702.05,12136675.0,8520552683.75,120081767.487,13054.0,0.188330573604,0.0,310.0,6.28333333333,8895.41015914,908350862.437,3468829.05,16.22399978,1.96961853753,48.4554541264,139023.0,71588.0,29399018.0,65237.0,37550.0,2043815.89317,250861.0,176116795.0
1394,2013-12-18,576.16,12141925.0,6995691508.0,184814048.653,13094.0,0.19299062381,0.0,327.0,6.6,9482.41692091,908350862.437,3035210.88,18.50617393,1.53608279276,37.1707024591,153222.0,81656.0,29480674.0,72219.0,41497.0,2028260.30787,342950.0,197594224.0
1395,2013-12-19,653.0,12147325.0,7932203225.0,112027284.494,13126.0,0.148233263889,0.0,342.0,5.76666666667,9753.34311865,908350862.437,3535995.0,15.81127156,2.24185455928,51.3848199494,134257.0,68814.0,29549488.0,61379.0,36230.0,1314311.99474,241541.0,157726334.0
1396,2013-12-20,660.0,12152375.0,8020567500.0,69400154.7998,13159.0,0.164014356436,0.0,331.0,6.15,9121.18199059,908350862.437,3343560.0,16.24572703,2.52101671758,48.1260885211,125004.0,69475.0,29618963.0,59721.0,36704.0,1090953.04334,200951.0,132627443.0
1397,2013-12-21,612.5,12156450.0,7445825625.0,43683946.5688,13190.0,0.195519791411,0.0,271.0,8.68333333333,9568.75370305,1180923195.26,2504512.5,14.69955031,1.34652716412,42.3488755495,110306.0,59140.0,29678103.0,49099.0,33286.0,1054795.09942,303670.0,185997919.0
1398,2013-12-22,637.0,12160600.0,7746302200.0,30054134.705,13215.0,0.154213325301,0.0,315.0,7.86666666667,9744.86573439,1180923195.26,2650557.0,11.14297494,2.69923399894,51.4241895117,98559.0,51543.0,29729646.0,42186.0,28150.0,754702.353646,154155.0,98196637.0
1399,2013-12-23,639.9,12164575.0,7784111542.5,29966966.9208,13242.0,0.171588113208,0.0,291.0,8.75,9333.93766126,1180923195.26,2550641.4,11.43633559,2.99628274261,49.019687506,105307.0,52033.0,29781679.0,44607.0,29185.0,801056.180241,133032.0,85126859.0
1400,2013-12-24,647.27,12168725.0,7876450630.75,22353701.8716,13271.0,0.178792692771,0.0,326.0,8.05,9744.86573439,1180923195.26,2693937.74,12.64534115,3.23826123267,47.3684368406,135360.0,56872.0,29838551.0,48392.0,28594.0,752936.87189,128526.0,83190871.0
1401,2013-12-25,658.07,12173025.0,8010702561.75,29823371.5705,13301.0,0.174562517442,0.0,291.0,6.93333333333,10097.0897971,1180923195.26,2837597.84,12.45799785,1.48077457392,49.715259036,120437.0,57077.0,29895628.0,48430.0,25470.0,1097540.47618,291199.0,191629293.0
1402,2013-12-26,734.42,12177500.0,8943399550.0,63734583.7994,13328.0,0.155150486034,0.0,309.0,6.61666666667,10508.0178702,1180923195.26,3294608.12,11.77737607,4.91126137352,67.8251800309,97504.0,48575.0,29944203.0,41892.0,28105.0,553891.020457,91341.0,67082728.0
1403,2013-12-27,715.51,12181875.0,8716253381.25,36702829.728,13356.0,0.165544657143,0.0,207.0,7.41666666667,10273.2018284,1180923195.26,3139657.88,13.52135419,3.80708607686,56.9087888345,115404.0,55170.0,29999373.0,47287.0,32960.0,566821.572928,115259.0,82468792.0
1404,2013-12-28,701.61,12185975.0,8549801919.75,27348743.3436,13381.0,0.154920439024,0.0,331.0,7.88333333333,9627.4577135,1180923195.26,2884318.71,11.80259669,4.9338843666,60.3704441468,95474.0,47777.0,30047150.0,40315.0,27995.0,714279.889511,83322.0,58459390.0
1405,2013-12-29,714.79,12189725.0,8713093532.75,23118396.6384,13406.0,0.172609473333,0.0,391.0,8.76666666667,8805.60156722,1180923195.26,2688325.19,11.46103748,6.04412174406,54.8290915951,93084.0,49031.0,30096181.0,39438.0,28307.0,744045.318435,62226.0,44478343.0
1406,2013-12-30,739.1,12194575.0,9013010382.5,19779866.1964,13440.0,0.176177082474,0.0,364.0,7.0,11388.5780269,1180923195.26,3594982.4,14.91471734,4.04169433166,63.6268809402,130692.0,56501.0,30152682.0,47795.0,30637.0,811163.127112,120346.0,88947409.0
1407,2013-12-31,731.0,12198800.0,8917322800.0,27762589.2401,13468.0,0.166055266272,0.0,309.0,7.31666666667,9920.97776574,1180923195.26,3096516.0,11.43245003,4.41337230316,59.1141231721,108166.0,52382.0,30205064.0,46174.0,27907.0,640497.387888,95981.0,70162130.0
1408,2014-01-01,746.9,12203800.0,9115018220.0,14908245.3135,13488.0,0.102705585,0.0,381.0,6.46666666667,11740.8020896,1180923195.26,3741222.1,9.18372917,6.62360866006,90.2020951876,83356.0,41476.0,30246540.0,33625.0,23125.0,525007.902128,75623.0,56483139.0
1409,2014-01-02,758.01,12207450.0,9253369174.5,50622859.7182,13513.0,0.176938582192,0.0,332.0,8.96666666667,10294.911523,1418481395.26,2775832.62,12.12566192,3.71165548957,57.3234887659,103246.0,48424.0,30294964.0,42112.0,27414.0,590706.947708,98662.0,74786915.0
1410,2014-01-03,806.21,12211525.0,9845053570.25,29592240.0527,13545.0,0.199166889571,0.0,319.0,8.95,11493.6340976,1418481395.26,3296592.69,14.56454873,2.19854555154,51.6537298068,125864.0,63821.0,30358785.0,56617.0,34163.0,963612.878254,185987.0,149944252.0
1411,2014-01-04,822.38,12215225.0,10045556735.5,41995707.7694,13572.0,0.186186222973,0.0,322.0,8.95,10435.9377082,1418481395.26,3052674.56,12.68023544,2.66268239801,56.5540509096,103502.0,53978.0,30412763.0,46386.0,32166.0,609284.447731,139408.0,114646590.0
1412,2014-01-05,896.0,12219725.0,10948873600.0,94662992.1168,13602.0,0.167229777778,0.0,280.0,7.06666666667,12692.3566722,1418481395.26,4043648.0,13.24221702,3.02265977523,72.5174943061,106688.0,55761.0,30468524.0,48192.0,31785.0,847976.263008,149306.0,133777808.0
1413,2014-01-06,934.21,12224150.0,11419923171.5,69561799.425,13639.0,0.209701096045,0.0,272.0,8.0,12480.8173943,1418481395.26,4160971.34,29.71047036,2.56143472579,61.5555622291,152700.0,67597.0,30536121.0,60826.0,38546.0,881121.208512,173887.0,162446901.0
1414,2014-01-07,867.38,12228825.0,10607038228.5,110115151.406,13671.0,0.174207016043,0.0,259.0,6.71666666667,13185.9483205,1418481395.26,4068012.2,15.37383323,4.02794183115,65.4800276857,121152.0,62126.0,30598247.0,55344.0,35368.0,866610.190861,116437.0,100994810.0
1415,2014-01-08,825.29,12233750.0,10096391537.5,45155703.9744,13702.0,0.160207101523,0.0,269.0,6.21666666667,13891.0792468,1418481395.26,4076107.31,14.28866784,3.58167800503,64.8194661599,129583.0,62884.0,30661131.0,55054.0,34278.0,1089862.95821,137896.0,113804404.0
1416,2014-01-09,809.17,12238275.0,9902844981.75,52410464.412,13730.0,0.156845298343,0.0,360.0,7.43333333333,12762.8697648,1418481395.26,3671204.29,12.95045939,5.64174902614,62.9007845455,114730.0,58365.0,30719496.0,50774.0,32830.0,594481.550428,80418.0,65072095.0
1417,2014-01-10,827.46,12243325.0,10130861704.5,49763728.9422,13758.0,0.140979891089,0.0,353.0,6.63333333333,14243.6447099,1418481395.26,4188602.52,12.83831463,6.46581632485,73.8131766116,112691.0,56746.0,30776242.0,49153.0,30841.0,613242.716522,78289.0,64780722.0
1418,2014-01-11,891.85,12248500.0,10923824725.0,34383903.0156,13787.0,0.142486666667,0.0,287.0,5.71666666667,14596.210173,1418481395.26,4626025.95,12.47216717,5.37122159159,81.9287678875,110670.0,56464.0,30832706.0,48970.0,32296.0,438326.066949,96570.0,86126142.0
1419,2014-01-12,851.0,12253250.0,10427515750.0,37190900.0988,13813.0,0.137864273684,0.0,381.0,6.78333333333,13397.4875984,1418481395.26,4051611.0,11.56181557,6.08027523235,82.1694451205,98958.0,49308.0,30882014.0,42175.0,30830.0,383751.228528,78302.0,66635322.0
1420,2014-01-13,807.83,12258325.0,9902642684.75,45750690.0678,13840.0,0.135760408867,0.0,326.0,6.11666666667,18058.6488747,1789546951.05,4109431.21,12.27931661,5.60461803206,75.0498796479,110334.0,54756.0,30936770.0,47711.0,31904.0,506489.697443,90764.0,73322235.0
1421,2014-01-14,820.75,12262175.0,10064180131.2,20882097.0248,13867.0,0.181124987013,0.0,267.0,8.01666666667,13699.6646636,1789546951.05,3169736.5,12.63627999,3.81304754336,57.0311898379,133541.0,55579.0,30992349.0,49932.0,30945.0,646592.807824,101284.0,83128691.0
1422,2014-01-15,847.7,12266450.0,10398269665.0,28146119.9822,13897.0,0.178593040936,0.0,321.0,7.43333333333,15211.9653082,1789546951.05,3640023.8,19.48537647,3.284888527,60.2732779176,115087.0,60392.0,31052741.0,51934.0,33520.0,717169.647564,130720.0,110811182.0
1423,2014-01-16,830.9,12271450.0,10196347805.0,19280975.8176,13925.0,0.140422225,0.0,415.0,6.25,17791.7722903,1789546951.05,4165301.7,13.32827534,5.0092205861,72.3243106681,110024.0,57592.0,31110333.0,49623.0,32040.0,599816.188801,100075.0,83152691.0
1424,2014-01-17,793.0,12275275.0,9734293075.0,38944885.7633,13954.0,0.195853398693,0.0,349.0,8.48333333333,13610.7058021,1789546951.05,3044327.0,14.93833901,4.3938461481,52.1315649777,113632.0,58397.0,31168730.0,49365.0,34670.0,464566.520662,87372.0,69286154.0
1425,2014-01-18,801.53,12279350.0,9842267405.5,17964011.6403,13979.0,0.15516208589,0.0,356.0,8.03333333333,14500.2944166,1789546951.05,3275853.11,12.86943728,7.0747358681,61.4721919685,95634.0,53290.0,31222020.0,44588.0,30257.0,358330.770077,57769.0,46303539.0
1426,2014-01-19,833.0,12283950.0,10232530350.0,24316858.692,14004.0,0.138307222826,0.0,346.0,6.7,16368.4305071,1789546951.05,3841796.0,12.06898253,7.60594769125,78.0472127418,94782.0,49224.0,31271244.0,41985.0,28995.0,509881.871757,60637.0,50510418.0
1427,2014-01-20,831.72,12288525.0,10220612013.0,27630959.274,14036.0,0.180032551913,0.0,357.0,6.58333333333,16279.4716457,1789546951.05,3815931.36,13.5138866,5.02854861486,64.8758285588,144276.0,58819.0,31330063.0,51466.0,30394.0,802067.752456,91239.0,75885343.0
1428,2014-01-21,822.56,12292825.0,10111586132.0,18566620.0177,14072.0,0.214486337209,0.0,322.0,7.25,15300.9241697,1789546951.05,3550168.96,16.50972485,3.12939431381,49.638133695,136930.0,71521.0,31401584.0,60309.0,36985.0,615535.644633,137918.0,113445881.0
1429,2014-01-22,813.05,12297575.0,9998543353.75,18496940.3137,14105.0,0.174563452632,0.0,377.0,7.8,16902.1836758,1789546951.05,3872557.15,13.93433582,5.61797062147,58.3585573706,131062.0,66358.0,31467942.0,58564.0,36673.0,494014.615475,84782.0,68931602.0
1430,2014-01-23,813.02,12302025.0,10001792365.5,15575698.2254,14137.0,0.184911286517,0.0,395.0,8.93333333333,15834.6773384,1789546951.05,3630947.32,16.03678895,4.95352391019,57.1559702174,127975.0,63527.0,31531469.0,55005.0,34265.0,550964.539668,90158.0,73300289.0
1431,2014-01-24,789.1,12306925.0,9711394517.5,34982710.5232,14170.0,0.17225330102,0.0,391.0,7.25,21375.1267539,2193847870.17,3879215.6,16.99280777,3.75584311408,57.1371952926,127984.0,67893.0,31599362.0,59895.0,36760.0,693140.309203,130889.0,103284815.0
1432,2014-01-25,806.0,12310800.0,9922504800.0,24914520.3922,14197.0,0.179262922581,0.0,380.0,9.45,16903.7992187,2193847870.17,3132922.0,12.38973921,4.90020305954,56.5805566091,108098.0,55371.0,31654733.0,47710.0,31523.0,534461.289353,79323.0,63934534.0
1433,2014-01-26,826.77,12314800.0,10181507196.0,32117081.9952,14223.0,0.164347525,0.0,336.0,8.05,17449.0830644,2193847870.17,3316174.47,11.32315585,6.22372437939,64.2296042998,107203.0,51630.0,31706363.0,46710.0,32199.0,349814.524642,64447.0,53282798.0
1434,2014-01-27,777.0,12318825.0,9571727025.0,49146212.0184,14254.0,0.193695130435,0.0,288.0,8.8,17558.1398336,2193847870.17,3136749.0,12.91506741,3.50651773128,51.6371283706,145032.0,60746.0,31767109.0,54329.0,37100.0,789929.913619,115128.0,89454816.0
1435,2014-01-28,800.2,12322975.0,9860844595.0,45159189.657,14287.0,0.19957263253,0.0,283.0,8.9,18103.4236794,2193847870.17,3331232.6,13.82708352,3.04589095843,50.7137272215,135152.0,65687.0,31832796.0,61216.0,35224.0,752428.662372,136676.0,109368085.0
1436,2014-01-29,803.6,12326925.0,9905916930.0,17741130.5897,14316.0,0.187367588608,0.0,303.0,8.15,17230.9695261,2193847870.17,3184666.8,13.74047422,5.74589939505,51.5435017642,124466.0,61786.0,31894582.0,56810.0,38111.0,482434.929669,68971.0,55425036.0
1437,2014-01-30,799.37,12330925.0,9856971517.25,29879776.3255,14346.0,0.192070475,0.0,389.0,8.45,17449.0830644,2193847870.17,3207871.81,13.37773716,4.3787352094,52.6579853576,129214.0,60919.0,31955501.0,55026.0,33223.0,545337.944101,91647.0,73260237.0
1438,2014-01-31,802.5,12335525.0,9899258812.5,17065995.9337,14377.0,0.169460766304,0.0,397.0,7.38333333333,20066.4455241,2193847870.17,3702735.0,14.04752687,7.08717075712,59.7224955241,132531.0,61999.0,32017500.0,56192.0,35649.0,455912.566543,65104.0,52245602.0
1439,2014-02-01,815.99,12340450.0,10069683795.5,19747516.7406,14406.0,0.150837309645,0.0,417.0,7.21666666667,21484.1835231,2193847870.17,4028542.63,12.87806484,6.95527084727,70.8751342365,123558.0,56840.0,32074340.0,50171.0,30566.0,447692.95368,70982.0,57920715.0
1440,2014-02-02,819.57,12344900.0,10117509693.0,11282778.056,14434.0,0.161818668539,0.0,435.0,7.01666666667,19412.1049092,2193847870.17,3654462.63,9.97459141,7.80655117935,72.5091791667,112877.0,50400.0,32124740.0,44915.0,29402.0,455281.812436,57119.0,46812767.0
1441,2014-02-03,813.8,12349750.0,10050226550.0,13963699.431,14466.0,0.168704670103,0.0,366.0,6.66666666667,21157.0132156,2193847870.17,3956695.6,12.40954994,8.3153262145,67.1753552571,152868.0,58901.0,32183641.0,51992.0,33375.0,528609.739818,58470.0,47583167.0
1442,2014-02-04,809.05,12353975.0,9994983473.75,16606614.5546,14502.0,0.213824863905,0.0,392.0,8.41666666667,18430.5939868,2193847870.17,3428753.9,13.62165633,4.07336194887,52.0992205069,140332.0,65812.0,32249453.0,59321.0,38326.0,678275.460403,104042.0,84175036.0
1443,2014-02-05,800.0,12358250.0,9886600000.0,22769308.1278,14539.0,0.217247450292,0.0,441.0,7.91666666667,22283.1334911,2621404453.06,3430400.0,13.8823951,3.07253758677,50.4826936661,139743.0,67952.0,32317405.0,62067.0,38392.0,653404.23008,139559.0,111647129.0
1444,2014-02-06,778.0,12362425.0,9617966650.0,49922126.963,14577.0,0.229164820359,0.0,376.0,7.55,21761.8906024,2621404453.06,3259042.0,14.96859202,1.98032561688,46.7440512901,142991.0,69721.0,32387126.0,63678.0,39046.0,853640.946022,211531.0,164571017.0
1445,2014-02-07,742.78,12366550.0,9185626009.0,115806099.775,14616.0,0.237899666667,0.0,376.0,7.98333333333,21501.2691581,2621404453.06,3075109.2,15.60584661,2.77424183022,42.7871044942,143818.0,71870.0,32458996.0,65766.0,38807.0,848509.675988,149230.0,110845030.0
1446,2014-02-08,707.0,12370925.0,8746243975.0,37227071.4952,14650.0,0.195672342857,0.0,371.0,8.35,22804.3763798,2621404453.06,3101609.0,12.34375821,5.91857365613,48.4104481106,131014.0,64069.0,32523065.0,57867.0,33335.0,602439.984479,74123.0,52404670.0
1447,2014-02-09,710.0,12374700.0,8786037000.0,39193956.5871,14679.0,0.195115701987,0.0,401.0,7.93333333333,19676.9190477,2621404453.06,2688060.0,11.06004141,4.46211116604,45.3420821807,112334.0,59284.0,32582349.0,52019.0,33916.0,549603.561602,84848.0,60241888.0
1448,2014-02-10,665.0,12378525.0,8231719125.0,112487352.09,14712.0,0.221251496732,0.0,356.0,8.16666666667,19937.540492,2621404453.06,2552270.0,13.307136,3.17942482211,37.7431900861,155591.0,67622.0,32649971.0,61132.0,40595.0,640746.229636,120714.0,80274582.0
1449,2014-02-11,670.0,12382700.0,8296409000.0,71919551.3588,14742.0,0.183302946108,0.0,294.0,7.23333333333,21761.8906024,2621404453.06,2804620.0,11.97222271,3.04274180908,44.6084107393,121449.0,62872.0,32712843.0,57955.0,40090.0,760757.12995,137573.0,92174104.0
1450,2014-02-12,667.01,12386875.0,8262169493.75,25382420.9422,14784.0,0.255354245509,0.0,344.0,7.36666666667,21761.8906024,2621404453.06,2794771.9,15.9470347,4.16246349953,44.4991943317,121999.0,62805.0,32775648.0,56760.0,36459.0,655177.749734,100662.0,67142256.0
1451,2014-02-13,633.99,12391375.0,7856007836.25,39334677.42,14823.0,0.219072305556,0.0,409.0,8.23333333333,23455.9299906,2621404453.06,2861830.86,14.00026739,5.58294673864,42.7854153211,130490.0,66888.0,32842536.0,59093.0,38270.0,601867.433291,80853.0,51260221.0
1452,2014-02-14,672.1,12396150.0,8331452415.0,102323406.368,14866.0,0.225580036649,0.0,347.0,6.63333333333,24889.3479345,2621404453.06,3220703.2,17.1625273,3.33381145829,42.0128254631,148377.0,76660.0,32919196.0,67449.0,41340.0,788230.069134,143739.0,96607239.0
1453,2014-02-15,651.42,12400650.0,8078031423.0,26637109.887,14901.0,0.199906155556,0.0,419.0,7.43333333333,23455.9299906,2621404453.06,2939858.46,13.74692375,6.11646735596,45.8586185596,127810.0,64107.0,32983303.0,55413.0,35322.0,963549.390918,73784.0,48064647.0
1454,2014-02-16,623.5,12405475.0,7734813662.5,40090511.6822,14929.0,0.149080046632,0.0,437.0,6.55,25149.9693788,2621404453.06,3015246.0,11.12655289,4.89816347572,53.0993396143,110198.0,56785.0,33040088.0,48370.0,33958.0,535099.118892,98731.0,61558705.0
1455,2014-02-17,642.0,12409625.0,7966979250.0,31912989.045,14958.0,0.179873753012,0.0,363.0,8.25,25824.939771,3129573174.52,2672004.0,12.38282042,4.13779461154,46.7796004832,114626.0,57119.0,33097207.0,50026.0,33304.0,646105.514076,100585.0,64575559.0
1456,2014-02-18,626.77,12413800.0,7780597426.0,20002597.32,14997.0,0.235972095808,0.0,322.0,8.4,25980.5116973,3129573174.52,2631807.23,24.33053354,3.56970231567,38.5144400217,163002.0,68333.0,33165540.0,56375.0,38437.0,505763.654154,117629.0,73726238.0
1457,2014-02-19,623.93,12418575.0,7748321499.75,13840393.6663,15035.0,0.200957832461,0.0,376.0,7.06666666667,29714.2379293,3129573174.52,2987376.84,13.63818549,5.56611728875,45.0238404847,142987.0,66351.0,33231891.0,59290.0,39700.0,457454.040907,86020.0,53670749.0
1458,2014-02-20,582.7,12422850.0,7238794695.0,47431767.3533,15075.0,0.239193923977,0.0,494.0,8.41666666667,26602.7994026,3129573174.52,2499200.3,14.92340459,4.34084259312,34.8728867245,159962.0,71666.0,33303557.0,63613.0,42878.0,494954.94147,98806.0,57574083.0
1459,2014-02-21,566.16,12427050.0,7035698628.0,47080479.828,15116.0,0.24439035119,0.0,395.0,7.95,26136.0836236,3129573174.52,2385798.24,14.69796906,3.80919399478,32.4540998191,165370.0,73513.0,33377070.0,67627.0,37583.0,614005.67895,110627.0,62632626.0
1460,2014-02-22,603.98,12431150.0,7508165977.0,31121949.3866,15148.0,0.201062347561,0.0,392.0,8.21666666667,25513.7959183,3129573174.52,2483565.76,12.56877924,5.07633079174,41.6070389171,132542.0,59691.0,33436761.0,53496.0,37015.0,376956.444793,81003.0,48924427.0
1461,2014-02-23,626.77,12435700.0,7794323689.0,31738644.6014,15183.0,0.192869928571,0.0,381.0,7.1,28314.0905923,3129573174.52,2858697.97,11.78154841,5.65682433531,48.7566170351,142019.0,58632.0,33495393.0,52230.0,35965.0,403304.454826,80628.0,50535385.0
1462,2014-02-24,545.0,12440250.0,6779936250.0,58264532.4391,15222.0,0.215270214286,0.0,428.0,7.4,28314.0905923,3129573174.52,2486835.0,13.98013914,2.74272451159,36.3062806587,167219.0,68496.0,33563889.0,62090.0,39864.0,753715.243361,166367.0,90670244.0
1463,2014-02-25,528.0,12444500.0,6570696000.0,126825209.469,15271.0,0.289562788235,0.0,396.0,8.0,26447.2274763,3129573174.52,2253504.0,18.46032012,1.60583564979,26.8261511357,208180.0,84004.0,33647893.0,77494.0,44626.0,1064788.54276,265781.0,140332169.0
1464,2014-02-26,585.38,12449025.0,7287410254.5,64629249.3405,15313.0,0.232051972376,0.0,511.0,7.91666666667,28158.5186659,3129573174.52,2657039.82,14.8421543,3.40421938431,37.1473684063,166920.0,71527.0,33719420.0,66512.0,42452.0,686983.724601,133335.0,78051369.0
1465,2014-02-27,585.17,12453575.0,7287458482.75,25699641.279,15352.0,0.216571807692,0.0,618.0,7.06666666667,28314.0905923,3129573174.52,2670130.71,13.92144316,3.06984415792,37.3721879155,164199.0,71447.0,33790867.0,65279.0,42924.0,621739.937356,148639.0,86979357.0
1466,2014-02-28,577.97,12458275.0,7200509201.75,28156595.9738,15391.0,0.209266180851,0.0,460.0,6.98333333333,35659.9638678,3815723798.81,2725128.55,15.28626504,3.79279378926,38.0296484691,145830.0,71658.0,33862525.0,64477.0,40105.0,601985.119137,124315.0,71850164.0
1467,2014-03-01,571.5,12461975.0,7122018712.5,18636443.1693,15432.0,0.278161175676,0.0,442.0,10.0,28072.7375129,3815723798.81,2122551.0,14.89760883,4.3216229264,33.5083196514,151446.0,63344.0,33925869.0,58109.0,35910.0,782306.57544,85940.0,49114674.0
1468,2014-03-02,559.88,12465700.0,6979296116.0,7884277.6122,15466.0,0.233452,0.0,416.0,7.96666666667,28262.4181718,3815723798.81,2091711.68,11.10023303,5.27146080065,35.4125261144,139563.0,59067.0,33984936.0,51306.0,38967.0,539949.014988,70872.0,39679925.0
1469,2014-03-03,666.5,12469250.0,8310755125.0,95588953.1568,15509.0,0.309485415493,0.0,405.0,8.98333333333,26934.6535597,3815723798.81,2375406.0,14.75881128,2.64002879753,32.7258524489,187106.0,72585.0,34057521.0,65711.0,46531.0,972398.613729,134999.0,89976519.0
1470,2014-03-04,677.61,12472725.0,8451643187.25,55389505.6704,15562.0,0.383383151079,0.0,373.0,10.85,26365.6115831,3815723798.81,2366891.73,18.22862564,1.8125105581,27.5489050933,201394.0,85916.0,34143437.0,80405.0,51978.0,1100369.10187,192716.0,130586369.0
1471,2014-03-05,664.85,12476750.0,8295167237.5,22447285.2786,15608.0,0.288545670807,0.0,404.0,8.55,30538.5860783,3815723798.81,2685329.15,14.70329167,3.17895617856,36.2011533069,180104.0,74178.0,34217615.0,66518.0,44677.0,695394.899393,127054.0,84472040.0
1472,2014-03-06,657.02,12480800.0,8200135216.0,16132757.9132,15650.0,0.26289545679,0.0,452.0,7.93333333333,30728.2667371,3815723798.81,2670129.28,14.8778672,3.29919133535,37.2824150016,171560.0,71619.0,34289234.0,64869.0,43158.0,672160.805753,123182.0,80932841.0
1473,2014-03-07,621.3,12484975.0,7756914967.5,34146433.9302,15690.0,0.240274287425,0.0,452.0,7.2,31676.6700315,3815723798.81,2602004.4,13.19699401,0.449574305302,37.4071565146,154757.0,69559.0,34358793.0,63687.0,41279.0,2335941.88438,931548.0,578770710.0
1474,2014-03-08,609.0,12489350.0,7606014150.0,18734479.636,15728.0,0.220051594286,0.0,445.0,6.21666666667,33194.1153025,3815723798.81,2671683.0,12.98291657,0.943737644755,37.6192708993,154394.0,71019.0,34429812.0,64748.0,39639.0,1754719.95562,464854.0,283095945.0
1475,2014-03-09,637.99,12493450.0,7970696165.5,15497506.8292,15763.0,0.21764229878,0.0,494.0,7.08333333333,31107.6280549,3815723798.81,2623414.88,12.0606882,2.68602595499,42.8040085497,155361.0,61289.0,34491101.0,56901.0,35992.0,626975.060225,153089.0,97669007.0
1476,2014-03-10,621.99,12497575.0,7773366674.25,20539098.3988,15802.0,0.238748533333,0.0,376.0,8.23333333333,31297.3087138,3815723798.81,2574416.61,14.43470377,0.767645756904,38.5472495733,164890.0,66786.0,34557887.0,62205.0,41549.0,1634554.23195,539181.0,335365185.0
1477,2014-03-11,622.9,12501775.0,7787355647.5,11761058.7263,15844.0,0.250747904762,0.0,371.0,8.0,31866.3506904,3815723798.81,2625523.5,15.4523833,1.25560867773,34.5073140919,152037.0,76086.0,34633973.0,69747.0,42465.0,1148465.11472,335694.0,209103644.0
1478,2014-03-12,642.1,12505975.0,8030086547.5,18735045.4008,15887.0,0.258211910714,0.0,364.0,11.2666666667,31866.3506904,3815723798.81,2707735.7,17.27911595,1.41040070682,35.6191965167,165460.0,76019.0,34709992.0,70451.0,46297.0,1002730.26826,298993.0,191983433.0
1479,2014-03-13,642.61,12510200.0,8039179622.0,11503499.335,15929.0,0.252502485207,0.0,399.0,13.5666666667,35706.2319141,4250217919.87,2724023.79,14.85979519,1.17162821128,36.1487312225,165883.0,75356.0,34785348.0,70141.0,47322.0,814550.58779,361804.0,232498993.0
1480,2014-03-14,636.47,12513675.0,7964578727.25,11909221.2534,15968.0,0.282500683453,0.0,434.0,12.4333333333,29367.8475506,4250217919.87,2220643.83,14.00794115,1.5772907903,32.3073227613,139218.0,68735.0,34854083.0,64302.0,41537.0,689820.957108,221202.0,140788486.0
1481,2014-03-15,636.29,12518050.0,7965110034.5,4328448.3729,16003.0,0.203805371429,0.0,431.0,10.7333333333,36973.9087867,4250217919.87,2790767.94,11.78133769,2.35778224425,42.3498124374,128219.0,65898.0,34919981.0,61481.0,42276.0,506583.719687,186022.0,118364109.0
1482,2014-03-16,634.94,12522000.0,7950718680.0,5281163.75,16031.0,0.179530031646,0.0,408.0,14.8666666667,33382.1576475,4250217919.87,2514362.4,10.38601922,6.74459386409,42.8122322493,121995.0,58730.0,34978711.0,53512.0,36196.0,462623.860954,58714.0,37279671.0
1483,2014-03-17,624.7,12526450.0,7825273315.0,11200799.8609,16063.0,0.184388932584,0.0,392.0,11.4,37607.7472231,4250217919.87,2788660.8,14.51477994,5.84314420906,42.9440965859,140722.0,64937.0,35043648.0,60315.0,35394.0,517959.636155,76397.0,47725346.0
1484,2014-03-18,627.0,12530075.0,7856357025.0,19340668.4273,16090.0,0.191201331034,1.0,277.0,8.01666666667,30635.5244233,4250217919.87,2279145.0,10.60617286,4.11097976092,39.3763929441,140518.0,57881.0,35101529.0,54012.0,32055.0,2075230.60838,88422.0,55440433.0
1485,2014-03-19,608.41,12533950.0,7625780519.5,10061282.3598,16122.0,0.212011883871,0.0,338.0,8.11666666667,32748.3192111,4250217919.87,2364889.67,12.4119528,3.23673543011,35.0774955131,130586.0,67419.0,35168948.0,58408.0,36881.0,1602006.3927,120090.0,73064040.0
1486,2014-03-20,590.0,12538125.0,7397493750.0,16682165.8368,16159.0,0.225145718563,0.0,480.0,7.91666666667,35283.6729565,4250217919.87,2470920.0,13.68047528,3.01531107391,34.2626565165,141026.0,72117.0,35241065.0,65858.0,44989.0,775632.172294,138891.0,81945774.0
1487,2014-03-21,579.99,12542650.0,7274611573.5,30926552.1218,16202.0,0.24196120442,3.0,442.0,7.11666666667,38241.5856594,4250217919.87,2633154.6,15.05458024,4.52916441918,35.5923088361,155285.0,73981.0,35315046.0,64789.0,43134.0,619998.798249,100239.0,58137757.0
1488,2014-03-22,557.0,12547050.0,6988706850.0,14058610.528,16244.0,0.242331181818,0.0,424.0,6.8,37185.1882655,4250217919.87,2458598.0,14.60447433,5.89958384988,35.5602192684,137388.0,69139.0,35384185.0,59005.0,37639.0,458635.537179,74819.0,41674092.0
1489,2014-03-23,567.13,12552175.0,7118715007.75,7568877.9766,16275.0,0.152916565854,2.0,377.0,6.31666666667,43312.2931502,4250217919.87,2914481.07,14.39001698,13.1099025019,51.2914200486,131768.0,56822.0,35441007.0,49799.0,33317.0,313956.40341,39199.0,22231142.0
1490,2014-03-24,572.0,12557150.0,7182689800.0,17030460.9586,16312.0,0.18831718593,2.0,321.0,6.65,42044.6162775,4250217919.87,2852564.0,12.36959646,6.19747835648,42.334213885,155589.0,67382.0,35508389.0,57982.0,36314.0,638123.375513,80468.0,46027817.0
1491,2014-03-25,580.02,12560925.0,7285587718.5,10873420.3472,16351.0,0.262789019868,3.0,371.0,8.66666666667,37582.750873,5006860589.21,2197695.78,14.41318613,4.23724603416,30.3197364936,145432.0,72484.0,35580873.0,62131.0,40225.0,585139.69218,89421.0,51866136.0
1492,2014-03-26,585.7,12564875.0,7359247287.5,13081304.0304,16389.0,0.245195892405,1.0,375.0,8.26666666667,39324.9976022,5006860589.21,2322300.5,15.58162914,4.94458779757,33.2246090676,146464.0,69897.0,35650770.0,61430.0,39482.0,501214.933179,80189.0,46966514.0
1493,2014-03-27,520.2,12569050.0,6538419810.0,59363266.1214,16430.0,0.248401077844,1.0,361.0,7.6,41565.0291112,5006860589.21,2178597.6,13.74833968,2.60553549541,30.7104257119,158999.0,70940.0,35721710.0,63326.0,40508.0,756564.796055,160735.0,83614198.0
1494,2014-03-28,503.0,12573625.0,6324533375.0,46086772.1598,16470.0,0.218619251366,1.0,360.0,7.13333333333,45547.3073494,5006860589.21,2307261.0,12.76760033,2.6882850749,33.3636179597,163425.0,69155.0,35790865.0,62230.0,38152.0,806230.248789,170629.0,85826500.0
1495,2014-03-29,499.94,12577900.0,6288195326.0,8179309.9431,16500.0,0.177689491228,3.0,323.0,7.25,42560.5986707,5006860589.21,2141742.96,9.91116708,5.80883613894,38.9769233289,126941.0,54949.0,35845814.0,48911.0,31199.0,509121.73993,73750.0,36870432.0
1496,2014-03-30,449.02,12581625.0,5649401257.5,38016411.8247,16532.0,0.219745818792,4.0,326.0,7.7,37084.9660932,5006860589.21,1677089.7,10.75046791,3.87669072541,30.3090325845,150155.0,55333.0,35901147.0,48087.0,32908.0,551880.314955,96345.0,43260859.0
1497,2014-03-31,457.0,12585825.0,5751722025.0,27405944.2895,16567.0,0.211976255952,0.0,333.0,7.91666666667,41813.9215011,5006860589.21,1924427.0,11.95022358,3.4519354044,30.4999841511,137342.0,63096.0,35964243.0,55077.0,36030.0,729762.05369,121990.0,55749218.0
1498,2014-04-01,479.51,12590300.0,6037174753.0,30189108.9473,16604.0,0.209627832402,0.0,334.0,7.23333333333,44551.7377898,5006860589.21,2151561.37,12.54864889,3.64387552853,33.2585384592,157020.0,64692.0,36028935.0,58640.0,37268.0,703152.602694,123138.0,59045962.0
1499,2014-04-02,445.0,12594925.0,5604741625.0,45304537.992,16642.0,0.208724259459,5.0,426.0,6.8,46045.0921292,5006860589.21,2063910.0,13.09056906,3.86563462658,30.917220924,152718.0,66756.0,36095691.0,60114.0,38175.0,712975.981313,119980.0,53391233.0
1500,2014-04-03,446.31,12600125.0,5623561788.75,32532433.4532,16678.0,0.176568413462,0.0,449.0,5.83333333333,51769.6170966,5006860589.21,2326614.03,13.42152449,3.43191158649,34.5748979076,137224.0,67292.0,36162983.0,61093.0,38862.0,842061.80307,151898.0,67793531.0
1501,2014-04-04,446.01,12605150.0,5622022951.5,17469594.6555,16715.0,0.187797502488,0.0,443.0,5.46666666667,50027.3703674,5006860589.21,2246998.38,13.60614942,3.86238344771,34.2645152338,144468.0,65578.0,36228561.0,57563.0,36118.0,663996.414102,130438.0,58176471.0
1502,2014-04-05,451.84,12609625.0,5697532960.0,10058715.771,16749.0,0.195086083799,2.0,394.0,6.33333333333,54454.1688771,6119726089.13,2027406.08,12.15739669,3.83554166506,34.0111739641,135497.0,59610.0,36288171.0,52538.0,34673.0,753433.734276,116985.0,52858403.0
1503,2014-04-06,459.67,12613175.0,5797898152.25,7673074.7457,16779.0,0.21288584507,0.0,448.0,9.26666666667,43198.2792209,6119726089.13,1635965.53,9.16831339,4.76332615394,34.4733127529,163904.0,47456.0,36335627.0,41548.0,28837.0,450531.728556,74717.0,34345024.0
1504,2014-04-07,447.74,12616825.0,5649057225.5,13092815.4882,16813.0,0.235816212329,0.0,324.0,9.1,44415.1321567,6119726089.13,1640071.62,13.90620728,4.45976414819,26.35838803,134360.0,62222.0,36397849.0,51594.0,34974.0,445138.84883,82134.0,36774851.0
1505,2014-04-08,454.07,12620725.0,5730692600.75,8265718.58,16855.0,0.271801198718,1.0,248.0,8.06666666667,47457.2644962,6119726089.13,1777684.05,15.09697226,3.63109398773,25.3588971627,148772.0,70101.0,36467950.0,59906.0,38017.0,511123.315623,107819.0,48957258.0
1506,2014-04-09,443.1,12624350.0,5593849485.0,10450373.9067,16892.0,0.256335689655,2.0,353.0,8.21666666667,44110.9189228,6119726089.13,1611997.8,13.2776719,4.11163810554,25.078530757,144875.0,64278.0,36532228.0,55882.0,38281.0,485103.878106,88481.0,39205732.0
1507,2014-04-10,401.0,12628725.0,5064118725.0,55199829.5125,16933.0,0.235862731429,2.0,384.0,7.48333333333,53237.3159413,6119726089.13,1762796.0,21.30299867,1.96880747148,25.5203984133,165795.0,69074.0,36601302.0,60009.0,37717.0,851803.105074,223282.0,89536231.0
1508,2014-04-11,427.99,12632450.0,5406562275.5,52943745.9708,16971.0,0.256725127517,2.0,459.0,9.01666666667,45327.7718586,6119726089.13,1600254.61,14.57004853,1.84242985831,23.92939872,146801.0,66874.0,36668176.0,59225.0,38783.0,827736.815184,202939.0,86855660.0
1509,2014-04-12,424.98,12636450.0,5370238521.0,16896820.8552,17001.0,0.1879597625,2.0,386.0,7.28333333333,48674.117432,6119726089.13,1703744.82,9.91757697,5.9138561977,32.8230261814,124543.0,51907.0,36720083.0,46197.0,29302.0,455422.910494,67790.0,28809372.0
1510,2014-04-13,405.0,12641425.0,5119777125.0,19755964.9275,17029.0,0.14314638191,3.0,362.0,7.0,60538.4335561,6119726089.13,2018520.0,9.30580111,9.65841400866,40.8441926346,150009.0,49420.0,36769503.0,41146.0,28166.0,377624.96825,51603.0,20899083.0
1511,2014-04-14,453.14,12645975.0,5730397111.5,41969284.3908,17067.0,0.211740093407,4.0,347.0,6.78333333333,55366.8085789,6119726089.13,2068130.96,14.39419263,4.43790613296,32.1482793676,146634.0,64331.0,36833834.0,55962.0,35602.0,576197.243589,102841.0,46601503.0
1512,2014-04-15,489.91,12650850.0,6197777923.5,39716663.1225,17111.0,0.226575969231,2.0,290.0,6.43333333333,59321.5806203,6119726089.13,2396149.81,16.40310745,3.97048168533,31.9990092412,166401.0,74882.0,36908716.0,65835.0,40395.0,680667.752588,123184.0,60349096.0
1513,2014-04-16,511.5,12654575.0,6472815112.5,45642541.3545,17154.0,0.294427812081,0.0,327.0,8.93333333333,45327.7718586,6119726089.13,1913010.0,15.0145845,2.22001441226,27.9671647028,142870.0,68402.0,36977118.0,63308.0,41948.0,828585.863624,168467.0,86171062.0
1514,2014-04-17,495.0,12658925.0,6266167875.0,29256897.6268,17194.0,0.229992488506,2.0,475.0,7.0,60364.1060676,6978842649.59,2160675.0,15.27722248,3.27174691471,32.1471612212,141012.0,67212.0,37044330.0,60301.0,37575.0,815861.178584,133415.0,66040408.0
1515,2014-04-18,479.98,12662825.0,6077902743.5,15535585.5564,17226.0,0.205786166667,1.0,412.0,9.38333333333,54119.543371,6978842649.59,1877681.76,12.11666488,5.31702840552,33.1745893993,123771.0,56600.0,37100930.0,50198.0,30648.0,671188.436087,73575.0,35314496.0
1516,2014-04-19,499.9,12666900.0,6332183310.0,15006702.5556,17258.0,0.197515828221,3.0,460.0,8.13333333333,56547.9844197,6978842649.59,2043591.2,13.3065243,7.25546265025,36.051710329,127435.0,56685.0,37157615.0,50045.0,31530.0,581524.682025,56344.0,28166242.0
1517,2014-04-20,500.19,12671150.0,6337982518.5,8393616.595,17288.0,0.177233305882,0.0,475.0,7.9,58976.4254684,6978842649.59,2130809.4,10.78653306,9.07505772681,43.1390330809,149260.0,49394.0,37207009.0,43670.0,28051.0,404073.962184,46942.0,23479844.0
1518,2014-04-21,496.5,12675575.0,6293422987.5,11809736.6625,17321.0,0.188540881356,1.0,328.0,7.15,61404.8665171,6978842649.59,2202474.0,11.60986595,3.22646247412,37.9992408689,124225.0,57961.0,37264970.0,53398.0,29691.0,704751.174218,137488.0,68262812.0
1519,2014-04-22,493.33,12679425.0,6255140735.25,9536375.6682,17361.0,0.265447798701,2.0,301.0,8.55,53425.7030714,6978842649.59,1906720.45,15.41285036,4.61626460889,26.0153966326,150856.0,73292.0,37338262.0,67222.0,36561.0,767457.152625,83726.0,41304401.0
1520,2014-04-23,487.3,12683800.0,6180815740.0,7615953.3142,17400.0,0.225795028571,1.0,378.0,7.6,60711.0262174,6978842649.59,2138759.7,14.28109385,3.6974471406,29.6444717036,134126.0,72147.0,37410409.0,67166.0,38085.0,722510.506033,118704.0,57844227.0
1521,2014-04-24,491.6,12687475.0,6237162710.0,8176399.8204,17438.0,0.259290183673,2.0,406.0,9.28333333333,50997.2620227,6978842649.59,1813512.4,14.18530262,4.88630819185,26.8037127359,129810.0,67659.0,37478068.0,62271.0,37279.0,559681.808037,75497.0,37114163.0
1522,2014-04-25,459.15,12691575.0,5827336661.25,38579703.624,17482.0,0.271414664634,0.0,437.0,8.0,56894.9045695,6978842649.59,1888943.1,14.40370555,3.29914235856,24.2054268433,157853.0,78038.0,37556106.0,71984.0,42541.0,550861.729103,124699.0,57255580.0
1523,2014-04-26,463.88,12696025.0,5889432077.0,10014137.502,17515.0,0.186206410112,2.0,362.0,7.06666666667,61751.7866669,6978842649.59,2068904.8,10.52495082,5.63119502151,35.4040214248,131955.0,58437.0,37614543.0,53383.0,36143.0,407118.297315,79202.0,36740067.0
1524,2014-04-27,440.1,12700200.0,5589358020.0,8216763.219,17546.0,0.187302538922,1.0,355.0,8.2,57935.6650189,6978842649.59,1842258.6,11.27509025,6.7887255962,36.5585529449,147987.0,50392.0,37664935.0,45405.0,31781.0,278902.366393,61661.0,27137031.0
1525,2014-04-28,447.0,12704350.0,5678844450.0,19378805.621,17581.0,0.214650746988,0.0,389.0,7.58333333333,57588.7448691,6978842649.59,1860414.0,12.34031962,3.97990687652,29.5839137487,133142.0,62886.0,37727821.0,56288.0,34782.0,482175.410625,104575.0,46745164.0
1526,2014-04-29,447.7,12708300.0,5689505910.0,13408409.898,17618.0,0.235277873418,1.0,337.0,8.16666666667,54813.3836706,6978842649.59,1773787.4,12.17060621,4.11051241868,27.6260750385,145888.0,64207.0,37792028.0,58686.0,35609.0,566494.921811,96387.0,43152464.0
1527,2014-04-30,449.0,12711950.0,5707665550.0,11247420.5208,17654.0,0.253237856164,2.0,507.0,7.66666666667,58067.9246281,8000872135.97,1644238.0,12.53470401,3.72813906593,25.7125119239,137816.0,63947.0,37855975.0,57558.0,35995.0,548190.837596,98226.0,44103451.0
1528,2014-05-01,460.01,12716150.0,5849556161.5,10804490.97,17690.0,0.214350630952,0.0,412.0,7.65,66817.8858734,8000872135.97,1937562.12,12.01720682,5.57941764762,31.8102465933,134499.0,60910.0,37916885.0,56146.0,36787.0,471807.902522,75492.0,34726960.0
1529,2014-05-02,447.51,12720400.0,5692506204.0,7992027.9424,17723.0,0.199964776471,1.0,432.0,6.96666666667,67613.3368957,8000872135.97,1906840.11,11.50948836,6.18685601163,31.5696778199,128157.0,60401.0,37977286.0,53800.0,33932.0,498876.556559,68872.0,30820826.0
1530,2014-05-03,434.5,12724000.0,5528578000.0,8855097.3012,17753.0,0.208709527778,1.0,438.0,8.21666666667,57272.4736058,8000872135.97,1568979.5,11.0080935,5.08412931416,27.9615679356,103028.0,56112.0,38033398.0,48488.0,32694.0,658967.992093,71025.0,30860338.0
1531,2014-05-04,436.21,12727800.0,5551993638.0,4521302.9478,17783.0,0.201215625,1.0,407.0,7.63333333333,60454.277695,8000872135.97,1661523.89,9.99820449,7.36311903143,32.4193457689,138218.0,51251.0,38084649.0,45157.0,30506.0,454251.726535,51731.0,22565490.0
1532,2014-05-05,427.83,12730925.0,5446671642.75,8503701.1245,17817.0,0.277194016,1.0,337.0,8.36666666667,49715.6888939,8000872135.97,1342102.71,12.36926791,4.96959413595,21.1577997257,113712.0,63433.0,38148082.0,55470.0,34576.0,575576.643109,63124.0,27006284.0
1533,2014-05-06,430.33,12735575.0,5480499989.75,9859103.228,17858.0,0.225293607527,2.0,311.0,7.0,73976.9450741,8000872135.97,2007489.45,15.21115475,6.32442873577,26.1609863688,144937.0,76736.0,38224818.0,67980.0,38159.0,661019.796765,73762.0,31741831.0
1534,2014-05-07,446.65,12739650.0,5690164672.5,14317047.981,17897.0,0.241381398773,3.0,446.0,7.98333333333,64829.2583176,8000872135.97,1825905.2,13.38035393,3.78988500555,25.9273145519,137586.0,70424.0,38295242.0,64083.0,37231.0,799617.092758,107866.0,48178380.0
1535,2014-05-08,441.5,12743550.0,5626277325.0,7772884.4048,17934.0,0.241764935897,0.0,415.0,8.13333333333,62045.1797396,8000872135.97,1727589.5,13.58134445,4.8438046035,25.259741494,140822.0,68393.0,38363635.0,61626.0,36474.0,1310228.9317,80784.0,35665962.0
1537,2014-05-10,452.42,12752125.0,5769316392.5,3992390.343,18004.0,0.182742915254,1.0,438.0,6.63333333333,70397.4154738,8000872135.97,2006482.7,10.8683326,7.68980894366,33.556028096,119139.0,59795.0,38491123.0,55633.0,34869.0,730814.540275,57674.0,26092751.0
1538,2014-05-11,435.0,12756275.0,5548979625.0,11772057.1373,18034.0,0.186400716867,1.0,378.0,7.85,66022.4348511,8000872135.97,1809165.0,9.32474235,8.49265792482,35.0165486006,143525.0,51666.0,38542789.0,48439.0,30529.0,481606.520488,48972.0,21302695.0
1539,2014-05-12,441.5,12760200.0,5633628300.0,5570250.3038,18073.0,0.251733356688,1.0,303.0,7.76666666667,69096.5967636,8853416309.13,1738185.5,12.74240695,5.75331261326,24.8085393355,130988.0,70064.0,38612853.0,63435.0,35658.0,535630.484164,68430.0,30211908.0
1540,2014-05-13,438.95,12764450.0,5602955327.5,5905786.458,18112.0,0.232403835294,3.0,328.0,7.0,74817.9710179,8853416309.13,1871243.85,13.05030601,5.07849047181,26.4778674723,125036.0,70672.0,38683525.0,63900.0,38581.0,708545.995809,83942.0,36846458.0
1541,2014-05-14,447.49,12768200.0,5713641818.0,6666880.5786,18151.0,0.260848866667,0.0,341.0,7.4,66015.8567805,8853416309.13,1683457.38,12.04391208,3.48183209145,24.0387454127,131116.0,70031.0,38753556.0,63119.0,37588.0,634329.025943,108047.0,48349758.0
1542,2014-05-15,448.99,12772350.0,5734657426.5,6038938.1997,18192.0,0.250315012048,1.0,388.0,7.5,73057.5481704,8853416309.13,1868696.38,12.75536468,4.0709808747,25.6826648892,151809.0,72761.0,38826317.0,68081.0,38146.0,790157.093207,102236.0,45902853.0
1543,2014-05-16,449.51,12776900.0,5743344319.0,4410263.871,18231.0,0.216044494505,0.0,399.0,6.26666666667,80099.2395604,8853416309.13,2050664.62,12.02164864,5.94160045043,29.7659358716,127748.0,68893.0,38895210.0,62685.0,37421.0,767480.928566,76781.0,34513674.0
1544,2014-05-17,449.08,12781475.0,5739904793.0,2062977.0218,18264.0,0.185614333333,1.0,425.0,7.1,80539.3452722,8853416309.13,2058582.72,9.7917159,10.4171471085,37.0401914461,115383.0,55577.0,38950787.0,50924.0,34457.0,484797.373225,44004.0,19761483.0
1545,2014-05-18,447.14,12785325.0,5716830220.5,2031245.9704,18296.0,0.211611675325,1.0,472.0,7.18333333333,67776.279628,8853416309.13,1725066.12,8.92569908,7.72329434765,34.0511659857,151855.0,50661.0,39001448.0,45521.0,32900.0,324600.827374,49953.0,22335885.0
1546,2014-05-19,446.42,12789750.0,5709600195.0,4807366.581,18334.0,0.219323966102,0.0,346.0,6.53333333333,77898.711001,8853416309.13,1979872.7,10.7224626,6.29591335319,32.7967250861,127935.0,60368.0,39061816.0,55903.0,35816.0,478218.721478,70443.0,31446950.0
1547,2014-05-20,485.01,12794225.0,6205327067.25,31623706.4352,18375.0,0.230538435754,1.0,357.0,6.83333333333,78778.9224247,8853416309.13,2176239.87,12.69875738,3.63383458784,31.2893931159,153007.0,69552.0,39131368.0,64563.0,39480.0,1283778.26138,123478.0,59888248.0
1548,2014-05-21,494.87,12798675.0,6333680297.25,11853116.3016,18419.0,0.250118679775,0.0,389.0,6.53333333333,78338.8167129,8853416309.13,2208604.81,13.27575617,4.1868050119,31.0546233127,145579.0,71120.0,39202488.0,65595.0,41006.0,880729.109761,106597.0,52751556.0
1549,2014-05-22,523.84,12802850.0,6706644944.0,23581401.6489,18459.0,0.241909449102,2.0,519.0,7.45,73497.6538823,8853416309.13,2193318.08,12.71659841,3.98643107802,30.8804955932,129318.0,71026.0,39273514.0,62786.0,40032.0,802081.579576,105031.0,55019591.0
1550,2014-05-23,527.47,12806800.0,6755202796.0,28262688.1394,18501.0,0.271976867089,0.0,408.0,6.93333333333,69536.7024755,8853416309.13,2089836.14,12.99220611,3.21543035631,28.0165181719,155129.0,74593.0,39348107.0,66578.0,42549.0,1246459.49217,123218.0,64993979.0
1551,2014-05-24,521.52,12811000.0,6681192720.0,9312733.1448,18533.0,0.195073857143,0.0,503.0,7.35,87319.120099,10455720138.5,2196642.24,12.10475911,1.22569038222,37.7780456093,113362.0,58146.0,39406253.0,52616.0,36148.0,973175.146707,343643.0,179216731.0
1552,2014-05-25,575.0,12814775.0,7368495625.0,37305636.3792,18566.0,0.219970655629,1.0,410.0,8.46666666667,78483.2567557,10455720138.5,2175800.0,9.57210433,3.44085198857,40.3463877763,159903.0,53928.0,39460181.0,50254.0,34062.0,808996.965601,109973.0,63234339.0
1553,2014-05-26,584.0,12819000.0,7486296000.0,24116882.5024,18604.0,0.225680775148,1.0,362.0,7.38333333333,87838.8767663,10455720138.5,2473824.0,11.91589205,3.77795436258,37.5989664868,136252.0,65795.0,39525976.0,58215.0,38198.0,716702.794565,112124.0,65480516.0
1554,2014-05-27,581.87,12822225.0,7460868060.75,30111719.869,18643.0,0.304581387597,1.0,295.0,8.26666666667,67048.610076,10455720138.5,1883513.19,12.33282353,2.78708480546,28.0953638126,145771.0,67040.0,39593016.0,60714.0,39976.0,889789.709702,116143.0,67580046.0
1555,2014-05-28,574.33,12826650.0,7366729894.5,14338840.7269,18685.0,0.240597519774,0.0,341.0,6.93333333333,91996.9301043,10455720138.5,2548876.54,13.24677566,3.11282761651,35.2166646863,161438.0,72377.0,39665393.0,66749.0,42630.0,932703.750453,142571.0,81882997.0
1556,2014-05-29,568.0,12829925.0,7287397400.0,14696672.7446,18723.0,0.293787290076,0.0,371.0,7.83333333333,68088.1234105,10455720138.5,1867016.0,12.39205713,4.11224348699,28.3181556196,143379.0,65930.0,39731323.0,58932.0,38910.0,700606.522997,79932.0,45401397.0
1557,2014-05-30,609.03,12834000.0,7816291020.0,21758383.2256,18761.0,0.234589018405,1.0,363.0,7.38333333333,84720.3367627,10455720138.5,2489105.61,12.06522539,3.83117858629,37.1869068499,137258.0,66935.0,39798258.0,61119.0,40539.0,920847.434313,106677.0,64969710.0
1558,2014-05-31,620.45,12837800.0,7965213010.0,10809802.377,18793.0,0.211036934211,0.0,459.0,7.5,79003.0134229,10455720138.5,2363294.05,9.93876923,4.29311209754,42.8396847696,123216.0,55166.0,39853424.0,50349.0,36391.0,602173.780592,88724.0,55048506.0
1559,2014-06-01,674.98,12842275.0,8668278779.5,33943105.652,18827.0,0.192051675978,1.0,438.0,6.63333333333,93036.4434388,10455720138.5,3027285.3,10.68373708,4.60258193739,57.1444673059,164472.0,52976.0,39906400.0,48238.0,34590.0,709780.79247,97445.0,65773632.0
1562,2014-06-04,644.66,12856025.0,8287765076.5,28314851.8464,18943.0,0.207971311475,0.0,411.0,6.43333333333,95115.4701079,10455720138.5,2957055.42,12.26613461,4.46921665212,44.5105053059,154092.0,66435.0,40103925.0,62282.0,38837.0,924375.504073,102635.0,66164960.0
1563,2014-06-05,658.72,12859650.0,8470908648.0,20363030.83,18982.0,0.270565489655,2.0,369.0,7.76666666667,75364.7167521,10455720138.5,2395764.64,12.24567,3.75971703946,35.9212030887,148891.0,66695.0,40170620.0,61399.0,38019.0,1002352.43025,96736.0,63721940.0
1564,2014-06-06,655.75,12863350.0,8435141762.5,12867317.974,19021.0,0.264822304054,2.0,421.0,7.41666666667,86494.3621242,11756551916.9,2433488.25,11.31817452,3.63783922624,37.519669591,150478.0,64859.0,40235479.0,59197.0,37767.0,1178339.32341,102011.0,66893782.0
1565,2014-06-07,654.3,12867175.0,8418992602.5,12086748.3884,19051.0,0.201069555556,2.0,397.0,7.25,89416.4689527,11756551916.9,2508586.2,9.12080675,6.26197656038,47.1396985869,127246.0,53216.0,40288695.0,49794.0,34183.0,577982.861859,61227.0,40060613.0
1566,2014-06-08,652.0,12870925.0,8391843100.0,6016798.8259,19080.0,0.1981356,2.0,387.0,7.36666666667,87663.2048556,11756551916.9,2450216.0,8.70951916,8.16322760171,51.3349256233,153084.0,47730.0,40336425.0,43445.0,29639.0,815990.028892,46036.0,30015285.0
1567,2014-06-09,650.93,12874325.0,8380284372.25,13835416.833,19114.0,0.255088941176,1.0,335.0,8.93333333333,79481.3057357,11756551916.9,2219671.3,10.27619998,6.38312300023,39.6249584947,128287.0,56017.0,40392442.0,52697.0,36679.0,341221.73497,53422.0,34774064.0
1568,2014-06-10,649.89,12878750.0,8369770837.5,13238167.7208,19154.0,0.227906926554,2.0,289.0,6.75,103442.58173,11756551916.9,2883561.93,12.193239,2.56989752649,44.0507474794,150796.0,65460.0,40457902.0,59436.0,36076.0,614894.552003,172653.0,112205327.0
1569,2014-06-11,639.99,12882400.0,8244607176.0,17105184.3993,19190.0,0.252280636986,1.0,321.0,7.8,85325.5193928,11756551916.9,2342363.4,10.95603824,2.48895768462,38.0185908361,141736.0,61611.0,40519513.0,58166.0,37885.0,546126.051873,147050.0,94110214.0
1570,2014-06-12,617.0,12886275.0,7950831675.0,31095210.2611,19227.0,0.239946812903,3.0,377.0,7.71666666667,90585.3116841,11756551916.9,2398279.0,12.15329591,2.65480531621,38.9438481399,140825.0,61583.0,40581096.0,58229.0,38691.0,686936.3531,146414.0,90337283.0
1571,2014-06-13,582.0,12890475.0,7502256450.0,44321513.8395,19265.0,0.231739095238,2.0,394.0,7.35,98182.7894383,11756551916.9,2451384.0,12.22428882,1.3888023829,37.6608747753,151052.0,65091.0,40646187.0,61667.0,38294.0,1167896.17243,303283.0,176510642.0
1572,2014-06-14,557.92,12894875.0,7194308660.0,29442085.176,19299.0,0.194939664773,1.0,412.0,6.96666666667,102858.160364,11756551916.9,2459869.28,9.95194649,6.31424598349,41.7202774715,136421.0,58961.0,40705148.0,51974.0,31217.0,472211.46094,69826.0,38957451.0
1573,2014-06-15,560.49,12899525.0,7230054767.25,15926286.0393,19330.0,0.171566994624,1.0,323.0,6.26666666667,108702.374021,11756551916.9,2611322.91,9.33855066,8.21671886131,48.5538453386,156871.0,53782.0,40758930.0,44881.0,30009.0,448374.428604,56701.0,31780604.0
1574,2014-06-16,595.0,12904600.0,7678237000.0,26264341.6977,19369.0,0.192203817734,2.0,274.0,5.8,118637.537238,11756551916.9,3026170.0,11.12862904,6.08750953167,46.3092414342,144825.0,65347.0,40824277.0,55333.0,35610.0,723679.883041,83548.0,49711134.0
1575,2014-06-17,597.65,12909050.0,7715093732.5,12990613.1968,19407.0,0.216463573034,4.0,261.0,6.38333333333,104027.003095,11756551916.9,2666116.65,11.98842568,6.31547741856,39.6330704623,157183.0,67270.0,40891547.0,61902.0,39292.0,460801.322288,70636.0,42215599.0
1576,2014-06-18,604.6,12913300.0,7807381180.0,14806583.5,19445.0,0.227534682353,2.0,358.0,6.5,113768.842859,13462580114.5,2576805.2,12.23255724,5.01699772889,38.4643718653,153204.0,66992.0,40958539.0,62754.0,39156.0,573046.442966,84951.0,51361498.0
1577,2014-06-19,604.32,12917075.0,7806046764.0,10340809.7056,19481.0,0.238915953642,0.0,327.0,8.11666666667,101053.501598,13462580114.5,2288559.84,12.63691856,4.76047914746,36.7227188703,127162.0,62320.0,41020859.0,56372.0,37517.0,650150.795366,79551.0,48074149.0
1578,2014-06-20,593.33,12921700.0,7666832261.0,15446439.7298,19517.0,0.196476448649,0.0,342.0,5.71666666667,123807.27017,13462580114.5,2750677.88,11.25311797,6.68975110385,45.9334359762,142279.0,59884.0,41080743.0,55889.0,35085.0,609970.364121,69300.0,41117791.0
1579,2014-06-21,590.99,12926425.0,7639387910.75,6909362.0893,19548.0,0.165370835979,0.0,364.0,5.88333333333,126484.184119,13462580114.5,2797746.66,9.11976494,8.20158121988,53.9782496961,131691.0,51831.0,41132574.0,49007.0,32090.0,503587.727899,57721.0,34112284.0
1580,2014-06-22,596.08,12931250.0,7708059500.0,8162524.1202,19580.0,0.167622020725,1.0,335.0,5.9,129161.098069,13462580114.5,2881450.72,9.42521379,9.67798398537,57.1387638065,166479.0,50429.0,41183003.0,45909.0,31867.0,520673.986609,49948.0,29773254.0
1581,2014-06-23,591.5,12935200.0,7651170800.0,9838472.8992,19613.0,0.210141183544,0.0,304.0,8.25,105738.10101,13462580114.5,2341748.5,9.92050289,4.82121359046,41.3385909476,125908.0,56648.0,41239651.0,53514.0,38611.0,493645.538162,82116.0,48571764.0
1582,2014-06-24,585.54,12940150.0,7576975431.0,8096238.486,19650.0,0.19153230303,4.0,300.0,6.01666666667,132507.240506,13462580114.5,2904863.94,11.64240605,2.22479924824,44.8516805114,149893.0,64766.0,41304417.0,59866.0,37809.0,974332.675123,222986.0,130567463.0
1583,2014-06-25,567.0,12944800.0,7339701600.0,16977270.752,19688.0,0.205389887097,0.0,496.0,5.75,124476.498657,13462580114.5,2642787.0,11.5556694,4.41376531557,41.4489805521,150209.0,63760.0,41368177.0,57849.0,38611.0,525512.107241,105601.0,59876020.0
1584,2014-06-26,569.0,12949075.0,7368023675.0,10333593.7159,19724.0,0.214442374269,0.0,514.0,6.21666666667,114438.071346,13462580114.5,2438734.0,11.37751104,3.8055831388,39.1111075472,141973.0,62354.0,41430531.0,57187.0,36246.0,523609.744551,112624.0,64083057.0
1585,2014-06-27,588.97,12953750.0,7629370137.5,13074345.0251,19759.0,0.190207417112,0.0,487.0,6.0,125145.727144,13462580114.5,2759324.45,10.29537954,6.81187426752,43.9936297253,143429.0,62721.0,41493252.0,56295.0,36600.0,465624.735033,68777.0,40507566.0
1586,2014-06-28,597.08,12958425.0,7737216399.0,11638209.5664,19792.0,0.178886315508,0.0,475.0,5.58333333333,125145.727144,13462580114.5,2796722.72,9.87835113,7.28317729674,49.1662310356,123855.0,56883.0,41550135.0,52183.0,33681.0,386544.909906,64313.0,38399762.0
1587,2014-06-29,596.0,12962775.0,7725813900.0,4207594.4365,19824.0,0.188816528736,0.0,386.0,6.71666666667,145472.743416,16818461371.2,2597368.0,8.84416498,8.99895653241,49.7094409676,159773.0,52251.0,41602386.0,44675.0,30801.0,336897.026093,48428.0,28862991.0
1588,2014-06-30,620.0,12965900.0,8038858000.0,32880371.6637,19861.0,0.300029416,0.0,319.0,9.3,104506.281189,16818461371.2,1943700.0,10.90944259,3.63993670908,31.3454498541,136152.0,62009.0,41664395.0,57408.0,38412.0,586067.114662,86128.0,53399280.0
1589,2014-07-01,654.45,12969350.0,8487791107.5,25461746.3492,19906.0,0.327623586957,2.0,358.0,8.31666666667,115374.934433,16818461371.2,2265705.9,12.36328988,2.52018233849,31.8870985448,163651.0,71054.0,41735449.0,64855.0,43320.0,922663.24778,137371.0,89902459.0
1590,2014-07-02,654.0,12972825.0,8484227550.0,15241951.6236,19946.0,0.291206798561,1.0,431.0,8.26666666667,116210.984683,16818461371.2,2281152.0,13.73343865,3.24127512314,33.6830665643,152310.0,67724.0,41803173.0,62842.0,40318.0,953854.065865,107612.0,70378228.0
1591,2014-07-03,644.04,12976150.0,8357159646.0,10376757.0066,19983.0,0.283173616541,1.0,432.0,8.16666666667,111194.683186,16818461371.2,2148517.44,11.08189519,3.82091425274,33.9568441017,142946.0,63272.0,41866445.0,59392.0,38500.0,646583.720674,87309.0,56230454.0
1592,2014-07-04,635.49,12980150.0,8248755523.5,12680605.1673,20017.0,0.21581675625,0.0,444.0,7.36666666667,133768.039923,16818461371.2,2548314.9,10.58824881,4.84806684995,41.1675885688,128352.0,61901.0,41928346.0,57102.0,37788.0,425600.318107,82713.0,52563526.0
1593,2014-07-05,632.78,12983950.0,8215983881.0,5300632.1695,20044.0,0.179346328947,2.0,416.0,7.96666666667,127079.637926,16818461371.2,2409626.24,8.26076745,7.99485878198,49.6676541276,107662.0,48515.0,41976861.0,43684.0,31986.0,402775.097287,47631.0,30139697.0
1594,2014-07-06,634.49,12987675.0,8240549910.75,6059230.606,20077.0,0.222816221477,1.0,399.0,7.85,124571.487178,16818461371.2,2369185.66,9.24924683,8.38938285093,44.3950391635,163209.0,53366.0,42030227.0,47739.0,32001.0,392600.460408,44509.0,28240285.0
1595,2014-07-07,621.98,12991150.0,8080235477.0,11192099.3849,20112.0,0.251923323741,3.0,328.0,8.16666666667,116210.984683,16818461371.2,2167600.3,10.44603741,5.60508595672,36.1351031907,136897.0,59986.0,42090213.0,56650.0,39418.0,427135.812613,62176.0,38672026.0
1596,2014-07-08,623.7,12995200.0,8105106240.0,5764599.506,20154.0,0.265129765432,4.0,344.0,7.1,135440.140422,16818461371.2,2533469.4,12.21686237,4.37053197642,36.1707175695,192201.0,70042.0,42160255.0,65142.0,40479.0,400562.566875,92941.0,57967072.0
1597,2014-07-09,624.84,12999175.0,8122404507.0,5747792.064,20198.0,0.276756968553,1.0,412.0,7.4,132931.989673,16818461371.2,2490612.24,11.9361757,4.4614370656,35.205487879,160879.0,70745.0,42231000.0,64396.0,41866.0,462661.14076,89343.0,55825336.0
1598,2014-07-10,619.78,13003025.0,8059014834.5,9854496.7356,20235.0,0.243934435065,1.0,503.0,7.81666666667,128751.738425,16818461371.2,2392970.58,11.22613459,5.18019847917,37.3050631372,149129.0,64146.0,42295146.0,58507.0,37325.0,509362.754062,74534.0,46194573.0
1599,2014-07-11,630.31,13006775.0,8198300350.25,8790759.7706,20271.0,0.2448331,1.0,410.0,7.8,125407.537427,16818461371.2,2370595.91,11.12342321,5.20746158025,39.5435438456,145718.0,59949.0,42355095.0,57127.0,37903.0,439592.253131,72223.0,45523061.0
1600,2014-07-12,631.98,13010900.0,8222628582.0,7010324.1442,20303.0,0.193943406061,1.0,401.0,6.28333333333,137948.29117,16818461371.2,2612605.32,9.01518862,7.70552667009,48.2199538584,145144.0,54181.0,42409276.0,51347.0,33421.0,457155.405273,53650.0,33905603.0
1601,2014-07-13,630.9,13014750.0,8211005775.0,5858427.1317,20336.0,0.217753019481,1.0,392.0,7.41666666667,132716.120673,17336316978.5,2434643.1,9.32359299,6.39108925486,45.8303013761,165376.0,53123.0,42462399.0,48085.0,31374.0,503290.924717,60381.0,38094337.0
1602,2014-07-14,622.8,13018375.0,8107843950.0,6970269.2466,20370.0,0.235219475862,0.0,340.0,6.96666666667,124959.983751,17336316978.5,2264500.8,11.35018792,5.69342054399,37.8192093792,133673.0,59877.0,42522276.0,53369.0,34054.0,448907.651251,63863.0,39773995.0
1603,2014-07-15,623.17,13021825.0,8114810685.25,6665757.4137,20409.0,0.287732275362,2.0,322.0,8.4,118927.432811,17336316978.5,2156791.37,11.87785856,5.15149936896,31.0459237668,151679.0,69471.0,42591747.0,61612.0,41519.0,597198.165472,67184.0,41867255.0
1604,2014-07-16,619.48,13025950.0,8069315506.0,8041499.6675,20447.0,0.235211624242,4.0,413.0,6.75,142195.843579,17336316978.5,2562788.76,12.33196333,3.85433743475,37.8176510691,151081.0,67767.0,42659514.0,60139.0,39933.0,567687.7767,107334.0,66491033.0
1605,2014-07-17,626.0,13030225.0,8156920850.0,10246627.6454,20486.0,0.232305315789,2.0,467.0,6.46666666667,147366.601527,17336316978.5,2683662.0,12.74168175,6.0044444828,39.098779102,146474.0,68638.0,42728152.0,61928.0,41044.0,473771.877985,71397.0,44694593.0
1606,2014-07-18,629.86,13034200.0,8209721212.0,8060212.73,20523.0,0.23774691195,3.0,471.0,7.58333333333,137025.08563,17336316978.5,2510621.96,11.60568116,4.95221264573,40.2169247281,141439.0,62427.0,42790579.0,57314.0,37771.0,552675.727971,80489.0,50696974.0
1607,2014-07-19,630.92,13038500.0,8226250420.0,4365861.682,20557.0,0.198932,1.0,435.0,6.75,148228.394518,17336316978.5,2719265.2,10.4567612,5.82714077637,46.4911130108,132003.0,58490.0,42849069.0,52995.0,34298.0,348919.263397,73964.0,46665514.0
1608,2014-07-20,623.77,13042750.0,8135676167.5,3556241.2044,20591.0,0.200716311765,0.0,402.0,6.33333333333,146504.808536,17336316978.5,2656636.43,9.50599823,10.0889388608,48.530130978,176955.0,54742.0,42903811.0,50857.0,31659.0,261004.707931,42215.0,26332169.0
1609,2014-07-21,619.14,13046475.0,8077594531.5,7262329.3828,20626.0,0.239163838926,4.0,410.0,7.73333333333,128407.155717,17336316978.5,2312487.9,10.02036474,4.59815905542,37.5525803832,135230.0,61580.0,42965391.0,57612.0,37692.0,419218.176559,81228.0,50291603.0
1610,2014-07-22,621.03,13050050.0,8104472551.5,5654349.1852,20665.0,0.274400755245,0.0,329.0,7.85,123236.397768,17336316978.5,2227013.58,11.8573934,3.3589423829,33.278247187,134257.0,66921.0,43032312.0,62921.0,40754.0,409845.879944,106760.0,66301035.0
1611,2014-07-23,622.01,13053700.0,8119531937.0,6221296.068,20703.0,0.26634769863,0.0,437.0,8.03333333333,125821.776742,17336316978.5,2277178.61,11.23511096,4.95891130083,33.0500081276,155345.0,68901.0,43101213.0,65037.0,42193.0,411686.293898,73827.0,45920939.0
1612,2014-07-24,601.18,13057425.0,7849862761.5,12081769.0656,20740.0,0.249841355705,0.0,434.0,7.5,128407.155717,17336316978.5,2245407.3,10.633025,3.56824124322,34.6433279333,150217.0,64815.0,43166028.0,60982.0,41418.0,518394.673916,104673.0,62927564.0
1613,2014-07-25,602.59,13061350.0,7870638896.5,5776773.282,20778.0,0.246677025478,2.0,368.0,7.18333333333,135301.499648,17336316978.5,2371191.65,10.19839577,4.99733345261,37.557482379,151416.0,63135.0,43229163.0,59317.0,39590.0,504563.972578,78742.0,47449138.0
1614,2014-07-26,595.88,13064850.0,7785082818.0,5439916.944,20810.0,0.234727628571,0.0,439.0,7.68333333333,130395.098647,18736441558.3,2090942.92,9.50827747,6.99581312776,36.346525518,130299.0,57528.0,43286691.0,51209.0,35308.0,349792.160654,50159.0,29888490.0
1615,2014-07-27,592.51,13068875.0,7743439126.25,3480287.001,20842.0,0.199622913043,2.0,452.0,7.51666666667,149954.363444,18736441558.3,2389592.83,8.77568128,7.62162201479,45.0399176326,163986.0,53055.0,43339746.0,49062.0,32803.0,245926.746076,52915.0,31352812.0
1616,2014-07-28,586.96,13072275.0,7672902534.0,11856148.5406,20878.0,0.268159772059,0.0,354.0,8.41666666667,126669.5244,18736441558.3,2000946.64,9.70412523,4.44578251002,33.5949134501,135674.0,59561.0,43399307.0,56163.0,38622.0,443294.082739,76679.0,45007749.0
1617,2014-07-29,581.5,13076000.0,7603694000.0,5468517.9403,20915.0,0.249601154362,0.0,345.0,7.43333333333,138777.640703,18736441558.3,2171902.5,10.6532582,4.88083872203,33.5703742059,147327.0,64697.0,43464004.0,60770.0,39372.0,542927.254693,76524.0,44498551.0
1618,2014-07-30,573.48,13080375.0,7501333455.0,7937929.8264,20953.0,0.21952504,0.0,467.0,6.85,162993.873309,18736441558.3,2514709.8,10.85994311,5.7269525343,39.0228391422,151806.0,64442.0,43528446.0,59532.0,40729.0,401968.064979,76568.0,43910086.0
1619,2014-07-31,586.0,13084225.0,7667355850.0,12830304.0992,20993.0,0.260184227273,1.0,552.0,8.05,143434.608512,18736441558.3,2262546.0,11.02486059,4.58809654018,33.4098137948,152214.0,67721.0,43596167.0,62647.0,42838.0,442521.555651,84153.0,49313391.0
1621,2014-08-02,591.59,13092275.0,7745258967.25,9529477.28,21065.0,0.198767325444,0.0,450.0,6.06666666667,157405.511938,18736441558.3,2504792.06,9.36154144,5.78160905609,41.8246069329,133227.0,59888.0,43725338.0,55899.0,37054.0,371023.994795,73232.0,43323442.0
1623,2014-08-04,593.94,13099450.0,7780287333.0,4377936.211,21130.0,0.264517096296,0.0,363.0,7.78333333333,125738.130838,18736441558.3,2010486.9,10.10701582,3.23512560947,31.8861717313,122118.0,63052.0,43840940.0,59112.0,41169.0,399294.103675,104633.0,62145559.0
1625,2014-08-06,581.6,13106575.0,7622784020.0,5231405.904,21218.0,0.304007169935,1.0,385.0,7.65,142503.21495,18736441558.3,2231599.2,12.93168516,3.28384769732,28.3126008627,175244.0,78820.0,43992688.0,71825.0,46210.0,560463.96262,116845.0,67956842.0
1626,2014-08-07,587.24,13110500.0,7699010020.0,7049099.1858,21258.0,0.260648745223,2.0,435.0,7.16666666667,146228.789197,18736441558.3,2311376.64,11.21723833,3.90776390864,32.6779483119,153189.0,70732.0,44063420.0,65231.0,42994.0,452393.10865,100723.0,59148318.0
1627,2014-08-08,589.3,13114525.0,7728389582.5,4968545.7834,21298.0,0.249542136646,3.0,477.0,6.56666666667,157903.329124,19729645940.6,2378414.8,11.08588192,5.23542837096,34.4074473779,151292.0,69125.0,44132545.0,62814.0,40945.0,297685.622151,77090.0,45429230.0
1628,2014-08-09,588.61,13118850.0,7721886298.5,3441904.0486,21334.0,0.208570924855,1.0,477.0,7.33333333333,169672.521357,19729645940.6,2551035.74,9.89679335,4.70021323974,40.5183567344,130400.0,62960.0,44195505.0,58049.0,38287.0,420310.581754,92209.0,54274894.0
1629,2014-08-10,588.99,13123325.0,7729507191.75,2634769.1966,21369.0,0.199706664804,1.0,427.0,6.68333333333,175557.117473,19729645940.6,2641031.16,9.6259823,8.0721777791,45.1566385118,176751.0,58486.0,44253991.0,53617.0,33834.0,341775.029474,55549.0,32717703.0
1630,2014-08-11,578.97,13127875.0,7600645788.75,8291906.8453,21412.0,0.236615379121,2.0,440.0,6.38333333333,178499.415531,19729645940.6,2640682.17,11.68497448,6.11832386116,37.6251306566,161536.0,70184.0,44324175.0,65330.0,41319.0,495304.617001,74547.0,43160222.0
1631,2014-08-12,569.54,13132400.0,7479427096.0,8518955.031,21457.0,0.248777348066,0.0,359.0,6.4,177518.649512,19729645940.6,2584002.98,12.42984721,4.22734088801,32.7736160012,172608.0,78844.0,44403019.0,72854.0,43168.0,764214.677571,107325.0,61125967.0
1632,2014-08-13,550.14,13136325.0,7226817835.5,17958670.1288,21502.0,0.289628159236,0.0,388.0,7.61666666667,153980.265046,19729645940.6,2165901.18,12.599707,3.16915137768,28.874447481,173743.0,75011.0,44478030.0,69312.0,42747.0,717606.614441,124229.0,68343254.0
1633,2014-08-14,521.66,13140575.0,6854912354.5,28340381.8352,21549.0,0.2822884,2.0,366.0,6.98333333333,166730.223299,19729645940.6,2223314.92,12.6295534,3.09333001151,27.3830862266,168931.0,81193.0,44559223.0,75480.0,44797.0,700727.310472,137780.0,71874482.0
1634,2014-08-15,498.16,13144650.0,6548138844.0,16382166.546,21589.0,0.245926239264,0.0,462.0,6.75,159864.861163,19729645940.6,2034983.6,10.97370877,2.97112311756,29.1971591724,155144.0,69698.0,44628921.0,63678.0,41181.0,796925.764746,137490.0,68492066.0
1635,2014-08-16,509.0,13148925.0,6692802825.0,11536888.1985,21643.0,0.317693871345,1.0,449.0,6.93333333333,167710.989318,19729645940.6,2183101.0,14.69897958,3.94786043344,28.9770371255,161700.0,75339.0,44704260.0,70469.0,47740.0,689805.105894,108641.0,55298333.0
1636,2014-08-17,491.88,13153050.0,6469722234.0,10670100.388,21679.0,0.219334842424,1.0,423.0,7.08333333333,161826.393202,19729645940.6,2047204.56,37.29813075,5.04866437851,34.511784757,180542.0,59319.0,44763579.0,54894.0,35259.0,493900.281272,82438.0,40549429.0
1637,2014-08-18,468.19,13157425.0,6160174810.75,32498727.4704,21717.0,0.219548611429,2.0,383.0,5.98333333333,171634.053396,19729645940.6,2053013.15,10.68090312,2.77077360484,30.2002522801,146537.0,67980.0,44831559.0,63950.0,42329.0,978813.380057,158259.0,74095305.0
1638,2014-08-19,487.5,13162575.0,6416755312.5,18113980.9686,21758.0,0.203301592233,2.0,335.0,5.88333333333,202037.799997,19729645940.6,2516475.0,12.87741605,4.27553670142,33.3493466564,172107.0,75458.0,44907017.0,70875.0,42636.0,655716.688396,120733.0,58857523.0
1639,2014-08-20,507.3,13166525.0,6679378132.5,21166750.5469,21798.0,0.256949234177,1.0,495.0,7.15,187281.346344,23844670038.8,2009922.6,12.02058864,3.87004162023,27.4962734959,163890.0,73098.0,44980115.0,69785.0,42600.0,575101.376527,102376.0,51935426.0
1640,2014-08-21,525.78,13170725.0,6924903790.5,23654104.7418,21841.0,0.258158369048,3.0,445.0,6.66666666667,199134.596112,23844670038.8,2214059.58,11.94405134,3.73584163938,29.3369495164,176373.0,75470.0,45055585.0,71266.0,44423.0,613696.605498,112719.0,59265349.0
1641,2014-08-22,518.25,13174750.0,6827814187.5,20030265.2446,21879.0,0.241991111801,4.0,461.0,7.0,190837.321274,23844670038.8,2091138.75,10.85000669,2.75356076635,30.6465801507,156481.0,68234.0,45123819.0,66732.0,42703.0,3355242.27404,146538.0,75943076.0
1642,2014-08-23,503.88,13178675.0,6640470759.0,12141744.3828,21912.0,0.21369577707,1.0,382.0,7.05,186096.021367,23844670038.8,1982263.92,9.21595098,5.49182287129,32.9339899317,135772.0,60189.0,45184008.0,57973.0,38305.0,667276.921921,71634.0,36094826.0
1643,2014-08-24,510.75,13182775.0,6733102331.25,9065606.496,21945.0,0.206488317073,0.0,407.0,6.96666666667,194393.296205,23844670038.8,2098161.0,8.65681711,6.96096759381,38.132435527,183565.0,55023.0,45239031.0,52680.0,32794.0,483183.158608,59015.0,30141801.0
1644,2014-08-25,503.79,13186125.0,6643037913.75,9772640.7636,21983.0,0.28710758209,1.0,371.0,8.35,158833.546899,23844670038.8,1694749.56,14.33068278,3.00451058544,25.5191091837,148320.0,66411.0,45305442.0,63222.0,39580.0,837227.984516,111965.0,56406843.0
1645,2014-08-26,512.79,13190275.0,6763841117.25,11980423.609,22025.0,0.257294180723,2.0,306.0,6.81666666667,196763.946159,23844670038.8,2134744.77,13.09978465,4.37160852117,28.8795136568,163922.0,73919.0,45379361.0,71269.0,43028.0,1849501.09692,95228.0,48832021.0
1646,2014-08-27,514.84,13194300.0,6792953412.0,10602983.16,22066.0,0.257061490683,0.0,441.0,6.56666666667,190837.321274,23844670038.8,2077894.24,11.61214904,3.49137442288,27.9595016012,160858.0,74318.0,45453679.0,69521.0,44156.0,1473447.11071,115599.0,59515079.0
1647,2014-08-28,509.39,13198825.0,6723349466.75,9749726.9961,22106.0,0.223468364641,4.0,500.0,6.21666666667,214543.820811,23844670038.8,2310083.65,10.66182195,3.50033747193,33.3788528783,166074.0,69208.0,45522887.0,66527.0,41508.0,729893.911345,129559.0,65996027.0
1648,2014-08-29,511.99,13202975.0,6759791170.25,8560175.8688,22142.0,0.221749993976,3.0,453.0,6.85,196763.946159,23844670038.8,2129878.4,10.22007288,5.67570070997,31.4772759518,145588.0,67664.0,45590551.0,65314.0,41823.0,527726.825762,73295.0,37526263.0
1649,2014-08-30,503.88,13207275.0,6654881727.0,5764356.1872,22176.0,0.202384418605,2.0,424.0,6.08333333333,203875.89602,23844670038.8,2171218.92,9.7465966,3.31658735104,34.0135181878,145985.0,63834.0,45654385.0,61887.0,37758.0,643988.266383,129923.0,65465453.0
1650,2014-08-31,477.98,13212150.0,6315143457.0,35488313.9328,22210.0,0.177276866667,3.0,449.0,6.25,231138.370487,23844670038.8,2334454.32,9.02275826,7.07752819302,39.0697113019,172302.0,59751.0,45714136.0,56915.0,36098.0,545659.858164,69007.0,32984034.0
1651,2014-09-01,482.59,13215900.0,6377861181.0,10328701.5815,22247.0,0.25255516,2.0,401.0,8.45,204522.695658,27428630902.3,1814538.4,10.30536727,4.30693945468,27.4078755381,162588.0,66205.0,45780341.0,61965.0,39275.0,687875.755205,87301.0,42130576.0
1652,2014-09-02,483.65,13219475.0,6393599083.75,11886630.6216,22288.0,0.28699606993,2.0,362.0,8.1,194978.303194,27428630902.3,1734368.9,11.41237447,3.0315048554,24.2436838647,153606.0,71539.0,45851880.0,66497.0,44672.0,574246.066162,118291.0,57211483.0
1653,2014-09-03,472.76,13223450.0,6251518222.0,4173413.802,22328.0,0.257071327044,1.0,468.0,7.15,216794.057398,27428630902.3,1884421.36,11.28382249,4.05476923713,26.1594391693,148218.0,72036.0,45923916.0,66433.0,44027.0,512676.887924,98304.0,46474195.0
1654,2014-09-04,486.0,13227625.0,6428625750.0,13649084.3335,22367.0,0.237355419162,0.0,605.0,7.41666666667,227701.9345,27428630902.3,2034396.0,11.15620263,4.72794776374,28.6776994643,152304.0,70940.0,45994856.0,67680.0,42547.0,443030.791792,88537.0,43029156.0
1655,2014-09-05,485.91,13231350.0,6429245278.5,7444080.2055,22404.0,0.254376812081,0.0,489.0,6.86666666667,203159.211021,27428630902.3,1814873.85,10.7140055,4.14830870418,27.0682772044,155908.0,67048.0,46061904.0,63656.0,42104.0,446975.739535,90037.0,43749730.0
1656,2014-09-06,481.09,13235550.0,6367490749.5,4955198.625,22442.0,0.227665958333,0.0,417.0,7.25,229065.419137,27428630902.3,2025388.9,10.4899443,4.34247413134,29.9928756534,143414.0,67529.0,46129433.0,62897.0,39443.0,391892.955391,96949.0,46641358.0
1657,2014-09-07,480.62,13239650.0,6363240583.0,3646867.2796,22480.0,0.23376525,1.0,411.0,7.46666666667,223611.480587,27428630902.3,1979673.78,19.46564618,6.48201898053,33.2612070095,214360.0,59519.0,46188952.0,55736.0,34213.0,320158.102636,63545.0,30541006.0
1658,2014-09-08,476.61,13243475.0,6311972619.75,18956804.7578,22520.0,0.266806856209,2.0,353.0,7.85,208613.149572,27428630902.3,1828275.96,11.323667,3.61483231016,25.4797775734,151689.0,71754.0,46260706.0,67638.0,42369.0,519189.741208,106118.0,50577061.0
1660,2014-09-10,485.03,13250675.0,6426974895.25,12336656.0988,22620.0,0.364721089744,1.0,500.0,6.98333333333,212703.603485,27428630902.3,1898407.42,14.66467827,3.17417967082,24.8427368256,164564.0,76417.0,46416991.0,72396.0,44073.0,506624.706563,123307.0,59807812.0
1661,2014-09-11,469.0,13254725.0,6216466025.0,9329344.09,22657.0,0.229924209877,0.0,528.0,6.65,220884.511311,27428630902.3,1904140.0,10.27418557,3.96371762118,28.1373664534,147710.0,67673.0,46484664.0,65134.0,40006.0,466172.259654,102429.0,48039245.0
1662,2014-09-12,470.43,13258750.0,6237313762.5,7320072.1734,22693.0,0.229423217391,0.0,422.0,7.56666666667,219521.026673,27428630902.3,1898185.05,10.4459308,4.2381639718,28.628946654,148941.0,66303.0,46550967.0,64582.0,38229.0,454009.527628,95206.0,44787910.0
1663,2014-09-13,479.86,13263175.0,6364467155.5,9323892.522,22726.0,0.189734045198,1.0,431.0,6.23333333333,241336.780877,27428630902.3,2127699.24,9.87754729,6.39326359309,33.9839198837,136734.0,62609.0,46613576.0,60353.0,37114.0,358930.194232,69354.0,33280330.0
1664,2014-09-14,475.49,13267425.0,6308527913.25,5214399.6028,22766.0,0.235917788235,2.0,442.0,7.5,252083.493018,29829733124.0,2025587.4,10.41613288,6.1375482025,30.6753804916,203940.0,66033.0,46679609.0,58907.0,35463.0,332978.297645,69409.0,33003201.0
1665,2014-09-15,475.3,13271125.0,6307765712.5,7972638.0571,22810.0,0.303106939189,1.0,360.0,7.33333333333,219460.923333,29829733124.0,1763838.3,11.9467162,3.71759003659,23.7900016185,161269.0,74142.0,46753751.0,68187.0,41777.0,462681.122412,99823.0,47445745.0
1666,2014-09-16,468.0,13275350.0,6212863800.0,6063459.7056,22862.0,0.312671680473,0.0,360.0,7.1,250600.648941,29829733124.0,1983852.0,14.7337395,4.51704562323,22.2091216443,186658.0,89326.0,46843077.0,82881.0,52306.0,437451.480111,93845.0,43919238.0
1667,2014-09-17,448.0,13280075.0,5949473600.0,9824634.9476,22905.0,0.229668550265,1.0,436.0,6.0,280257.530473,29829733124.0,2122176.0,12.27569456,4.16288262864,26.5990173468,164215.0,79784.0,46922861.0,75113.0,47417.0,462824.868185,113791.0,50978521.0
1668,2014-09-18,428.19,13284700.0,5688375693.0,17128111.0104,22949.0,0.238476232432,1.0,471.0,5.95,274326.154167,29829733124.0,1985517.03,12.45941455,3.08619530115,24.8955165885,168204.0,79754.0,47002615.0,76196.0,46660.0,652489.243619,150250.0,64335430.0
1669,2014-09-19,398.89,13288750.0,5300749487.5,18932062.7668,22988.0,0.24252732716,2.0,497.0,7.78333333333,240220.740405,29829733124.0,1619892.29,11.14791622,2.08991068804,22.6156657406,149539.0,71627.0,47074242.0,69166.0,47014.0,741891.735082,194315.0,77510120.0
1670,2014-09-20,415.56,13293075.0,5524070247.0,14144865.8472,23023.0,0.206691699422,3.0,475.0,6.55,256532.025248,29829733124.0,1801037.04,9.96929167,3.03426687585,28.9021429832,142592.0,62315.0,47136557.0,60173.0,38913.0,720476.681653,142835.0,59356580.0
1671,2014-09-21,406.3,13297450.0,5402753935.0,9192286.6299,23059.0,0.210076902857,0.0,485.0,6.38333333333,259497.713401,29829733124.0,1781219.2,9.80993611,3.61087329237,28.2057164574,172794.0,63151.0,47199708.0,58629.0,36423.0,875032.106063,121411.0,49329319.0
1672,2014-09-22,400.98,13301375.0,5333585347.5,9869834.2057,23100.0,0.261350165605,1.0,522.0,6.73333333333,232806.520022,29829733124.0,1577856.3,10.88655821,4.61599353271,23.025658874,175943.0,68526.0,47268234.0,65891.0,40345.0,507462.729314,85247.0,34182377.0
1673,2014-09-23,423.0,13305150.0,5628078450.0,18225096.036,23141.0,0.275650344371,1.0,447.0,7.4,223909.455563,29829733124.0,1601478.0,11.60787131,3.62820493139,22.5116390216,166664.0,71140.0,47339374.0,68439.0,40319.0,738732.141187,104349.0,44139679.0
1674,2014-09-24,431.91,13309225.0,5748387369.75,10441531.59,23189.0,0.297283233129,0.0,531.0,7.28333333333,241703.584482,29829733124.0,1765648.08,13.42090123,3.11923147107,21.7701726179,171434.0,81104.0,47420478.0,75798.0,42482.0,957227.81909,131058.0,56605228.0
1675,2014-09-25,408.08,13313300.0,5432891464.0,10062556.526,23237.0,0.297995644172,3.0,517.0,7.3,241703.584482,29829733124.0,1668231.04,13.07804471,3.68699264133,21.507800526,167940.0,77564.0,47498042.0,74180.0,42380.0,686077.581674,110876.0,45246389.0
1676,2014-09-26,405.14,13317075.0,5395279765.5,7875757.252,23279.0,0.279908251656,1.0,539.0,7.25,260177.353093,34661425924.0,1548445.08,47.43930673,3.28290257646,21.1311045607,149986.0,73278.0,47571320.0,69279.0,42121.0,596150.468118,116421.0,47166952.0
1677,2014-09-27,400.74,13320275.0,5337967003.5,4288030.7308,23318.0,0.308688585938,1.0,504.0,8.2,220547.690039,34661425924.0,1286776.14,11.34818893,3.72946779561,19.2222541902,145374.0,66942.0,47638262.0,61574.0,38408.0,532351.156041,86098.0,34502943.0
1679,2014-09-29,381.94,13327200.0,5090190768.0,9490167.672,23404.0,0.305161623188,1.0,492.0,8.2,237777.978323,34661425924.0,1321894.34,11.45663317,2.12361000315,18.0382126823,152629.0,73283.0,47773745.0,68262.0,43799.0,654029.329228,162977.0,62247510.0
1680,2014-09-30,382.67,13331000.0,5101373770.0,14386190.6088,23450.0,0.304262763158,1.0,374.0,7.5,261900.381921,34661425924.0,1458738.04,12.33293377,2.82091550285,18.5613696399,184554.0,78590.0,47852335.0,75290.0,47198.0,631639.835305,135133.0,51711511.0
1681,2014-10-01,385.27,13334625.0,5137430973.75,10748970.9074,23495.0,0.315643117241,3.0,469.0,7.75,249839.180122,34661425924.0,1401226.99,12.63437263,2.47603693826,17.9191911454,184739.0,78197.0,47930532.0,74675.0,42895.0,731277.105689,146888.0,56591522.0
1682,2014-10-02,375.85,13338325.0,5013209451.25,10603470.865,23537.0,0.290183527027,1.0,521.0,7.68333333333,255008.266607,34661425924.0,1394779.35,11.80636226,3.12348681866,18.6892583411,161404.0,74630.0,48005162.0,69812.0,43549.0,624053.19042,118810.0,44654562.0
1683,2014-10-03,363.75,13341850.0,4853097937.5,19104053.4195,23578.0,0.291637758865,0.0,613.0,7.56666666667,242947.064808,34661425924.0,1286220.0,11.69504803,2.85294753178,17.6926462901,150641.0,72698.0,48077860.0,67817.0,41111.0,646978.005497,123942.0,45083900.0
1684,2014-10-04,336.0,13345425.0,4484062800.0,29342828.658,23623.0,0.316576160839,3.0,555.0,8.21666666667,246393.122465,34661425924.0,1205568.0,13.09999729,2.0189013644,17.1172511714,137659.0,70430.0,48148290.0,65139.0,37570.0,701363.387795,177720.0,59714061.0
1685,2014-10-05,293.67,13349875.0,3920457791.25,50489372.3796,23665.0,0.23857702809,1.0,533.0,6.28333333333,306699.13146,34661425924.0,1310061.87,11.43225211,1.97506785335,19.6490613892,207383.0,66673.0,48214963.0,62133.0,38310.0,832748.700077,225866.0,66329968.0
1686,2014-10-06,331.2,13353875.0,4422803400.0,52988509.5132,23709.0,0.27906125,2.0,459.0,7.26666666667,275684.612549,34661425924.0,1328774.4,12.29635546,1.60086017545,17.687277374,151236.0,75126.0,48290089.0,70344.0,44797.0,1220734.77883,250615.0,83003776.0
1687,2014-10-07,330.7,13357650.0,4417374855.0,25355984.8422,23754.0,0.303725331126,0.0,432.0,7.03333333333,260177.353093,34661425924.0,1252691.6,13.26892581,2.39150858007,15.9082049654,178444.0,78745.0,48368834.0,74334.0,46017.0,877334.114705,158394.0,52380811.0
1688,2014-10-08,346.26,13360925.0,4626353890.5,27011514.0096,23799.0,0.348238778626,1.0,492.0,8.68333333333,225716.776524,34661425924.0,1138502.88,13.07728331,1.79361478135,14.1738817788,165335.0,80324.0,48449158.0,73207.0,47635.0,767509.055483,183317.0,63475329.0
1689,2014-10-09,378.94,13364475.0,5064334156.5,45933268.4356,23841.0,0.300692359155,0.0,582.0,8.83333333333,247077.56033,35002482026.1,1350163.22,13.35198908,1.59442638945,17.1027971727,156106.0,78944.0,48528102.0,73307.0,45737.0,1095727.48307,223466.0,84680185.0
1690,2014-10-10,358.97,13368450.0,4798872496.5,24399643.3527,23886.0,0.285102383648,2.0,524.0,7.15,276657.268257,35002482026.1,1431572.36,13.41027929,2.16082326538,16.8795599627,164414.0,84811.0,48612913.0,73889.0,46219.0,919976.990281,184559.0,66251247.0
1691,2014-10-11,359.99,13372025.0,4813795279.75,12225887.1075,23922.0,0.252872265734,0.0,493.0,8.15,248817.543149,35002482026.1,1290564.15,10.51275487,2.07366222273,19.6361169436,152027.0,65724.0,48678637.0,61934.0,35821.0,700669.807512,172883.0,62235987.0
1692,2014-10-12,364.83,13375725.0,4879865751.75,14932563.8142,23963.0,0.280437635135,0.0,536.0,8.28333333333,257517.457245,35002482026.1,1353884.13,11.06974068,3.63059505061,21.1723036625,206084.0,63946.0,48742583.0,59581.0,35696.0,462113.008886,102215.0,37290971.0
1693,2014-10-13,381.46,13379550.0,5103763143.0,29128124.7036,24008.0,0.298339555556,1.0,411.0,7.78333333333,266217.371341,35002482026.1,1463662.02,12.83998343,2.36811214987,19.4367101349,181872.0,75304.0,48817887.0,70036.0,41438.0,763961.063203,162028.0,61807124.0
1694,2014-10-14,411.89,13383050.0,5512344464.5,37093444.3964,24056.0,0.347002114286,0.0,467.0,7.36666666667,243597.594692,35002482026.1,1446969.57,13.09047261,1.68522199119,17.7561886589,174859.0,81491.0,48899378.0,75953.0,45779.0,901154.578773,208459.0,85862253.0
1695,2014-10-15,394.0,13386725.0,5274369650.0,24157243.488,24100.0,0.304213068027,1.0,568.0,7.51666666667,255777.474426,35002482026.1,1452678.0,12.64154509,2.41597720221,18.8339059522,175952.0,77131.0,48976509.0,73184.0,44061.0,1182079.05356,152609.0,60127968.0
1696,2014-10-16,378.02,13390475.0,5061867359.5,24399394.8138,24142.0,0.286148353333,0.0,581.0,7.01666666667,260997.422884,35002482026.1,1422111.24,12.18979168,2.90553000496,19.2151228212,163270.0,74010.0,49050519.0,70193.0,41666.0,1054418.56352,129477.0,48944986.0
1698,2014-10-18,389.68,13398050.0,5220952124.0,10840911.282,24221.0,0.234055301775,0.0,553.0,7.25,294057.096449,35002482026.1,1650684.48,11.15788265,3.79103150879,23.7597443648,156631.0,69474.0,49191819.0,64669.0,41342.0,623439.826932,111737.0,43541830.0
1699,2014-10-19,388.99,13401400.0,5213010586.0,4721466.5252,24261.0,0.300912238806,0.0,500.0,8.3,233157.697776,35002482026.1,1307006.4,10.3090553,4.01772156334,20.8573726542,211493.0,62664.0,49254483.0,58026.0,36468.0,469915.196832,83629.0,32531035.0
1700,2014-10-20,384.95,13404850.0,5160197007.5,14310409.018,24305.0,0.323252144928,0.0,483.0,8.08333333333,240117.629053,35002482026.1,1332696.9,12.24408182,2.83136555527,16.9893668014,155800.0,78443.0,49332926.0,71465.0,46187.0,779840.440892,122273.0,47069051.0
1701,2014-10-21,387.0,13408350.0,5189031450.0,12148360.731,24351.0,0.334653521429,1.0,542.0,8.5,243597.594692,35002482026.1,1359144.0,12.99216076,3.3392116878,16.6927942423,175051.0,81421.0,49414347.0,76716.0,45392.0,597224.093844,105175.0,40702541.0
1702,2014-10-22,385.1,13412625.0,5165201887.5,9834008.2884,24396.0,0.268498339181,3.0,537.0,6.75,297537.062088,35002482026.1,1650923.7,12.4960203,2.2344609069,20.754327056,171845.0,79546.0,49493893.0,74600.0,44840.0,856126.741995,191858.0,73884654.0
1703,2014-10-23,363.99,13416200.0,4883362638.0,23483316.0075,24441.0,0.320760398601,1.0,590.0,7.58333333333,255806.390893,35985640265.1,1305632.13,12.58522357,2.59289701095,16.4908760562,163026.0,79173.0,49573066.0,71289.0,43469.0,1056703.00106,138339.0,50354184.0
1704,2014-10-24,358.46,13420275.0,4810631776.5,14548033.4318,24486.0,0.278206355828,4.0,626.0,6.75,291583.508501,35985640265.1,1465384.48,13.03797728,2.54934247547,17.9486848842,165243.0,81643.0,49654709.0,74677.0,43214.0,729895.512446,160355.0,57480880.0
1705,2014-10-25,348.89,13424075.0,4683525526.75,16539946.2634,24528.0,0.279135993421,0.0,539.0,7.78333333333,271906.093817,35985640265.1,1329619.79,11.56370092,3.033959748,18.1048446351,189654.0,73440.0,49728149.0,66299.0,38104.0,967324.38188,125611.0,43824569.0
1706,2014-10-26,355.43,13427325.0,4772474124.75,10065011.0523,24567.0,0.306167961538,2.0,468.0,8.71666666667,232551.264448,35985640265.1,1158701.8,10.7606396,3.57492428975,16.4268653331,183560.0,70537.0,49798686.0,66113.0,36644.0,869465.611571,91191.0,32411926.0
1707,2014-10-27,356.5,13431050.0,4788169325.0,10810426.2336,24614.0,0.318117530201,2.0,465.0,7.23333333333,266539.526175,35985640265.1,1332240.5,12.80693278,3.15565016743,16.6249516441,181920.0,80135.0,49878821.0,74641.0,44008.0,1047668.33218,118423.0,42217623.0
1708,2014-10-28,354.94,13434800.0,4768547912.0,6945617.208,24664.0,0.336881026667,2.0,462.0,7.21666666667,268328.382056,35985640265.1,1335639.22,13.72107912,3.22495050619,15.074934763,177816.0,88600.0,49967421.0,80037.0,47428.0,831304.765164,116684.0,41415805.0
1709,2014-10-29,343.53,13438400.0,4616493552.0,15739258.4362,24712.0,0.335689298611,3.0,545.0,7.81666666667,257595.246774,35985640265.1,1241173.89,13.55763444,2.55554496276,13.7498769221,175287.0,90268.0,50057689.0,79347.0,46517.0,785066.400801,141379.0,48567875.0
1710,2014-10-30,337.0,13442725.0,4530198325.0,23212322.4063,24762.0,0.292451543353,1.0,551.0,6.63333333333,309472.067304,35985640265.1,1462243.0,14.37016784,3.13629350782,15.6661059804,175625.0,93338.0,50151027.0,80386.0,45950.0,713144.344889,138348.0,46623283.0
1711,2014-10-31,340.95,13447425.0,4584899553.75,16504572.9465,24811.0,0.263662090426,3.0,557.0,5.95,336304.90551,35985640265.1,1606897.35,13.21155884,3.35681301988,18.2473410779,174925.0,88062.0,50239089.0,79609.0,45000.0,1213778.65959,140401.0,47869731.0
1712,2014-11-01,327.39,13451425.0,4403862030.75,15368336.7378,24851.0,0.252825975,2.0,623.0,6.58333333333,286216.940859,35985640265.1,1313816.07,13.16989149,3.57362259049,17.6237601277,146848.0,74548.0,50313637.0,67184.0,40316.0,827309.28921,112295.0,36764265.0
1713,2014-11-02,326.41,13455525.0,4392017915.25,7544123.1432,24898.0,0.292299560976,3.0,621.0,7.11666666667,293372.364381,35985640265.1,1342197.92,12.40614973,4.38881319372,17.7007915386,236884.0,75827.0,50389464.0,64662.0,38323.0,559357.271166,93693.0,30582252.0
1714,2014-11-03,325.81,13459400.0,4385207114.0,11180474.8176,24946.0,0.315549851613,0.0,486.0,6.81666666667,277272.661458,35985640265.1,1266423.47,12.83380219,3.08088517437,14.9833590071,157911.0,84522.0,50473986.0,73300.0,44997.0,1042661.3117,126165.0,41105832.0
1715,2014-11-04,328.72,13463500.0,4425721720.0,13484368.4976,24996.0,0.306774012195,2.0,519.0,6.56666666667,293372.364381,35985640265.1,1353011.52,16.9453104,2.81879523275,14.9692598411,184888.0,90386.0,50564372.0,80673.0,45775.0,923157.212577,146020.0,47999638.0
1716,2014-11-05,341.99,13467500.0,4605750325.0,17524755.5005,25045.0,0.306803,1.0,536.0,7.2,314993.428437,39603666252.4,1372405.87,13.4448337,1.75912151651,15.377268877,171401.0,89249.0,50653621.0,79327.0,48836.0,1152156.04524,228125.0,78016547.0
1717,2014-11-06,347.96,13471125.0,4687412655.0,16142615.2623,25095.0,0.346701558621,0.0,619.0,8.55,285462.794521,39603666252.4,1265878.48,13.61566812,2.45992426624,14.0122256783,173515.0,90341.0,50743962.0,80971.0,50698.0,748729.864257,147891.0,51460059.0
1718,2014-11-07,342.26,13474725.0,4611859378.5,16004338.9,25148.0,0.368664395833,1.0,650.0,7.88333333333,283494.085593,39603666252.4,1236927.64,14.19042877,1.99664723168,13.8139380402,163094.0,89542.0,50833504.0,78705.0,46812.0,878920.594059,181003.0,61950234.0
1719,2014-11-08,345.84,13478625.0,4661447670.0,7456068.066,25191.0,0.280683628205,1.0,685.0,7.01666666667,307118.592726,39603666252.4,1352580.24,11.42289968,3.88936405775,17.8088247531,144394.0,75950.0,50909454.0,67080.0,41291.0,610662.429479,100556.0,34776386.0
1720,2014-11-09,356.34,13482100.0,4804211514.0,20481790.1603,25237.0,0.337913964029,0.0,607.0,8.21666666667,273650.540954,39603666252.4,1243626.6,15.08499306,3.46925791191,17.2206904192,223383.0,72217.0,50981671.0,63268.0,38477.0,527379.886903,100598.0,35847049.0
1721,2014-11-10,375.87,13486050.0,5069001613.5,28620676.023,25286.0,0.316004835443,1.0,498.0,7.18333333333,311056.010581,39603666252.4,1489196.94,12.86996556,2.37021916854,17.5573508294,176533.0,84819.0,51066490.0,75820.0,43980.0,892187.114242,167158.0,62829504.0
1722,2014-11-11,365.04,13489575.0,4924234458.0,14882481.9856,25334.0,0.344173531915,0.0,505.0,8.48333333333,277587.95881,39603666252.4,1291511.52,13.37547938,2.2875618304,14.7875096751,168913.0,87338.0,51153828.0,79449.0,47085.0,696341.698642,154662.0,56457994.0
1723,2014-11-12,430.07,13492950.0,5802913006.5,37534065.8368,25385.0,0.381036007407,0.0,560.0,8.08333333333,265775.705243,39603666252.4,1457077.16,13.57996146,1.61151342047,16.6012733425,179505.0,87769.0,51241597.0,82662.0,48232.0,987906.621628,210237.0,90416694.0
1724,2014-11-13,406.56,13496600.0,5487177696.0,53232141.6945,25443.0,0.400460732877,1.0,583.0,7.95,287431.503449,39603666252.4,1490042.4,15.77819904,1.23012496073,14.8830108773,197029.0,100117.0,51341714.0,95109.0,52232.0,1238485.91957,297937.0,121129353.0
1725,2014-11-14,396.56,13500250.0,5353659140.0,27656251.17,25495.0,0.358601390411,0.0,637.0,7.58333333333,287431.503449,39603666252.4,1452599.28,13.66636534,1.19227083091,16.3892913315,200490.0,88631.0,51430345.0,80812.0,45228.0,1507331.41189,307229.0,121834674.0
1726,2014-11-15,373.14,13504000.0,5038882560.0,14203649.0286,25536.0,0.27871554,2.0,624.0,7.11666666667,295306.339159,39603666252.4,1403379.54,11.49113334,2.28148035345,18.7539861822,156976.0,74831.0,51505176.0,69581.0,42041.0,818788.582349,164849.0,61511796.0
1727,2014-11-16,383.65,13507625.0,5182200331.25,11112256.5606,25580.0,0.308625475862,1.0,698.0,8.3,285462.794521,39603666252.4,1394951.4,11.2481313,2.95300572449,19.0208541275,220218.0,73338.0,51578514.0,67707.0,39111.0,696352.42901,123129.0,47238357.0
1728,2014-11-17,378.48,13511425.0,5113804134.0,38938370.702,25632.0,0.344037052632,0.0,492.0,7.5,299243.757015,39603666252.4,1443522.72,14.59071691,2.15760230265,16.9425560733,171933.0,85201.0,51663715.0,78525.0,43470.0,810899.075343,176770.0,66904022.0
1729,2014-11-18,379.91,13515175.0,5134550134.25,30706829.208,25681.0,0.331470566667,0.0,532.0,8.0,295306.339159,39603666252.4,1429601.33,13.12671076,1.63061777267,16.3338207806,176768.0,87524.0,51751239.0,79411.0,45342.0,1003526.48398,230771.0,87672375.0
1730,2014-11-19,374.77,13518600.0,5066365722.0,17608992.5904,25729.0,0.356575912409,0.0,540.0,7.51666666667,274455.576194,40300030327.9,1288459.26,13.42190503,2.40096534056,14.755434088,175445.0,87321.0,51838560.0,81149.0,44642.0,932714.638399,143192.0,53664217.0
1731,2014-11-20,361.7,13522025.0,4890916442.5,23510775.932,25777.0,0.351079459854,2.0,646.0,8.03333333333,274455.576194,40300030327.9,1243162.9,12.9020255,2.03247645751,14.5404271495,177646.0,85497.0,51924057.0,79495.0,44290.0,1049769.08983,169104.0,61164935.0
1733,2014-11-22,359.8,13529075.0,4867761185.0,13675105.2108,25868.0,0.272826518987,0.0,633.0,7.25,316525.409042,40300030327.9,1425167.8,11.58254175,3.40813595421,18.3108207421,166491.0,77832.0,52088466.0,71779.0,39748.0,1010860.91661,116222.0,41816636.0
1734,2014-11-23,362.99,13532600.0,4912198474.0,13429899.7056,25913.0,0.321120787234,2.0,554.0,8.91666666667,282468.877689,40300030327.9,1283532.64,11.46468237,4.20332134001,17.1044181181,224922.0,75041.0,52163507.0,67599.0,36246.0,630481.049042,84124.0,30536153.0
1735,2014-11-24,384.0,13536475.0,5198006400.0,27743551.3628,25962.0,0.317402980645,1.0,539.0,7.2,310515.432921,40300030327.9,1492608.0,12.49930625,2.96396168366,17.8121889805,163316.0,83797.0,52247304.0,73842.0,43888.0,684551.847315,131142.0,50358546.0
1736,2014-11-25,381.03,13539675.0,5159022365.25,27676199.2128,26010.0,0.375813367188,0.0,518.0,9.05,256425.647831,40300030327.9,1223868.36,12.20971239,1.57780389356,14.7786985135,169442.0,82813.0,52330117.0,78211.0,47826.0,971907.562731,203574.0,77567837.0
1737,2014-11-26,371.44,13543250.0,5030504780.0,19644162.8736,26061.0,0.359027104895,3.0,665.0,8.03333333333,286475.528436,40300030327.9,1332726.72,13.02889699,2.11673198592,14.8049491774,180983.0,90019.0,52420136.0,84534.0,47351.0,1104521.73435,169507.0,62961524.0
1738,2014-11-27,372.62,13546525.0,5047706145.5,9560979.6212,26108.0,0.361249557252,2.0,709.0,8.01666666667,262435.623952,40300030327.9,1224429.32,11.78619228,2.52325549599,14.7558939009,178381.0,82979.0,52503115.0,77335.0,45533.0,1029359.48563,130229.0,48525776.0
1739,2014-11-28,376.12,13550400.0,5096576448.0,27761270.9751,26156.0,0.310573606452,0.0,804.0,8.55,310515.432921,40300030327.9,1461602.32,11.65678584,0.95568145209,16.9979452708,175185.0,85987.0,52589102.0,80741.0,48034.0,1213410.976,406621.0,152938232.0
1740,2014-11-29,377.22,13554175.0,5112905893.5,38837921.148,26201.0,0.302248450331,2.0,681.0,7.81666666667,302502.131426,40300030327.9,1428154.92,11.54299905,1.91707689003,17.5336998478,166646.0,81452.0,52670554.0,76097.0,43948.0,1033732.0938,197488.0,74496486.0
1741,2014-11-30,375.96,13558075.0,5097293877.0,9680755.4622,26251.0,0.323831461538,1.0,619.0,7.51666666667,312518.758294,40300030327.9,1470379.56,11.696469,3.75389418188,18.1676373341,245004.0,80934.0,52751488.0,72338.0,40541.0,990440.120575,104185.0,39169446.0
1742,2014-12-01,381.72,13561650.0,5176753038.0,11399028.643,26309.0,0.408290608392,0.0,576.0,8.3,286475.528436,40300030327.9,1369993.08,14.00206215,2.25863180851,14.3876609956,174232.0,95220.0,52846708.0,86252.0,47506.0,1309082.4502,158902.0,60655884.0
1743,2014-12-02,381.93,13565200.0,5180956836.0,13320234.7422,26365.0,0.396053330986,4.0,634.0,9.56666666667,284472.203063,40300030327.9,1361198.52,14.21393491,0.947981492485,13.5058293811,205483.0,100786.0,52947494.0,94405.0,52374.0,1337249.83796,375957.0,143589145.0
1744,2014-12-03,378.25,13568225.0,5132181106.25,14914349.3881,26421.0,0.465200479339,0.0,563.0,9.15,242402.370215,40300030327.9,1149123.5,13.58502718,1.45531319291,11.8105934468,199881.0,97296.0,53044790.0,92810.0,48817.0,1219368.15128,208752.0,78960564.0
1745,2014-12-04,371.67,13571925.0,5044277364.75,16991820.296,26476.0,0.373038168919,1.0,644.0,8.4,294339.755889,40007470271.3,1380382.38,14.05123147,1.93815757839,13.6903309564,186491.0,100829.0,53145619.0,88683.0,49292.0,993707.545622,191625.0,71221370.0
1746,2014-12-05,373.98,13575675.0,5077030936.5,17548067.8395,26528.0,0.347106026667,1.0,553.0,7.08333333333,298317.320158,40007470271.3,1407286.74,13.71698344,1.41342932191,15.1484040904,194141.0,92900.0,53238519.0,86128.0,46581.0,1282269.54823,266232.0,99565413.0
1747,2014-12-06,374.05,13579300.0,5079337165.0,8939396.6812,26574.0,0.323829882759,1.0,591.0,8.06666666667,288373.409486,40007470271.3,1360045.8,11.67542429,1.83262724627,16.262071192,173360.0,83633.0,53322152.0,75452.0,41088.0,680509.661279,198404.0,74212899.0
1748,2014-12-07,375.73,13582350.0,5103296365.5,5588928.5715,26618.0,0.366259459016,5.0,564.0,9.46666666667,242631.420395,40007470271.3,1149733.8,10.89598656,2.78446689163,14.8626989154,232300.0,77357.0,53399509.0,72640.0,39926.0,804717.078002,109895.0,41290985.0
1749,2014-12-08,367.01,13586100.0,4986234561.0,15171597.2082,26671.0,0.354667993333,0.0,556.0,8.25,298317.320158,40007470271.3,1380691.62,12.62220787,2.02018579381,16.3399325428,183776.0,84498.0,53484007.0,80024.0,48592.0,1393038.48136,186220.0,68344784.0
1750,2014-12-09,350.29,13589575.0,4760292226.75,30788758.0714,26722.0,0.36871794964,1.0,560.0,8.66666666667,276440.716679,40007470271.3,1222161.81,14.93934077,1.08073774173,13.6421781062,191539.0,89587.0,53573594.0,86078.0,50121.0,1356402.29981,322835.0,113085882.0
1751,2014-12-10,350.97,13593675.0,4770972114.75,15505400.7171,26773.0,0.31308622561,0.0,625.0,7.05,326160.270039,40007470271.3,1443188.64,12.66263071,2.34901471297,15.9125490931,190602.0,90695.0,53664289.0,87315.0,48043.0,1349030.2628,175052.0,61438042.0
1752,2014-12-11,356.1,13597300.0,4841998530.0,31152376.5343,26822.0,0.341127468966,2.0,742.0,8.9,288373.409486,40007470271.3,1295135.7,12.19265382,2.02208230115,15.0897214228,187113.0,85829.0,53750118.0,82901.0,48125.0,826047.188733,179864.0,64049604.0
1753,2014-12-12,355.08,13600850.0,4829389818.0,14563870.3235,26867.0,0.320646119718,2.0,737.0,7.9,282407.063083,40007470271.3,1264439.88,11.48717516,2.58090038013,15.7851750871,177462.0,80103.0,53830221.0,76365.0,45965.0,748838.746605,137975.0,48992200.0
1754,2014-12-13,350.31,13604425.0,4765766121.75,11033033.484,26910.0,0.306697223776,1.0,742.0,8.95,284395.845217,40007470271.3,1255861.35,10.95838328,2.57117584261,15.7946140205,174655.0,79512.0,53909733.0,75799.0,43546.0,936868.67892,139430.0,48843853.0
1755,2014-12-14,353.28,13607725.0,4807337088.0,10832594.0415,26955.0,0.347786772727,0.0,742.0,9.38333333333,262519.241739,40007470271.3,1169356.8,10.70376498,4.0784895551,15.8179368558,231376.0,73926.0,53983659.0,68435.0,41144.0,602573.156375,81157.0,28671320.0
1756,2014-12-15,352.15,13611550.0,4793307332.5,14934582.1097,27017.0,0.410091490196,1.0,648.0,7.71666666667,304283.666561,40007470271.3,1351903.85,14.79932134,2.71377334943,14.1224926092,215842.0,95727.0,54079386.0,88535.0,50565.0,838145.724525,141464.0,49816388.0
1757,2014-12-16,336.73,13614875.0,4584536858.75,27552833.206,27074.0,0.434819112782,5.0,557.0,8.48333333333,264508.023873,40007470271.3,1124341.47,14.58563393,1.78682555358,11.3811263286,204914.0,98790.0,54178176.0,90848.0,53429.0,987898.297525,186868.0,62923964.0
1758,2014-12-17,318.2,13618050.0,4333263510.0,34354997.7328,27129.0,0.438233795276,1.0,693.0,8.9,252575.331067,40007470271.3,1014421.6,13.840813,1.43291793678,10.8258089302,203993.0,93704.0,54271880.0,88560.0,51062.0,1013157.42906,222483.0,70794117.0
1759,2014-12-18,317.7,13621525.0,4327558492.5,36108512.384,27191.0,0.450917179856,2.0,615.0,8.61666666667,272641.755669,39457671307.1,1108773.0,15.70384421,1.29164124702,10.7479861576,225354.0,103161.0,54375041.0,95565.0,51618.0,1297165.9748,270199.0,85842180.0
1760,2014-12-19,317.63,13624625.0,4327589638.75,15504768.846,27241.0,0.408802967742,3.0,592.0,10.7,243219.983475,39457671307.1,989099.82,14.30375502,1.65474510118,10.7450117325,160502.0,92052.0,54467093.0,86754.0,50106.0,883379.820862,188186.0,59773546.0
1761,2014-12-20,325.7,13628150.0,4438688455.0,13500795.7656,27296.0,0.393664964539,0.0,418.0,7.83333333333,276564.658629,39457671307.1,1152000.9,12.89936506,2.36254340718,12.5911370269,240775.0,91493.0,54558586.0,84341.0,43456.0,755847.598832,149712.0,48761047.0
1762,2014-12-21,326.93,13631775.0,4456636200.75,10142376.624,27342.0,0.323268317241,1.0,497.0,8.08333333333,284410.464547,39457671307.1,1188717.48,11.33814908,3.29700222188,14.7065716513,204217.0,80829.0,54639415.0,75527.0,42166.0,597130.430263,110282.0,36054494.0
1763,2014-12-22,332.53,13635000.0,4534046550.0,14298042.7698,27395.0,0.41735579845,0.0,492.0,9.3,253027.240873,39457671307.1,1076732.14,13.1266531,1.72359213397,12.0390010846,195624.0,89437.0,54728852.0,85763.0,45970.0,1311029.41774,187863.0,62470240.0
1764,2014-12-23,336.96,13639050.0,4595814288.0,10081769.6954,27452.0,0.357477154321,3.0,447.0,7.51666666667,317755.139701,39457671307.1,1369405.44,14.11126208,2.13406853103,13.7256233337,210726.0,99770.0,54828622.0,93782.0,46728.0,1095934.41369,190434.0,64168766.0
1765,2014-12-24,327.59,13642825.0,4469253041.75,8888193.3186,27502.0,0.332148165563,1.0,472.0,7.21666666667,296179.173425,39457671307.1,1240583.33,12.39728577,1.75445423656,13.858943529,174711.0,89515.0,54918137.0,84662.0,45956.0,1028991.52065,215851.0,70710498.0
1766,2014-12-25,319.31,13647050.0,4357639535.5,5018720.254,27541.0,0.234937491124,2.0,583.0,6.48333333333,331485.300058,39457671307.1,1351958.54,9.64807936,3.61683785055,19.126797295,147374.0,70684.0,54988821.0,65198.0,37301.0,901768.470146,117064.0,37379573.0
1767,2014-12-26,328.09,13650650.0,4478641758.5,9221690.8791,27579.0,0.267102763889,2.0,540.0,7.55,282449.013067,39457671307.1,1186373.44,16.42976058,3.7671253841,16.5463520223,145412.0,71700.0,55060521.0,67031.0,37071.0,635722.55983,95988.0,31492805.0
1768,2014-12-27,314.45,13654650.0,4293704692.5,10684733.0604,27624.0,0.2845763625,0.0,355.0,7.55,313832.236742,39457671307.1,1263774.55,19.41831457,2.95915032098,16.0426341779,188604.0,78776.0,55139297.0,74575.0,41118.0,711498.405096,135816.0,42707345.0
1769,2014-12-28,317.5,13658825.0,4336676937.5,6174406.1568,27668.0,0.266956736527,0.0,451.0,7.16666666667,327562.397099,39457671307.1,1329372.5,12.04266588,4.38965796271,17.7787770987,236392.0,74773.0,55214070.0,68015.0,39592.0,698406.145954,95383.0,30284193.0
1770,2014-12-29,314.49,13663050.0,4296892594.5,6698339.3112,27715.0,0.279029828402,4.0,505.0,6.81666666667,331485.300058,39457671307.1,1333123.11,14.06563348,3.21148005729,16.7032916103,159314.0,79812.0,55293882.0,72823.0,44340.0,693097.273397,131995.0,41511175.0
1771,2014-12-30,313.09,13666700.0,4278907103.0,7880730.4378,27761.0,0.319688876712,1.0,515.0,7.9,286371.916027,39457671307.1,1146848.67,13.95085145,2.28339062632,13.4532437505,181005.0,85247.0,55379129.0,80010.0,46738.0,1118283.6392,160419.0,50225689.0
1772,2014-12-31,317.4,13670575.0,4339040505.0,7378843.9928,27805.0,0.287341354839,1.0,558.0,7.8,313142.288941,40640955016.6,1233733.8,12.44896755,2.29927203813,14.7279844332,157377.0,83768.0,55462897.0,74288.0,45157.0,989198.003984,169054.0,53657583.0
1773,2015-01-01,315.7,13674725.0,4317110682.5,5553875.016,27835.0,0.184772240964,1.0,555.0,7.15,335365.290092,40640955016.6,1312680.6,8.00307587,5.24472107894,22.2627851364,116012.0,58963.0,55521860.0,53529.0,35055.0,489722.073235,79280.0,25028606.0
1774,2015-01-02,316.15,13678725.0,4324528908.75,6440895.954,27875.0,0.25239609375,0.0,627.0,6.93333333333,323243.653101,40640955016.6,1267761.5,10.72769484,4.47731193022,17.5507586455,168563.0,72234.0,55594094.0,66773.0,39083.0,695649.948409,89563.0,28315237.0
1775,2015-01-03,302.33,13682825.0,4136728482.25,29383119.753,27922.0,0.289051981707,3.0,734.0,6.43333333333,331324.744428,40640955016.6,1242878.63,11.90608788,2.277048877,15.0048125121,207571.0,82832.0,55676926.0,75473.0,43897.0,774531.679503,180541.0,54582870.0
1776,2015-01-04,270.93,13686975.0,3708212136.75,53104792.2513,27971.0,0.296036427711,1.0,692.0,8.03333333333,335365.290092,40640955016.6,1129778.1,20.28810703,1.37606575892,13.2029694987,206228.0,85570.0,55762496.0,79818.0,48874.0,1193920.56099,303038.0,82102043.0
1777,2015-01-05,276.8,13691175.0,3789717240.0,31326721.7,28024.0,0.320334291667,2.0,751.0,6.81666666667,339405.835756,40640955016.6,1166988.8,16.96708357,1.8631924023,12.4474822139,193982.0,93753.0,55856249.0,83904.0,49958.0,1083677.28304,226278.0,62633832.0
1778,2015-01-06,276.8,13695100.0,3790803680.0,22161280.1128,28073.0,0.314320458599,1.0,639.0,7.63333333333,317182.834605,40640955016.6,1089761.6,12.85666757,1.92972231619,12.5030013768,179154.0,87160.0,55943409.0,79804.0,47820.0,1113410.37336,204019.0,56472457.0
1780,2015-01-08,276.8,13702175.0,3792762040.0,16844821.0141,28176.0,0.390525725926,2.0,943.0,9.71666666667,272736.832304,40640955016.6,938075.2,14.45388694,1.82091455184,9.46346266368,186319.0,99126.0,56135447.0,89016.0,51405.0,1220111.03672,186115.0,51516706.0
1781,2015-01-09,276.8,13705975.0,3793813880.0,16411870.6472,28235.0,0.388834513158,4.0,691.0,7.46666666667,307081.470446,40640955016.6,1056268.8,16.14480781,1.3529243812,10.0395281862,201458.0,105211.0,56240658.0,93280.0,47951.0,1272129.62835,282056.0,78073011.0
1782,2015-01-10,278.0,13709500.0,3811241000.0,12735227.8125,28293.0,0.418209836879,1.0,833.0,8.61666666667,284858.469295,40640955016.6,984120.0,15.44061914,1.42434707814,9.29335662685,251092.0,105895.0,56346553.0,96782.0,43989.0,1161365.52865,248535.0,69092710.0
1783,2015-01-11,272.25,13713175.0,3733411893.75,12162899.0709,28344.0,0.352806986395,0.0,755.0,8.9,296980.106286,40640955016.6,1004330.25,14.29837347,2.52603337432,10.6892541269,209755.0,93957.0,56440510.0,84038.0,44354.0,1288684.75871,146039.0,39759184.0
1784,2015-01-12,270.0,13717275.0,3703664250.0,12816791.9462,28400.0,0.342448439024,3.0,655.0,7.1,358478.281007,43971662056.1,1115640.0,32.63994364,2.17906497131,11.3626317666,185802.0,98185.0,56538695.0,89969.0,45494.0,1006862.2269,189623.0,51198106.0
1785,2015-01-13,230.89,13719900.0,3167787711.0,55435210.3932,28455.0,0.533044866667,1.0,584.0,10.95,229513.533571,43971662056.1,609318.71,14.44909631,0.778878761966,6.14914431325,199744.0,99090.0,56637785.0,94090.0,53392.0,1638176.18758,338820.0,78230238.0
1786,2015-01-14,176.5,13723675.0,2422228637.5,75765080.8212,28518.0,0.417610099338,0.0,607.0,8.46666666667,330062.319708,43971662056.1,668935.0,15.87551555,0.843221826756,6.40245594893,228898.0,104481.0,56742266.0,97287.0,53403.0,2363588.93733,449467.0,79330845.0
1787,2015-01-15,218.11,13727150.0,2994028686.5,58159451.6668,28578.0,0.43344276259,1.0,824.0,8.41666666667,303832.201585,43971662056.1,761422.01,16.54900624,0.95723611038,6.5760578476,212403.0,115787.0,56858053.0,105562.0,50129.0,2644489.46786,364696.0,79543803.0
1788,2015-01-16,205.35,13730875.0,2819635181.25,27461799.4668,28637.0,0.400879020134,0.0,731.0,8.2,325690.633354,43971662056.1,768009.0,15.88562435,1.37047797482,6.82492668622,219873.0,112530.0,56970583.0,104844.0,48999.0,1973818.74113,272897.0,56039500.0
1789,2015-01-17,197.12,13734300.0,2707305216.0,17720961.7024,28689.0,0.383941678832,1.0,633.0,8.43333333333,299460.515231,43971662056.1,677501.44,12.64597155,1.80850578675,7.54128429747,254267.0,89839.0,57060422.0,83315.0,44126.0,1295133.39369,190046.0,37461945.0
1790,2015-01-18,211.18,13738025.0,2901196119.5,22608073.58,28740.0,0.346112308725,1.0,703.0,8.13333333333,325690.633354,43971662056.1,789179.66,12.75025624,2.45422898125,9.06613277884,223392.0,87047.0,57147469.0,79371.0,46926.0,987549.525829,152268.0,32155910.0
1791,2015-01-19,212.39,13741900.0,2918642141.0,14708752.3904,28795.0,0.360065896774,2.0,740.0,7.85,338805.692415,43971662056.1,826197.1,15.80453034,2.5408594262,8.78036367114,197559.0,94096.0,57241565.0,82018.0,46438.0,961837.517043,153098.0,32516443.0
1792,2015-01-20,212.99,13744900.0,2927526251.0,20941858.2344,28847.0,0.441115075,4.0,653.0,9.63333333333,262301.181225,43971662056.1,641951.86,14.41535966,1.6255303414,6.49157508343,194860.0,98890.0,57340455.0,87331.0,53157.0,1340464.0005,185416.0,39491841.0
1793,2015-01-21,215.2,13748325.0,2958639540.0,24048570.7942,28902.0,0.40686249635,2.0,830.0,9.8,299460.515231,43971662056.1,739857.6,13.96816034,0.830006437351,7.38005206931,197159.0,100251.0,57440706.0,90542.0,54154.0,1331879.33332,414214.0,89138779.0
1794,2015-01-22,233.9,13752075.0,3216610342.5,29762722.0422,28955.0,0.356907793333,3.0,683.0,8.33333333333,327876.476531,43971662056.1,880165.7,13.45202348,1.45342865317,9.26695058908,188687.0,94979.0,57535685.0,87136.0,51267.0,1361930.61691,258905.0,60557888.0
1795,2015-01-23,233.03,13755175.0,3205368430.25,20711796.5944,29002.0,0.379347564516,1.0,565.0,9.11666666667,271044.553932,43971662056.1,725422.39,13.16868437,1.6577349237,8.31744258573,179966.0,87217.0,57622902.0,81067.0,51979.0,1062942.25313,187786.0,43759854.0
1796,2015-01-24,244.64,13758200.0,3365806048.0,20145938.4825,29050.0,0.399211752066,2.0,520.0,9.48333333333,264487.024401,43971662056.1,742971.68,12.18056487,1.5591440338,8.28931920116,172854.0,89630.0,57712532.0,78100.0,49027.0,1201496.77972,194786.0,47652537.0
1797,2015-01-25,247.11,13761350.0,3400567198.5,27596035.9584,29101.0,0.405080285714,2.0,621.0,9.03333333333,275416.240286,43971662056.1,781361.82,12.2871243,2.23054184168,9.48738216081,256121.0,82358.0,57794890.0,72746.0,45781.0,960414.821701,141759.0,35030135.0
1798,2015-01-26,271.47,13764525.0,3736655601.75,100720023.703,29167.0,0.521926425197,2.0,540.0,10.2666666667,277602.083463,43971662056.1,866260.77,16.3312645,0.897834927459,8.2169998008,236920.0,105423.0,57900313.0,95324.0,57791.0,1985592.62886,355411.0,96483300.0
1799,2015-01-27,266.03,13768150.0,3662740944.5,39431712.1896,29223.0,0.391938572414,2.0,465.0,8.05,316947.260646,43971662056.1,967817.14,13.84178061,1.48977181071,9.77247579139,204121.0,99035.0,57999348.0,91044.0,57755.0,1238580.79385,244198.0,64964120.0
1800,2015-01-28,249.25,13772100.0,3432695925.0,42321101.3896,29270.0,0.299702208861,3.0,566.0,6.95,324166.338972,41272873894.7,987528.5,12.2880246,2.35809071378,11.0601599337,165874.0,89287.0,58088635.0,85017.0,57193.0,928260.255526,168017.0,41878308.0
1801,2015-01-29,233.19,13776350.0,3212507056.5,28900320.0726,29315.0,0.265471429412,1.0,692.0,6.83333333333,348786.567248,41272873894.7,993622.59,11.80085579,1.81543640443,11.224964019,171619.0,88519.0,58177154.0,87193.0,54237.0,960905.218458,234709.0,54731886.0
1802,2015-01-30,230.11,13779825.0,3170875530.75,23737084.1413,29360.0,0.327844043165,3.0,554.0,9.31666666667,285184.310868,41272873894.7,802163.46,11.96990901,1.8072914447,9.28859958314,167768.0,86360.0,58263514.0,85068.0,51000.0,928813.677166,192885.0,44384842.0
1803,2015-01-31,229.7,13783700.0,3166115890.0,18587806.7915,29410.0,0.328198193548,3.0,612.0,8.28333333333,318011.281903,41272873894.7,892843.9,12.15581794,2.42639584372,10.6592953845,239182.0,83762.0,58347276.0,82179.0,49557.0,771780.317597,160196.0,36797125.0
1804,2015-02-01,220.72,13787950.0,3043276324.0,27543601.0008,29454.0,0.264493558824,2.0,476.0,6.5,348786.567248,41272873894.7,940487.92,11.00546903,2.63834550131,11.8758971121,208727.0,79193.0,58426469.0,77506.0,47442.0,825510.153693,161503.0,35646882.0
1805,2015-02-02,223.0,13791625.0,3075532375.0,20208902.1363,29502.0,0.330242510204,1.0,501.0,8.46666666667,301597.796385,41272873894.7,822201.0,12.12436146,2.42851771355,9.87866154031,185554.0,83230.0,58509699.0,81679.0,46581.0,934329.69555,151821.0,33856084.0
1807,2015-02-04,222.56,13799025.0,3071111004.0,30551800.212,29602.0,0.302390118012,2.0,618.0,7.3,330321.396041,41272873894.7,898474.72,12.3462302,2.0200266368,10.0553391604,198955.0,89353.0,58692551.0,89353.0,50011.0,1254353.8547,199849.0,44478360.0
1808,2015-02-05,217.37,13802700.0,3000292899.0,18353317.038,29650.0,0.33180977551,5.0,690.0,7.48333333333,301597.796385,41272873894.7,801443.19,12.51951528,1.7796594083,8.90215477407,181629.0,90028.0,58782579.0,89051.0,52979.0,1271930.42116,207174.0,45033515.0
1809,2015-02-06,220.47,13807075.0,3044045825.25,19144002.4733,29695.0,0.258096737143,0.0,658.0,7.03333333333,359044.995697,41272873894.7,966981.42,11.45022497,2.27010702508,11.5889431927,186259.0,83440.0,58866019.0,81964.0,49150.0,1017057.81312,193207.0,42596292.0
1810,2015-02-07,225.16,13811375.0,3109769195.0,19150007.3408,29742.0,0.273610872093,2.0,690.0,7.05,352889.938628,41272873894.7,970889.92,12.10137628,2.62956170562,11.2623095572,180449.0,86207.0,58952226.0,78776.0,47850.0,698170.290494,163982.0,36922120.0
1811,2015-02-08,223.5,13814575.0,3087557512.5,14151642.784,29792.0,0.392604117187,0.0,767.0,9.21666666667,262615.768281,41272873894.7,717658.5,11.45311434,2.13897882255,8.67617510518,251391.0,82716.0,59034942.0,73463.0,47422.0,640910.269644,150118.0,33551454.0
1812,2015-02-09,220.39,13818450.0,3045448195.5,23588351.1217,29849.0,0.368182993548,2.0,664.0,8.06666666667,342533.060668,44455415962.3,856876.32,13.78402009,2.16171738581,8.93883079491,197636.0,95860.0,59130802.0,85756.0,51721.0,813074.017463,179857.0,39638684.0
1813,2015-02-10,220.16,13822200.0,3043095552.0,17604948.4605,29903.0,0.36605432,2.0,636.0,7.7,331483.607098,44455415962.3,828682.24,14.18461123,1.88701381077,8.00264835685,189629.0,103551.0,59234353.0,87201.0,53275.0,820608.788105,199469.0,43915007.0
1814,2015-02-11,221.99,13825950.0,3069222640.5,13688603.9136,29959.0,0.379795453333,2.0,654.0,7.68333333333,331483.607098,44455415962.3,835570.36,14.66267797,1.9312943818,8.46567268822,189188.0,98701.0,59333054.0,87389.0,54516.0,868785.527118,194895.0,43264785.0
1815,2015-02-12,221.83,13829350.0,3067764710.5,11937945.2917,30011.0,0.388173595588,3.0,638.0,7.75,300545.137102,44455415962.3,757105.79,13.49018655,2.25785090417,8.06564313717,202264.0,93868.0,59426922.0,86100.0,49619.0,819424.174578,151161.0,33532143.0
1816,2015-02-13,239.94,13832850.0,3319054029.0,36397741.1328,30078.0,0.4819874,3.0,649.0,8.3,309384.699958,44455415962.3,843389.1,15.93974552,1.48346467896,7.85351615607,256202.0,107390.0,59534312.0,95533.0,52841.0,1009747.50518,236945.0,56852658.0
1817,2015-02-14,245.31,13836875.0,3394323806.25,40211567.5896,30151.0,0.455842391304,3.0,585.0,7.65,355792.404952,44455415962.3,991297.71,16.67820257,2.1805107858,9.26411825726,243646.0,107004.0,59641316.0,90182.0,48340.0,743325.923645,185324.0,45461720.0
1818,2015-02-15,243.99,13840225.0,3376876497.75,55456609.8165,30212.0,0.46226338806,1.0,582.0,8.15,296125.355674,44455415962.3,820538.37,13.43496996,1.99520040416,9.61324316092,295507.0,85355.0,59726671.0,80391.0,47139.0,734014.840187,168554.0,41125612.0
1819,2015-02-16,235.86,13844175.0,3265287115.5,24279753.0308,30279.0,0.426626386076,1.0,670.0,7.36666666667,349162.73281,44455415962.3,935184.9,15.54431223,2.27470664711,9.04968017883,223579.0,103339.0,59830010.0,87415.0,48062.0,735253.322373,174308.0,41112330.0
1820,2015-02-17,244.0,13848050.0,3378924200.0,23497611.521,30341.0,0.403652129032,0.0,569.0,7.73333333333,342533.060668,44455415962.3,949160.0,15.13607471,2.57109962555,9.59726589753,226216.0,98899.0,59928909.0,91708.0,48222.0,769047.25304,151297.0,36916500.0
1821,2015-02-18,234.87,13852075.0,3253436855.25,21686744.8332,30404.0,0.39326231677,2.0,707.0,6.71666666667,355792.404952,44455415962.3,948874.8,15.30417671,2.30415264264,9.07536511884,223247.0,104555.0,60033464.0,95051.0,51942.0,814178.367771,175336.0,41181074.0
1822,2015-02-19,241.59,13856175.0,3347513318.25,14398443.458,30456.0,0.322334335366,5.0,756.0,7.21666666667,362422.077094,44455415962.3,993659.67,13.71575584,2.3152126403,10.3500824957,181312.0,96005.0,60129469.0,87029.0,48838.0,703399.909491,177651.0,42918722.0
1823,2015-02-20,243.56,13860325.0,3375820757.0,20545399.9086,30513.0,0.345417722892,3.0,671.0,7.36666666667,366841.858522,44455415962.3,1013940.28,13.92458106,2.64165156345,10.4844459151,194679.0,96709.0,60226178.0,87583.0,50095.0,723775.886795,157591.0,38382817.0
1824,2015-02-21,245.66,13863775.0,3405774966.5,10804116.033,30573.0,0.438249362319,3.0,703.0,8.85,304964.91853,44455415962.3,850966.24,14.40873654,2.19622567518,9.19555915756,248310.0,92541.0,60318719.0,86038.0,50836.0,765685.841766,157725.0,38746758.0
1825,2015-02-22,236.0,13867550.0,3272741800.0,16738060.9113,30625.0,0.348821192053,1.0,654.0,7.83333333333,333693.497812,44455415962.3,893732.0,12.44675566,3.56715353405,10.3888501418,223159.0,86028.0,60404747.0,77520.0,47415.0,480914.145479,106163.0,25054486.0
1826,2015-02-23,237.09,13870975.0,3288669462.75,13288774.0235,30683.0,0.426743445255,1.0,668.0,9.15,317934.931986,46684376316.9,815115.42,13.83752097,2.51666709348,8.40879982669,215517.0,96936.0,60501683.0,88993.0,52133.0,718922.650584,136609.0,32388687.0
1827,2015-02-24,240.1,13874425.0,3331249442.5,11274061.049,30739.0,0.410681304348,1.0,575.0,8.8,320255.62492,46684376316.9,831706.4,14.56045942,2.17279022955,7.96173190508,196851.0,104463.0,60606146.0,97226.0,55958.0,830578.411427,159426.0,38278265.0
1828,2015-02-25,238.59,13878325.0,3311229561.75,9309414.2775,30794.0,0.35699675,1.0,686.0,7.06666666667,362028.097736,46684376316.9,934079.85,15.13904695,2.17355368091,8.91425156272,194596.0,104785.0,60710931.0,97116.0,51380.0,793938.981734,180120.0,42974777.0
1829,2015-02-26,237.5,13881925.0,3296957187.5,11102663.7354,30849.0,0.385324444444,1.0,708.0,8.63333333333,334179.782525,46684376316.9,858325.0,14.42623973,2.36158240482,8.46908671113,189240.0,101348.0,60812279.0,89371.0,52727.0,783337.058361,153033.0,36345333.0
1830,2015-02-27,254.0,13885875.0,3527012250.0,37037780.1483,30905.0,0.359558037975,1.0,667.0,7.56666666667,366669.483604,46684376316.9,1006856.0,14.17573583,1.80656058098,9.73795638087,199935.0,103395.0,60915674.0,93947.0,55833.0,1875028.08472,219422.0,55733310.0
1831,2015-02-28,252.98,13889250.0,3513702465.0,11880490.4306,30960.0,0.413418037037,1.0,847.0,9.95,313293.546117,46684376316.9,857096.24,13.71948104,2.68235134159,9.49596428057,238834.0,90259.0,61005933.0,79240.0,50852.0,711898.996986,126307.0,31953168.0
1832,2015-03-01,247.56,13893000.0,3439351080.0,19892476.44,31019.0,0.39883224,4.0,609.0,7.73333333333,348103.94013,46684376316.9,931320.72,12.66952726,3.40460775801,10.7949175881,229461.0,86274.0,61092207.0,77863.0,49635.0,915290.390029,110497.0,27354714.0
1833,2015-03-02,263.81,13896750.0,3666101617.5,31556418.9785,31084.0,0.435883666667,5.0,668.0,7.46666666667,348103.94013,46684376316.9,993508.46,16.08425123,1.94809240613,9.65180414825,213896.0,102935.0,61195142.0,92924.0,54520.0,2057569.86744,193317.0,50999042.0
1834,2015-03-03,275.8,13900600.0,3833785480.0,42763249.6188,31145.0,0.401849292208,1.0,554.0,8.1,357386.711867,46684376316.9,1065967.0,15.32856227,1.63294857423,9.76679005333,216316.0,109142.0,61304284.0,99109.0,57819.0,1209244.9502,236688.0,65278663.0
1835,2015-03-04,281.65,13904525.0,3916209466.25,35607951.9015,31206.0,0.390006764331,0.0,730.0,7.21666666667,364348.79067,46684376316.9,1109701.0,15.09375814,1.6584395366,10.5841043054,211468.0,104846.0,61409130.0,96428.0,56544.0,927352.901759,237573.0,66912358.0
1836,2015-03-05,265.63,13907375.0,3694216021.25,34527850.6772,31259.0,0.473254070175,1.0,744.0,10.5166666667,264558.994499,46684376316.9,760764.32,14.20542004,1.35177203049,7.87451035596,195590.0,96611.0,61505741.0,87646.0,54211.0,1005916.16768,211870.0,56279040.0
1837,2015-03-06,272.12,13911325.0,3785549759.0,24879813.321,31323.0,0.410255791139,4.0,619.0,7.41666666667,366669.483604,46684376316.9,1079500.04,17.21188567,1.83004934648,11.2019678936,199410.0,96367.0,61602108.0,90351.0,55281.0,940738.476004,216770.0,58987483.0
1838,2015-03-07,275.83,13914850.0,3838133075.5,14422135.788,31378.0,0.395193829787,3.0,734.0,9.2,327217.703723,46684376316.9,975886.54,13.57345998,1.73424804512,10.3520371274,222227.0,94270.0,61696378.0,85542.0,56003.0,982317.326521,204008.0,56271451.0
1839,2015-03-08,273.87,13918750.0,3811928062.5,13054878.3984,31431.0,0.34057775641,0.0,696.0,7.95,362028.097736,46684376316.9,1071653.31,13.14254063,1.11675471956,12.3853328479,213398.0,86526.0,61782904.0,75981.0,50184.0,2518102.63592,350390.0,95961386.0
1840,2015-03-09,287.48,13922050.0,4002310934.0,39386293.7769,31488.0,0.435376393939,1.0,662.0,8.88333333333,311208.02387,47427554950.6,952708.72,14.01348729,1.98391713989,9.87784964074,201698.0,96449.0,61879353.0,86735.0,54236.0,869353.142216,167043.0,48021598.0
1841,2015-03-10,294.06,13925825.0,4095028099.5,47454151.09,31555.0,0.448604423841,1.0,574.0,8.08333333333,356003.118215,47427554950.6,1114781.46,16.8128673,1.27607385496,9.9226633555,210072.0,112347.0,61991700.0,101305.0,63776.0,1209163.67226,297083.0,87360262.0
1842,2015-03-11,293.29,13929975.0,4085522367.75,20776296.8445,31616.0,0.373125481928,2.0,746.0,7.2,391367.666382,47427554950.6,1221552.85,15.46580835,1.69914254325,11.8763402232,208179.0,102856.0,62094556.0,95980.0,59821.0,964364.131833,245124.0,71892311.0
1843,2015-03-12,297.39,13933300.0,4143624087.0,19575104.525,31679.0,0.475402819549,3.0,728.0,8.91666666667,313565.660415,47427554950.6,992985.21,14.35821792,1.64266848442,10.1684028304,193924.0,97654.0,62192210.0,92444.0,60624.0,1105245.8328,203267.0,60449520.0
1844,2015-03-13,289.51,13936775.0,4034835730.25,25887106.3752,31733.0,0.393578035971,1.0,730.0,7.56666666667,327711.479681,47427554950.6,1009810.88,13.87866807,1.81764866024,10.4378611815,198297.0,96745.0,62288955.0,87615.0,56780.0,936006.72143,191896.0,55555889.0
1845,2015-03-14,284.21,13940125.0,3961922926.25,21131305.5294,31784.0,0.382774686567,2.0,716.0,8.15,315923.296959,47427554950.6,955514.02,12.3819142,2.23050982701,10.7569012023,219463.0,88828.0,62377783.0,80884.0,50147.0,845760.366632,150728.0,42838369.0
1846,2015-03-15,283.57,13943800.0,3954043366.0,10021349.56,31833.0,0.33737155102,2.0,731.0,7.53333333333,346572.572037,47427554950.6,1045239.02,11.85474118,4.16808689067,12.3730603596,222639.0,84477.0,62462260.0,73041.0,47759.0,567261.992468,88434.0,25077189.0
1847,2015-03-16,290.88,13947075.0,4056925176.0,17342897.2995,31889.0,0.431848793893,0.0,702.0,8.98333333333,308850.387326,47427554950.6,956704.32,14.04389459,2.55874557833,9.78285293576,206461.0,97794.0,62560054.0,85728.0,52332.0,845772.82938,128540.0,37389584.0
1848,2015-03-17,287.02,13950650.0,4004115563.0,17346142.9648,31945.0,0.393920734266,1.0,634.0,7.45,337142.025859,47427554950.6,1030114.78,14.75421706,2.1665266784,9.88233446536,199845.0,104238.0,62664292.0,93255.0,59409.0,879535.338765,165657.0,47546831.0
1849,2015-03-18,265.85,13954175.0,3709717423.75,51441422.9554,32000.0,0.396392368794,1.0,699.0,8.01666666667,332426.75277,47427554950.6,941109.0,15.20202714,1.56097381904,9.13831140457,191204.0,102985.0,62767277.0,89818.0,57931.0,1313065.33102,226782.0,60289864.0
1850,2015-03-19,260.62,13957750.0,3637668805.0,45519026.7836,32061.0,0.432512986014,3.0,577.0,8.16666666667,337142.025859,47427554950.6,935886.42,16.03415694,1.54960977004,9.13826644795,190851.0,102414.0,62869691.0,89798.0,55783.0,1264777.94069,231736.0,60394974.0
1851,2015-03-20,259.8,13961275.0,3627139245.0,13095313.597,32117.0,0.404017319149,3.0,565.0,7.75,332426.75277,47427554950.6,919951.8,16.10498382,1.95695428884,8.92212900911,198449.0,103109.0,62972800.0,93346.0,58961.0,898988.249015,180944.0,47009366.0
1852,2015-03-21,257.83,13964850.0,3600557275.5,12061583.1848,32172.0,0.391215699301,0.0,660.0,8.53333333333,337142.025859,47427554950.6,925351.87,14.67230432,2.63732500014,9.21133080491,218099.0,100458.0,63073258.0,83857.0,57071.0,671989.200632,136085.0,35086759.0
1853,2015-03-22,260.5,13968175.0,3638709587.5,12590580.7181,32221.0,0.368713714286,0.0,618.0,7.78333333333,313565.660415,47427554950.6,869288.5,12.03965358,3.47341614438,10.3080539778,214152.0,84331.0,63157589.0,76544.0,51624.0,500187.761969,96073.0,25026903.0
1854,2015-03-23,266.07,13971975.0,3717523388.25,18292679.2528,32283.0,0.41236225,1.0,600.0,7.26666666667,358360.75476,47427554950.6,1015589.19,17.375943,2.17528868533,9.55129493088,221091.0,106330.0,63263919.0,92109.0,57331.0,777604.434574,175471.0,46687559.0
1855,2015-03-24,247.83,13976150.0,3463709254.5,35659793.7206,32335.0,0.316627227545,3.0,579.0,6.85,387831.112209,46717549644.7,1038159.87,14.32893236,1.90562109299,10.7696284117,185435.0,96397.0,63360316.0,88390.0,57932.0,995369.888364,219823.0,54478819.0
1856,2015-03-25,245.68,13980300.0,3434680104.0,29366377.8444,32384.0,0.298449006024,1.0,719.0,6.4,385508.770219,46717549644.7,1023257.2,15.31775967,1.84365311379,10.8938273182,182792.0,93930.0,63454246.0,88646.0,56393.0,1048542.22335,225910.0,55501612.0
1857,2015-03-26,251.98,13984025.0,3523694619.5,19168024.6401,32436.0,0.353615073826,1.0,706.0,7.61666666667,346028.956402,46717549644.7,942153.22,14.07414031,1.9821145359,9.57560366294,188107.0,98391.0,63552637.0,89463.0,59301.0,970255.894672,188637.0,47532733.0
1858,2015-03-27,248.63,13988325.0,3477917244.75,13250514.0544,32492.0,0.326431023256,2.0,891.0,7.0,399442.822155,46717549644.7,1072838.45,15.37769189,1.89742061104,10.0923637373,202290.0,106302.0,63658939.0,94188.0,59946.0,1081116.6675,227414.0,56541941.0
1859,2015-03-28,251.52,13992075.0,3519286704.0,12438975.7044,32543.0,0.345914466667,0.0,786.0,7.88333333333,348351.298391,46717549644.7,946218.24,12.89657663,2.80417993649,10.5073483393,208232.0,90053.0,63748992.0,83161.0,52328.0,699832.03712,134157.0,33743136.0
1860,2015-03-29,244.05,13995850.0,3415687192.5,16844245.7552,32594.0,0.339593403974,1.0,687.0,7.3,350673.64038,46717549644.7,924217.35,12.19379189,2.97162273576,10.5677980928,228699.0,87456.0,63836448.0,78466.0,48116.0,542197.767181,127439.0,31101436.0
1861,2015-03-30,245.18,13999400.0,3432372892.0,18935901.105,32650.0,0.396519070423,2.0,611.0,7.95,329772.562477,46717549644.7,873821.52,14.80696195,2.06730132554,8.55806787131,202713.0,102105.0,63938553.0,92978.0,53338.0,809237.493053,172399.0,42268706.0
1862,2015-03-31,242.92,14003125.0,3401639125.0,15840546.576,32706.0,0.378511852349,2.0,622.0,7.8,346028.956402,46717549644.7,908277.88,14.73616593,2.14626530343,8.62611240906,203189.0,105294.0,64043847.0,98965.0,56784.0,780481.875871,174210.0,42318994.0
1863,2015-04-01,242.7,14006675.0,3399420022.5,16976658.2664,32771.0,0.464497852113,0.0,782.0,8.18333333333,329772.562477,46717549644.7,865953.6,18.11563857,1.99025148798,6.84061616241,241041.0,126590.0,64170437.0,115358.0,64548.0,1065013.43306,179274.0,43509758.0
1864,2015-04-02,252.44,14010350.0,3536772754.0,21296212.0831,32832.0,0.421406176871,2.0,703.0,7.16666666667,341384.272423,46717549644.7,931756.04,16.0150584,1.74014111849,8.05418149128,214884.0,115686.0,64286123.0,104713.0,60055.0,919886.269914,212109.0,53544855.0
1865,2015-04-03,254.39,14014125.0,3565053258.75,18034538.2096,32886.0,0.363339635762,1.0,907.0,7.85,350673.64038,46717549644.7,963883.71,14.6205005,2.39986468582,9.28955001928,195509.0,103760.0,64389883.0,94497.0,54670.0,710039.263911,157884.0,40164086.0
1866,2015-04-04,253.77,14017975.0,3557341515.75,9020735.9226,32944.0,0.382689090909,0.0,823.0,7.60833333333,357640.666348,46717549644.7,980821.05,15.06052225,3.44400153765,10.4174212975,228536.0,94152.0,64484035.0,84096.0,48171.0,534385.211886,112224.0,28479112.0
1867,2015-04-05,257.03,14021750.0,3604010402.5,13187093.6974,32998.0,0.360845562914,0.0,803.0,7.55,371157.005412,49446390688.2,973886.67,14.3073758,4.41566988741,10.3552087232,222020.0,94048.0,64578083.0,81030.0,48951.0,464142.976205,85808.0,22055242.0
1868,2015-04-06,254.7,14024975.0,3572161132.5,17917019.4402,33054.0,0.434446426357,1.0,755.0,9.46666666667,317081.150319,49446390688.2,825228.0,15.31261593,2.91357693761,8.17470207729,189967.0,100949.0,64679032.0,88792.0,52919.0,630939.019932,111204.0,28323536.0
1869,2015-04-07,255.48,14028950.0,3584116146.0,13278749.6896,33116.0,0.393738044025,4.0,653.0,7.06666666667,390820.952719,49446390688.2,1019620.68,16.185038,2.00594952124,9.12118404809,220417.0,111786.0,64790818.0,102214.0,59240.0,825264.711976,198958.0,50829827.0
1870,2015-04-08,245.89,14031925.0,3450310038.25,24571057.2513,33172.0,0.474054033613,2.0,746.0,9.8,292501.216186,49446390688.2,735211.1,15.47753386,1.43199848717,6.80454894629,214628.0,108047.0,64898865.0,101474.0,61556.0,920414.832755,208799.0,51341612.0
1871,2015-04-09,244.98,14035500.0,3438416790.0,16720384.3248,33230.0,0.410024020979,1.0,717.0,7.86666666667,351493.058105,49446390688.2,879723.18,16.98327802,1.72758200287,7.46654427866,203465.0,117822.0,65016687.0,103426.0,62945.0,869233.747254,207863.0,50922224.0
1872,2015-04-10,235.71,14039050.0,3309144475.5,23143726.6395,33288.0,0.412722584507,1.0,857.0,8.63333333333,349035.064692,49446390688.2,843606.09,29.80724162,2.02773244646,7.39415107239,215133.0,114091.0,65130778.0,105399.0,65043.0,938294.357911,176503.0,41603422.0
1873,2015-04-11,236.7,14042475.0,3323853832.5,12494304.0183,33343.0,0.408058934307,3.0,754.0,7.4,336745.097625,49446390688.2,814721.4,17.10524583,1.88755422875,7.87520443869,243573.0,103454.0,65234232.0,96631.0,53487.0,775358.464219,182352.0,43162808.0
1874,2015-04-12,236.76,14045875.0,3325501365.0,8924492.375,33389.0,0.341018955882,0.0,761.0,8.18333333333,334287.104212,49446390688.2,808298.64,14.35766331,3.00752144602,9.09385986229,193479.0,88884.0,65323116.0,88884.0,46938.0,518158.274837,113515.0,26875906.0
1875,2015-04-13,225.99,14049400.0,3175023906.0,23401181.8784,33447.0,0.41720977305,1.0,755.0,7.46666666667,346577.071279,49446390688.2,800004.6,15.91337178,2.21917378774,7.59868353565,232236.0,105282.0,65428398.0,96153.0,55020.0,736302.887551,159519.0,36049660.0
1876,2015-04-14,216.0,14053350.0,3035523600.0,29001276.605,33510.0,0.402195873418,4.0,634.0,6.08333333333,388362.959305,49446390688.2,856656.0,16.94687098,1.52072148472,7.55615143069,219510.0,113372.0,65541770.0,101712.0,60013.0,1094007.70927,260797.0,56332209.0
1877,2015-04-15,218.96,14056425.0,3077794818.0,16824427.8048,33564.0,0.443761097561,0.0,693.0,8.11666666667,302333.189839,49446390688.2,676586.4,15.07987703,1.61399287992,6.41551284361,190441.0,105461.0,65647231.0,95743.0,59738.0,796458.568182,191451.0,41920036.0
1878,2015-04-16,229.62,14059875.0,3228428497.5,20046415.736,33616.0,0.382157318841,2.0,717.0,8.41666666667,339203.091039,49446390688.2,795633.3,15.02016737,1.92535598771,7.64568866936,196262.0,104063.0,65751294.0,95847.0,58301.0,1092751.34812,179967.0,41323958.0
1879,2015-04-17,222.67,14063225.0,3131458310.75,16493179.0,33668.0,0.388211507463,2.0,794.0,8.35,329371.117385,49446390688.2,749061.88,14.2760589,1.84699613867,7.33734173123,191876.0,102089.0,65853383.0,93893.0,56176.0,1160090.32854,182134.0,40555682.0
1880,2015-04-18,222.32,14066550.0,3127275396.0,9786033.9576,33722.0,0.413204338346,5.0,777.0,9.41666666667,326913.123972,49446390688.2,742104.16,13.91339511,2.01955705498,7.38529676366,225102.0,100484.0,65953867.0,89058.0,50830.0,888595.044647,165284.0,36745887.0
1881,2015-04-19,225.72,14069950.0,3175869114.0,11259642.366,33769.0,0.351204713235,0.0,921.0,7.7,334287.104212,49446390688.2,770156.64,12.06487514,2.99938320338,8.92283479893,168858.0,86313.0,66040180.0,77576.0,47948.0,824017.017661,113757.0,25677167.0
1882,2015-04-20,224.63,14074100.0,3161465083.0,13291796.39,33832.0,0.383447554217,2.0,654.0,7.41666666667,408026.906612,49446390688.2,935583.95,15.96574801,2.2615702684,8.12646749705,253148.0,115128.0,66155308.0,104049.0,59251.0,1314222.73997,184164.0,41368777.0
1883,2015-04-21,224.88,14078075.0,3165877506.0,19229850.61,33891.0,0.376958301887,3.0,629.0,7.9,376310.70587,47610564513.5,897496.08,16.81026573,2.30315419307,7.86856226054,205286.0,114061.0,66269369.0,114061.0,60783.0,1167048.98372,173284.0,38968128.0
1884,2015-04-22,237.34,14081650.0,3342138811.0,18434088.306,33951.0,0.421495545455,1.0,792.0,8.46666666667,338442.961883,47610564513.5,852287.94,16.12435635,1.72090346486,7.49877209499,222085.0,113657.0,66383026.0,106012.0,59785.0,1492167.79494,208669.0,49525610.0
1885,2015-04-23,235.48,14085100.0,3316759348.0,10243639.5983,34006.0,0.401037275362,5.0,716.0,7.8,326609.291887,47610564513.5,815702.72,14.77482324,2.02844379778,7.60625805429,212819.0,107241.0,66490267.0,101207.0,60569.0,1043100.65398,170771.0,40213228.0
1886,2015-04-24,230.93,14088100.0,3253364933.0,16246989.8052,34068.0,0.521449758333,3.0,906.0,9.16666666667,284008.079902,47610564513.5,696484.88,16.22929386,1.64014286819,6.29915418566,205205.0,110568.0,66600835.0,102383.0,57656.0,1300018.22487,183886.0,42464891.0
1887,2015-04-25,228.6,14091950.0,3221419770.0,10340224.6695,34124.0,0.366914545455,3.0,857.0,8.11666666667,364477.035874,47610564513.5,902741.4,99.96396999,2.7507154919,8.95665641433,242148.0,100790.0,66701625.0,94093.0,49445.0,1061784.87241,143563.0,32818421.0
1888,2015-04-26,218.42,14095675.0,3078777333.5,22650709.6452,34176.0,0.349890369128,0.0,715.0,7.5,352643.365878,47610564513.5,816453.96,13.29723822,2.30235825952,8.70782052239,226263.0,93761.0,66795386.0,86025.0,47452.0,986913.304142,162355.0,35461638.0
1889,2015-04-27,222.59,14099125.0,3138324233.75,26278039.6554,34235.0,0.430339355072,0.0,655.0,7.91666666667,326609.291887,47610564513.5,771274.35,15.1962056,1.5252841394,7.0511999232,203028.0,109382.0,66904768.0,101588.0,50759.0,1387033.68476,227171.0,50565946.0
1890,2015-04-28,222.66,14103050.0,3140185113.0,18261361.0224,34294.0,0.377461363057,1.0,623.0,7.35,371577.237872,47610564513.5,877280.4,15.80028461,1.80441524926,7.80262554032,218502.0,112434.0,67017202.0,106587.0,56007.0,1282095.82139,218353.0,48618543.0
1891,2015-04-29,225.69,14106275.0,3183645204.75,13645539.3348,34357.0,0.491518984496,0.0,713.0,9.06666666667,305308.685895,47610564513.5,731686.98,17.28262292,1.73331907692,6.25432288506,207741.0,116989.0,67134191.0,106124.0,54016.0,1302466.31542,187040.0,42213058.0
1892,2015-04-30,235.13,14109600.0,3317590248.0,26557928.6544,34414.0,0.431984932331,1.0,741.0,8.46666666667,314775.621891,47610564513.5,785569.33,16.08932183,1.70122647655,6.88673034102,215077.0,114070.0,67248261.0,108264.0,54393.0,1220912.96657,196388.0,46176646.0
1893,2015-05-01,233.43,14113275.0,3294461783.25,14150462.94,34469.0,0.375636707483,1.0,793.0,8.36666666667,347909.89788,47610564513.5,861356.7,15.30178105,1.98870379097,8.1850003801,197072.0,105236.0,67353497.0,97071.0,51844.0,1211402.25171,185548.0,43312468.0
1894,2015-05-02,234.13,14116950.0,3305201503.5,9974295.652,34523.0,0.37364192517,0.0,704.0,8.0,347909.89788,47610564513.5,863705.57,14.07475563,2.67040440978,8.95811452456,238390.0,96416.0,67449913.0,86271.0,44880.0,938951.080965,138144.0,32343624.0
1895,2015-05-03,240.51,14120400.0,3396097404.0,13232149.4691,34571.0,0.350380963768,1.0,732.0,7.38333333333,326609.291887,47610564513.5,832645.62,12.37823502,2.38939848894,9.6777621256,212123.0,86037.0,67535950.0,79473.0,45731.0,814631.001058,144890.0,34847499.0
1896,2015-05-04,236.17,14123700.0,3335594229.0,16331946.5745,34622.0,0.390681439394,2.0,783.0,9.06666666667,312624.333323,47643398017.8,782431.21,13.94423733,2.03839819441,8.31312377816,190201.0,94120.0,67630070.0,88545.0,50546.0,1115767.98657,162530.0,38384611.0
1897,2015-05-05,234.66,14127550.0,3315170883.0,18457399.2768,34681.0,0.383178435065,1.0,698.0,7.85,364728.388877,47643398017.8,907195.56,16.03734494,2.28454419945,7.94593688415,219068.0,114171.0,67744241.0,107830.0,56622.0,1185724.4293,169224.0,39710134.0
1898,2015-05-06,235.79,14131125.0,3331977963.75,16717868.3136,34739.0,0.408176643357,2.0,691.0,8.58333333333,338676.3611,47643398017.8,846721.89,16.01690293,1.96477839435,7.46036767816,219506.0,113496.0,67857737.0,107858.0,57027.0,1163293.86459,182769.0,43095033.0
1899,2015-05-07,233.99,14135150.0,3307483748.5,29515495.9134,34800.0,0.38055221118,1.0,724.0,6.81666666667,381306.952007,47643398017.8,945553.59,16.35823476,1.99660972098,8.33674475401,227324.0,113420.0,67971157.0,107329.0,52409.0,1369922.51817,202393.0,47357958.0
1900,2015-05-08,244.72,14138850.0,3460059372.0,21751507.9221,34859.0,0.400952263514,0.0,670.0,7.25,350518.191907,47643398017.8,909134.8,15.86988861,1.89337073181,8.38956120519,261673.0,108365.0,68079522.0,101732.0,52378.0,1125450.44812,196211.0,48016735.0
1901,2015-05-09,241.08,14142000.0,3409353360.0,15399809.5172,34911.0,0.41892331746,1.0,723.0,9.46666666667,298414.136354,47643398017.8,762777.12,14.78591409,1.97315431079,7.72690742223,199251.0,98717.0,68178239.0,92434.0,48894.0,912949.880654,160352.0,38657753.0
1902,2015-05-10,239.35,14145225.0,3385659603.75,11133114.7372,34963.0,0.408512736434,0.0,653.0,8.93333333333,305519.234838,47643398017.8,775494.0,15.2176298,2.68296308902,8.61143314012,213909.0,90054.0,68268293.0,83644.0,45762.0,995251.992599,120762.0,28904386.0
1903,2015-05-11,244.19,14148950.0,3455032100.5,15280623.914,35022.0,0.396615187919,2.0,726.0,8.03333333333,352886.558069,47643398017.8,913514.79,16.18034809,2.11831800919,8.87200425383,215628.0,102966.0,68371259.0,96515.0,51015.0,1075275.17356,176602.0,43124535.0
1904,2015-05-12,241.51,14152900.0,3418066879.0,13908956.2278,35083.0,0.390659759494,0.0,494.0,7.55,374201.853523,47643398017.8,957828.66,16.75259925,1.9212579019,8.37087201986,233523.0,114424.0,68485683.0,109297.0,55897.0,1161665.75127,206427.0,49854247.0
1905,2015-05-13,242.72,14156950.0,3436174904.0,15320686.72,35140.0,0.355740487654,0.0,714.0,7.45,383675.318169,47643398017.8,986656.8,15.40723591,2.14082065442,9.08398287529,211323.0,108615.0,68594298.0,101967.0,53093.0,1071140.42366,189880.0,46087784.0
1906,2015-05-14,238.32,14160450.0,3374718444.0,20818947.632,35193.0,0.378734392857,0.0,783.0,7.7,331571.262615,47643398017.8,837456.48,14.19848984,1.88414239612,8.2729726953,201739.0,101228.0,68695526.0,93903.0,51651.0,1047459.52878,186504.0,44447621.0
1907,2015-05-15,237.6,14164575.0,3365503020.0,20818947.632,35248.0,0.335637890909,0.0,758.0,7.66666666667,390780.416654,47643398017.8,983664.0,15.0815495,2.28337966114,9.11796221798,209999.0,107882.0,68803408.0,99964.0,54818.0,1014614.79124,181310.0,43079301.0
1908,2015-05-16,236.63,14167775.0,3352520598.25,8139343.9072,35300.0,0.409771820312,2.0,653.0,8.45,303150.868677,47643398017.8,760292.19,13.79618089,2.76044768261,8.17298779898,236081.0,93025.0,68896433.0,85085.0,49016.0,744402.192593,116394.0,27542351.0
1909,2015-05-17,235.78,14172100.0,3341497738.0,6714330.4753,35349.0,0.287199098266,2.0,708.0,6.4,419738.369702,48807487244.7,1022577.86,12.33378944,4.14273020909,11.9490740611,216412.0,85578.0,68982011.0,77481.0,47167.0,686643.867361,104689.0,24683670.0
1910,2015-05-18,236.45,14175525.0,3351802886.25,12038644.8632,35405.0,0.408761948905,1.0,772.0,7.71666666667,332393.96907,48807487244.7,813151.55,14.85179661,2.2022453375,8.30466782413,197816.0,97915.0,69079926.0,90495.0,53978.0,827210.0964,156159.0,36923749.0
1911,2015-05-19,232.04,14178925.0,3290077757.0,10238817.4063,35461.0,0.415337029412,0.0,624.0,8.06666666667,329967.735719,48807487244.7,792416.6,15.46219384,1.66286129273,7.44032186887,207126.0,106503.0,69186429.0,99347.0,56214.0,1143305.56564,205369.0,47653800.0
1912,2015-05-20,234.6,14182475.0,3327208635.0,11455800.4768,35520.0,0.420193415493,0.0,732.0,7.91666666667,344525.135825,48807487244.7,836349.0,15.67924364,1.86346372472,7.7667691279,221491.0,107683.0,69294112.0,101313.0,59881.0,1191754.86006,191310.0,44881421.0
1913,2015-05-21,236.0,14186300.0,3347966800.0,10692103.192,35571.0,0.339252875817,4.0,792.0,7.65,371213.702684,48807487244.7,906004.0,14.46308563,2.13287895745,9.06348412397,203159.0,99962.0,69394074.0,95717.0,56252.0,957204.68142,179991.0,42477985.0
1914,2015-05-22,240.5,14189850.0,3412658925.0,18975695.686,35627.0,0.394442746479,0.0,748.0,8.08333333333,344525.135825,48807487244.7,857382.5,15.32116469,1.61759139475,8.52345140221,207671.0,100591.0,69494665.0,94416.0,55226.0,1165755.1174,220389.0,53003651.0
1915,2015-05-23,238.77,14192850.0,3388826794.5,8685815.1228,35676.0,0.4104737,1.0,831.0,9.3,291148.002105,48807487244.7,719414.01,13.47221894,1.58551002626,7.76284621361,194783.0,92674.0,69587339.0,83932.0,49828.0,1144605.36823,190033.0,45374296.0
1916,2015-05-24,240.46,14196375.0,3413660332.5,7938776.9118,35732.0,0.403130638298,2.0,784.0,8.0,342098.902474,48807487244.7,850507.02,12.74716388,3.35442173228,9.66529183145,246182.0,87996.0,69675335.0,81001.0,45108.0,702062.280471,105443.0,25354803.0
1917,2015-05-25,235.65,14199975.0,3346224108.75,8804512.2744,35791.0,0.415783951389,0.0,1071.0,7.93333333333,349377.602526,48807487244.7,851874.75,15.48928101,2.34566420594,8.07318824098,206424.0,105519.0,69780854.0,96824.0,52380.0,886365.209672,154114.0,36316995.0
1918,2015-05-26,235.94,14203350.0,3351138399.0,10633177.152,35850.0,0.438843162963,0.0,653.0,8.95,327541.502369,48807487244.7,800308.48,17.74572734,1.95238500236,7.48154621346,222322.0,106971.0,69887825.0,100829.0,55336.0,1039896.70267,173736.0,40991325.0
1919,2015-05-27,235.0,14206975.0,3338639125.0,12744914.9373,35911.0,0.42569197931,1.0,853.0,7.83333333333,351803.835877,48807487244.7,855635.0,16.09865543,1.7738443014,7.88182354133,221553.0,108558.0,69996383.0,102986.0,59123.0,1119412.00004,205260.0,48236195.0
1920,2015-05-28,236.48,14210275.0,3360445832.0,8918667.436,35970.0,0.447462583333,0.0,914.0,7.71666666667,320262.802316,48807487244.7,784167.68,16.12750693,1.72141216313,7.14269287523,220123.0,109786.0,70106169.0,104001.0,58807.0,1049285.99305,192633.0,45553743.0
1921,2015-05-29,235.87,14214200.0,3352703354.0,9506643.1936,36035.0,0.416787210191,2.0,883.0,7.61666666667,380918.636088,48807487244.7,929799.54,17.52633345,1.83661096394,7.55026098678,237083.0,123148.0,70229317.0,112775.0,66899.0,1125299.61817,214634.0,50625830.0
1922,2015-05-30,231.12,14217300.0,3285902376.0,10592100.4644,36102.0,0.543034330645,1.0,872.0,9.31666666667,300852.935509,48807487244.7,720632.16,18.13414229,1.69944010977,5.42207829535,269743.0,132907.0,70362224.0,125827.0,60937.0,928260.478296,183472.0,42404093.0
1923,2015-05-31,231.95,14220975.0,3298555151.25,7951003.767,36154.0,0.359762231293,1.0,772.0,7.5,356656.302579,48807487244.7,855431.6,13.638817,2.43421553193,8.90731280652,238007.0,96037.0,70458261.0,90007.0,55429.0,782197.707911,151507.0,35141983.0
1924,2015-06-01,222.4,14224400.0,3163506560.0,21727639.7849,36219.0,0.477130277372,1.0,633.0,8.48333333333,332393.96907,48807487244.7,771728.0,45.24728362,1.42750504139,6.59827802905,252174.0,116959.0,70575220.0,109364.0,61607.0,1473819.95235,243081.0,54061315.0
1925,2015-06-02,224.83,14228050.0,3198892481.5,16193587.7467,36290.0,0.490478931507,2.0,529.0,7.85,345390.94554,47589591153.6,824901.27,19.09865642,1.40807382926,6.17954490632,257275.0,133489.0,70708709.0,126303.0,71038.0,1517326.80906,260569.0,58583666.0
1926,2015-06-03,226.29,14231600.0,3220468764.0,12997730.1124,36356.0,0.470117450704,2.0,666.0,8.43333333333,335928.179909,47589591153.6,807176.43,17.86202728,1.5721290364,6.43686496703,239702.0,125399.0,70834108.0,114926.0,63401.0,1325341.04414,226890.0,51342887.0
1927,2015-06-04,225.54,14235150.0,3210595731.0,11314954.476,36420.0,0.457110176056,2.0,713.0,9.05,335928.179909,47589591153.6,804501.18,17.47387221,1.72248112463,6.49351601785,240222.0,123893.0,70958001.0,117311.0,62608.0,1277219.05789,207085.0,46705950.0
1928,2015-06-05,224.15,14238700.0,3191604605.0,13798456.3002,36478.0,0.414149584507,1.0,842.0,8.4,335928.179909,47589591153.6,799318.9,16.17225384,1.56402792994,7.28640747493,232715.0,109700.0,71067701.0,103094.0,58637.0,1443588.41218,228001.0,51106434.0
1929,2015-06-06,224.49,14242725.0,3197349335.25,7805688.4555,36533.0,0.344362701863,1.0,807.0,8.06666666667,380876.316657,47589591153.6,906939.6,15.2555162,2.46332601144,8.89112886623,244636.0,102005.0,71169706.0,93425.0,52871.0,1086475.72481,164006.0,36817685.0
1930,2015-06-07,222.6,14246900.0,3171359940.0,9622738.2376,36587.0,0.327998964072,0.0,919.0,7.5,395070.465104,47589591153.6,932248.8,13.64505466,2.79162782856,10.5410312076,225189.0,88440.0,71258146.0,84280.0,44139.0,1064474.91632,150020.0,33394451.0
1931,2015-06-08,228.0,14250425.0,3249096900.0,17459770.9848,36637.0,0.356242453901,1.0,714.0,8.21666666667,333562.488501,47589591153.6,807120.0,15.28474251,1.72226245816,8.58300456203,188952.0,94037.0,71352183.0,91751.0,52327.0,1001943.98781,205544.0,46863937.0
1932,2015-06-09,230.1,14254475.0,3279954697.5,13936685.8451,36696.0,0.36875187037,1.0,693.0,6.7,383242.008065,47589591153.6,935586.6,16.68496332,1.76480049185,8.09099997406,208925.0,115633.0,71467816.0,111830.0,64541.0,1244998.71711,230394.0,53013732.0
1933,2015-06-10,228.01,14258425.0,3251063484.25,9976455.153,36779.0,0.528337424051,0.0,815.0,7.7,373779.242434,47589591153.6,905199.7,20.21619753,1.74987740947,6.80273928335,267864.0,133064.0,71600880.0,123557.0,70295.0,1303509.80233,226873.0,51729321.0
1934,2015-06-11,229.0,14262300.0,3266066700.0,9990294.5576,36845.0,0.430385670968,1.0,1008.0,7.31666666667,366682.168211,47589591153.6,891497.0,18.23746303,1.56363872016,7.12359864799,258189.0,125147.0,71726027.0,116693.0,66198.0,1392935.77554,248971.0,57014257.0
1935,2015-06-12,229.98,14265700.0,3280825686.0,9781474.3506,36910.0,0.478004147059,1.0,941.0,8.86666666667,321734.031462,47589591153.6,786071.64,18.13113121,1.56979540187,6.28746652589,247460.0,125022.0,71851049.0,113864.0,64334.0,1324268.32117,217735.0,50074783.0
1936,2015-06-13,230.22,14269650.0,3285158823.0,9232743.4194,36974.0,0.409625772152,0.0,792.0,7.4,373779.242434,47589591153.6,913282.74,17.53784362,2.21410925531,8.09554519426,246532.0,112813.0,71963862.0,104241.0,55948.0,1103192.29357,179169.0,41248314.0
1937,2015-06-14,232.05,14273275.0,3312113463.75,8307550.584,37031.0,0.394607648276,0.0,779.0,7.58333333333,358182.179015,49692386354.9,844662.0,15.99530424,2.07992241032,8.40359360076,223880.0,100512.0,72064374.0,94046.0,53041.0,1329986.08266,175007.0,40610265.0
1938,2015-06-15,236.46,14277025.0,3375945331.5,14727511.2145,37102.0,0.4782252,3.0,856.0,7.68333333333,370533.288636,49692386354.9,890981.28,18.51876216,1.83953900515,7.28646194359,277522.0,122279.0,72186653.0,112459.0,60403.0,1370312.78786,204834.0,48435031.0
1939,2015-06-16,245.35,14280100.0,3503622535.0,29160220.7085,37168.0,0.54094504065,0.0,747.0,9.95,303837.296682,49692386354.9,759112.9,19.75196704,0.919767046986,6.1172409625,241825.0,124094.0,72310747.0,117904.0,66050.0,1844236.25745,336390.0,82533170.0
1940,2015-06-17,249.96,14283650.0,3570341154.0,31886986.7225,37251.0,0.59001693662,0.0,755.0,8.21666666667,350771.513242,49692386354.9,893357.04,24.94126752,1.02470851923,6.67945479151,256567.0,133747.0,72444494.0,125228.0,68329.0,1955229.23569,348782.0,87181576.0
1941,2015-06-18,248.25,14287500.0,3546871875.0,21457934.337,37317.0,0.432170474026,1.0,900.0,7.48333333333,380414.176333,49692386354.9,960479.25,19.74416605,1.28095015537,7.87271620724,233829.0,122001.0,72566495.0,113931.0,63022.0,1459868.8313,302041.0,74981782.0
1942,2015-06-19,246.45,14291525.0,3522146336.25,14703622.1184,37396.0,0.491723869565,0.0,758.0,7.41666666667,397705.729803,49692386354.9,999108.3,29.0238427,0.959467636106,7.96546519971,247406.0,125430.0,72691925.0,115154.0,61419.0,1837052.86043,422526.0,104131527.0
1943,2015-06-20,244.08,14294875.0,3489093090.0,16709057.3505,37466.0,0.524103932836,1.0,708.0,8.28333333333,331009.737848,49692386354.9,823037.76,22.55311938,1.51838603693,7.17063016754,246533.0,114779.0,72806704.0,100133.0,56897.0,1286244.19602,222078.0,54204777.0
1944,2015-06-21,242.47,14297925.0,3466817874.75,6606842.5995,37518.0,0.428681696721,0.0,781.0,9.41666666667,301367.074757,49692386354.9,742685.61,13.16567765,2.45740609516,8.14321469688,224267.0,91203.0,72897907.0,85165.0,48808.0,921198.44574,124644.0,30222339.0
1945,2015-06-22,246.35,14301625.0,3523205318.75,12840360.015,37596.0,0.53377027027,2.0,850.0,9.23333333333,365592.844788,49692386354.9,917161.05,23.22920549,2.05540379936,8.20446783197,204152.0,111788.0,73009695.0,105432.0,57659.0,1059024.19281,181132.0,44621940.0
1946,2015-06-23,243.92,14305200.0,3489324384.0,10205531.462,37680.0,0.591158286713,0.0,664.0,8.81666666667,353241.735167,49692386354.9,877380.24,22.92876742,1.60734191296,6.81222283474,271463.0,128795.0,73138490.0,121894.0,65809.0,1260338.90959,223786.0,54585787.0
1947,2015-06-24,240.64,14308975.0,3443311744.0,13031440.24,37740.0,0.398645264901,0.0,854.0,7.8,373003.51056,49692386354.9,912266.24,16.74555521,1.80720586663,7.96940919534,218529.0,114471.0,73252961.0,110435.0,61712.0,1132574.14553,209771.0,50479376.0
1948,2015-06-25,241.92,14312975.0,3462594912.0,10962820.8021,37796.0,0.3543320125,0.0,1041.0,7.06666666667,395235.507879,49692386354.9,971550.72,16.65594974,2.01969245831,8.57283413778,199310.0,113329.0,73366290.0,107281.0,59391.0,942740.579846,198842.0,48103894.0
1949,2015-06-26,241.19,14316675.0,3453038843.25,9223446.0843,37858.0,0.424855439189,0.0,1040.0,7.78333333333,365592.844788,49692386354.9,896744.42,18.07278654,1.55590355279,7.75462141128,240437.0,115640.0,73481930.0,111419.0,61230.0,1512668.25294,238961.0,57634962.0
1950,2015-06-27,248.5,14319875.0,3558488937.5,14129657.297,37919.0,0.482445335937,0.0,968.0,8.73333333333,316188.406303,49692386354.9,799424.5,17.01717922,1.82535258522,7.34252268636,258833.0,108876.0,73590806.0,100268.0,56103.0,1294255.24826,176240.0,43795621.0
1951,2015-06-28,248.76,14323550.0,3563126298.0,10580415.55,37977.0,0.400125013605,0.0,856.0,8.15,363122.622864,49692386354.9,917924.4,15.34595899,2.54908272994,9.39629849524,230750.0,97690.0,73688496.0,89826.0,52987.0,870994.430958,144758.0,36009989.0
1952,2015-06-29,253.8,14326975.0,3636186255.0,23781478.0308,38041.0,0.467726072993,0.0,737.0,9.18333333333,336442.8851,49402014931.2,873579.6,17.63474995,1.50460739905,7.45890589913,224321.0,117119.0,73805615.0,110573.0,60596.0,1139559.77246,228764.0,58060302.0
1953,2015-06-30,262.53,14330550.0,3762199291.5,32721352.449,38122.0,0.568559405594,1.0,701.0,9.08333333333,351177.609994,49402014931.2,945633.06,27.42901276,1.10884114023,6.3464028241,261770.0,149003.0,73954618.0,144779.0,65250.0,1734608.37327,324844.0,85281203.0
1954,2015-07-01,257.85,14334175.0,3696067023.75,19888691.3742,38212.0,0.624724262069,3.0,892.0,8.86666666667,356089.184959,49402014931.2,940636.8,23.45051495,1.5254938012,6.23280876243,250536.0,150917.0,74105535.0,143673.0,73504.0,1280883.76496,239136.0,61661136.0
1955,2015-07-02,255.06,14337675.0,3656967385.5,14412369.6576,38283.0,0.5119018,1.0,1364.0,8.28333333333,343810.247547,49402014931.2,898066.26,21.94824463,1.37699649007,6.62451968399,254259.0,135567.0,74241102.0,130719.0,78600.0,1337087.91503,255701.0,65219212.0
1956,2015-07-03,255.1,14341725.0,3658574047.5,12755211.1956,38356.0,0.455195179012,0.0,1301.0,7.48333333333,397837.572161,49402014931.2,1039532.5,25.17856317,1.67197914297,7.48883373796,270019.0,138811.0,74379913.0,127989.0,71267.0,1337098.45126,243723.0,62173772.0
1957,2015-07-04,257.92,14345600.0,3700017152.0,10781726.7129,38418.0,0.405146445161,7.0,1356.0,7.33333333333,380647.059784,49402014931.2,1004340.48,19.74261492,2.29125520037,8.78611215117,250207.0,114310.0,74494223.0,104771.0,55637.0,1036173.95773,169951.0,43833637.0
1958,2015-07-05,270.92,14349225.0,3887492037.0,31239755.6328,38473.0,0.380288337931,3.0,1374.0,8.75,356089.184959,49402014931.2,986961.56,18.13805799,1.65608777591,9.70330102051,241519.0,101714.0,74595937.0,96444.0,59292.0,933717.890501,219976.0,59595969.0
1959,2015-07-06,273.37,14353475.0,3923809460.75,34689913.2034,38550.0,0.454639958824,4.0,1183.0,6.9,417483.872021,49402014931.2,1169750.23,29.305557,1.23184194226,7.70886069026,276989.0,151741.0,74747678.0,143911.0,78673.0,1530520.87732,347366.0,94959442.0
1960,2015-07-07,267.26,14357175.0,3837098590.5,19945122.9012,38664.0,0.776713459459,1.0,1483.0,8.55,363456.547407,49402014931.2,1000621.44,44.63938234,1.18086500729,4.95550953096,295662.0,201921.0,74949599.0,195298.0,84893.0,1344477.33377,317056.0,84736311.0
1961,2015-07-08,269.68,14361025.0,3872881222.0,23318029.0224,38779.0,0.748667857143,3.0,1217.0,11.0,378191.272302,49402014931.2,1051752.0,50.05174109,1.51909881817,5.24773974653,273054.0,200420.0,75150019.0,197841.0,77916.0,1278925.21536,256731.0,69235259.0
1962,2015-07-09,270.68,14364475.0,3888176093.0,21019886.5536,38875.0,0.700404681159,1.0,861.0,8.71666666667,338898.672582,49402014931.2,945214.56,42.4508178,1.44724437894,5.04916913281,263045.0,187202.0,75337221.0,179359.0,73146.0,1298475.19061,241286.0,65311331.0
1963,2015-07-10,286.98,14368375.0,4123436257.5,59110516.6256,38983.0,0.698676224359,1.0,794.0,11.5166666667,383102.847267,49402014931.2,1130127.24,38.9927783,1.06976849804,5.26897779353,273833.0,214487.0,75551708.0,213672.0,115281.0,1780454.01324,368117.0,105642225.0
1964,2015-07-11,293.5,14372000.0,4218182000.0,27899785.5166,39085.0,0.705140689655,0.0,836.0,9.31666666667,356089.184959,49402014931.2,1074503.5,36.93888783,1.599613639,6.25977850535,278810.0,171652.0,75723360.0,171529.0,97712.0,1354466.27273,228868.0,67172689.0
1965,2015-07-12,309.3,14375450.0,4446326685.0,36841514.7955,39190.0,0.76595707971,2.0,819.0,9.75,350384.751809,51076366303.5,1081003.5,45.57106997,1.31487027806,5.28016792931,271999.0,204729.0,75928089.0,204511.0,114645.0,1292504.56927,265806.0,82213700.0
1966,2015-07-13,289.9,14379075.0,4168493842.5,45327383.289,39299.0,0.757203834483,2.0,753.0,8.88333333333,368157.891394,51076366303.5,1060744.1,34.05650153,1.57677610786,6.00845181317,232590.0,176542.0,76104631.0,176542.0,114223.0,1331647.86294,232056.0,67272969.0
1967,2015-07-14,292.87,14382550.0,4212217418.5,19282710.7452,39397.0,0.708116223022,2.0,941.0,9.28333333333,352923.77175,51076366303.5,1025923.61,28.01547123,1.55524745398,8.57028920615,229381.0,119707.0,76224338.0,119332.0,72653.0,1286400.63958,225237.0,65965298.0
1968,2015-07-15,290.95,14386400.0,4185723080.0,16198111.6374,39504.0,0.696885019481,1.0,780.0,7.58333333333,391009.07086,51076366303.5,1128304.1,28.01849933,1.83160630251,9.22269167893,234754.0,122340.0,76346678.0,116425.0,72230.0,1268311.65075,211727.0,61601890.0
1969,2015-07-16,275.76,14389800.0,3968131248.0,37845406.465,39596.0,0.676685522059,5.0,881.0,8.58333333333,345306.711928,51076366303.5,945029.52,27.19002001,1.29709281274,8.30342600077,228231.0,113812.0,76460490.0,111183.0,65742.0,1473628.09826,264206.0,72857510.0
1970,2015-07-17,277.99,14393400.0,4001221266.0,20736136.5498,39696.0,0.699764770833,5.0,1003.0,8.43333333333,365618.871453,51076366303.5,1007435.76,24.85055473,1.68528621765,8.53411968013,214161.0,118048.0,76578538.0,110715.0,69152.0,1229550.44066,215038.0,59778318.0
1971,2015-07-18,278.08,14397400.0,4003628992.0,18946351.3575,39795.0,0.6226059125,0.0,748.0,7.76666666667,406243.190504,51076366303.5,1124555.52,44.79302014,2.27131809837,9.3233583989,219461.0,120617.0,76699155.0,105710.0,75379.0,947779.373421,178046.0,49511142.0
1972,2015-07-19,276.09,14400975.0,3975965187.75,8742289.1732,39888.0,0.655495251748,2.0,653.0,8.01666666667,363079.851513,51076366303.5,991991.37,18.96201852,3.06789528888,7.36756734476,242814.0,134643.0,76833798.0,129223.0,95308.0,751333.20894,117116.0,32334590.0
1973,2015-07-20,278.26,14404575.0,4008217039.5,14852544.954,39960.0,0.506257493056,0.0,693.0,7.33333333333,365618.871453,51076366303.5,1011196.84,34.33022074,1.99793221527,8.99321273568,216715.0,112440.0,76946238.0,105702.0,63494.0,949290.190688,181888.0,50612170.0
1974,2015-07-21,278.97,14408075.0,4019420682.75,13870878.4529,40024.0,0.460967992857,1.0,649.0,8.3,355462.791691,51076366303.5,984206.16,28.07981875,1.68361784205,7.97787220245,240028.0,123367.0,77069605.0,117682.0,75351.0,1096580.92505,209549.0,58457812.0
1975,2015-07-22,277.54,14411750.0,3999837095.0,14152237.6068,40101.0,0.527054217687,0.0,718.0,8.6,373235.931275,51076366303.5,1028008.16,29.63588801,1.99722213926,6.96860195228,270355.0,147520.0,77217125.0,143934.0,101123.0,1030804.42292,185458.0,51471899.0
1976,2015-07-23,276.64,14415475.0,3987897004.0,10809788.2005,40158.0,0.386516744966,2.0,826.0,7.38333333333,378313.971157,51076366303.5,1037676.64,26.29277354,1.8365547324,9.2996777258,207134.0,111582.0,77328707.0,107076.0,67723.0,1185367.95331,204241.0,56501264.0
1977,2015-07-24,287.3,14419675.0,4142772627.5,23612803.0691,40219.0,0.367860904762,2.0,914.0,6.81666666667,426555.350029,51076366303.5,1213267.9,23.81935542,1.82461817863,11.0445681462,217981.0,109852.0,77438559.0,106528.0,63630.0,1221682.85841,231446.0,66494345.0
1978,2015-07-25,287.12,14423500.0,4141275320.0,13010962.5147,40277.0,0.384165836601,1.0,975.0,8.53333333333,397611.600337,52278304845.6,1104263.52,21.29176583,1.98104644737,10.4138471114,201269.0,106038.0,77544597.0,99402.0,63488.0,879910.289118,194140.0,55741425.0
1979,2015-07-26,292.33,14426950.0,4217430293.5,9409956.6876,40330.0,0.389139253623,1.0,961.0,8.2,358630.070892,52278304845.6,1014092.77,19.31582931,2.80225004257,11.3116873397,244803.0,89650.0,77634247.0,85399.0,51797.0,579341.806797,123793.0,36188518.0
1980,2015-07-27,290.79,14430825.0,4196339601.75,20261704.4476,40414.0,0.547266703226,4.0,994.0,8.41666666667,402809.137596,52278304845.6,1135825.74,31.04624618,2.2195931058,10.2022414242,229418.0,111331.0,77745578.0,108188.0,61863.0,926695.322343,175978.0,51172701.0
1981,2015-07-28,295.24,14434375.0,4261604875.0,16753360.7357,40485.0,0.502935669014,1.0,630.0,8.0,369025.145411,52278304845.6,1056073.48,27.07995409,1.19376881494,8.99459578237,240969.0,117412.0,77862990.0,113425.0,69584.0,1265076.76544,299639.0,88465494.0
1982,2015-07-29,290.7,14438100.0,4197155670.0,15467300.544,40606.0,0.818768671141,4.0,806.0,10.1,387216.525818,52278304845.6,1093613.4,37.6968152,1.8784728933,8.02976173868,255290.0,136195.0,77999185.0,132097.0,71208.0,1103188.35067,200269.0,58218216.0
1983,2015-07-30,287.56,14441525.0,4152804929.0,13260933.3816,40712.0,0.775364072993,0.0,921.0,9.65,356031.302263,52278304845.6,994670.04,34.2211923,1.74093107795,7.43973342708,247799.0,133697.0,78132882.0,128885.0,67191.0,1033333.15762,198687.0,57134372.0
1984,2015-07-31,284.78,14445000.0,4113647100.0,14906654.4594,40820.0,0.784171589928,0.0,1033.0,9.43333333333,361228.839522,52278304845.6,999862.58,36.24450554,1.67860836739,7.48176129901,232699.0,133640.0,78266522.0,124065.0,61543.0,1041513.33587,209161.0,59564971.0
1985,2015-08-01,280.72,14449100.0,4056151352.0,12374848.448,40943.0,0.754423865854,1.0,946.0,7.91666666667,426198.055263,52278304845.6,1160777.2,35.53322565,2.20415517764,7.11369511261,275871.0,163175.0,78429697.0,156306.0,86163.0,884759.556435,187600.0,52663134.0
1986,2015-08-02,280.69,14453025.0,4056819587.25,10242093.7689,41012.0,0.440734687898,2.0,877.0,7.41666666667,408006.674856,52278304845.6,1108164.12,23.21137984,2.32527723094,11.1962912221,248553.0,98976.0,78528673.0,93462.0,51429.0,671499.468955,169786.0,47657290.0
1987,2015-08-03,284.39,14456700.0,4111340913.0,12926276.3735,41078.0,0.450644387755,1.0,665.0,8.0,382018.988559,52278304845.6,1051958.61,24.44201702,1.89089060576,8.87279529352,226079.0,118560.0,78647233.0,114769.0,72232.0,949949.815226,195622.0,55632970.0
1988,2015-08-04,285.0,14460300.0,4121185500.0,13352316.7613,41182.0,0.726075909722,0.0,655.0,8.96666666667,374222.68267,52278304845.6,1035690.0,34.06960048,1.72048782416,7.80363022627,265834.0,132719.0,78779952.0,129710.0,63460.0,1075348.88339,211219.0,60197462.0
1989,2015-08-05,282.69,14463450.0,4088672680.5,11623776.9477,41286.0,0.828629912698,1.0,632.0,11.5666666667,327444.847336,52278304845.6,900084.96,34.44055291,1.319511794,6.91065337899,250494.0,130246.0,78910198.0,127347.0,68404.0,1327670.61201,241301.0,68213484.0
1990,2015-08-06,277.1,14466950.0,4008791845.0,11708112.2272,41397.0,0.793823314286,3.0,691.0,9.05,363827.608152,52278304845.6,979548.5,35.89801803,1.8363989025,7.39315365224,247781.0,132494.0,79042692.0,129396.0,69095.0,1103973.30483,192496.0,53340726.0
1991,2015-08-07,279.39,14470500.0,4042912995.0,13430028.2612,41481.0,0.59551021831,1.0,941.0,8.3,369025.145411,52278304845.6,999936.81,29.64618859,1.55321603317,8.02144114297,242234.0,124658.0,79167350.0,119389.0,63499.0,1228088.12094,230425.0,64378476.0
1992,2015-08-08,269.89,14474425.0,3906502563.25,19244114.4,41538.0,0.367311191083,0.0,794.0,7.71666666667,411296.56997,52699842409.3,1065525.72,23.04214901,1.58203040407,10.2042302241,233508.0,104420.0,79271770.0,99688.0,58778.0,1303148.20585,249553.0,67351785.0
1993,2015-08-09,265.42,14477800.0,3842697676.0,17839946.778,41588.0,0.372211259259,3.0,805.0,8.08333333333,353662.655707,52699842409.3,900570.06,18.45162508,1.11085030129,10.1845638677,218499.0,88425.0,79360195.0,82199.0,52762.0,1075398.3593,305442.0,81070335.0
1994,2015-08-10,264.07,14482175.0,3824307952.25,12948145.2225,41659.0,0.409656805714,1.0,791.0,6.36666666667,458451.590731,52699842409.3,1162172.07,26.67403896,1.24265927661,10.4997205609,220994.0,110686.0,79470881.0,103390.0,62537.0,1381572.86738,354160.0,93522987.0
1995,2015-08-11,265.85,14486400.0,3851209440.0,13602148.5985,41726.0,0.399886763314,3.0,589.0,7.13333333333,442733.250478,52699842409.3,1130128.35,26.65997778,1.64002280482,9.66557777341,227498.0,116923.0,79587804.0,110280.0,62644.0,1195838.48023,259204.0,68909307.0
1996,2015-08-12,267.89,14489475.0,3881585457.75,16928657.5417,41789.0,0.516044284553,0.0,751.0,9.18333333333,322225.9752,52699842409.3,830459.0,25.19329055,1.21861509641,7.17434386717,232055.0,115754.0,79703558.0,109091.0,64037.0,1281112.9605,254387.0,68147769.0
1997,2015-08-13,265.97,14493200.0,3854756404.0,15697940.5908,41853.0,0.431921798658,4.0,828.0,8.78333333333,390338.782966,52699842409.3,997387.5,25.29193539,1.42702488487,8.42843682396,226126.0,118336.0,79821894.0,111008.0,64604.0,1461956.27457,262784.0,69892790.0
1998,2015-08-14,266.99,14496550.0,3870433884.5,14070288.496,41911.0,0.437152708955,0.0,808.0,8.5,351042.932331,52699842409.3,900557.27,23.62123658,1.26347811723,8.34235544233,220370.0,107950.0,79929844.0,104109.0,61797.0,1328948.01854,266961.0,71276048.0
1999,2015-08-15,265.41,14499900.0,3848418459.0,9240742.3056,41970.0,0.44200841791,0.0,753.0,9.38333333333,351042.932331,52699842409.3,894962.52,22.59740485,1.31318206667,8.43357476041,245458.0,106119.0,80035963.0,101858.0,59813.0,1201448.04046,256781.0,68152204.0
2000,2015-08-16,257.47,14503575.0,3734235455.25,19040492.3336,42022.0,0.358668891156,0.0,755.0,7.45,385099.336214,52699842409.3,950836.71,18.29530243,1.7107632419,10.9817944631,228284.0,86583.0,80122546.0,84478.0,51668.0,1145737.75451,215869.0,55579679.0
2001,2015-08-17,257.45,14507175.0,3734872203.75,13641622.23,42082.0,0.419639277778,1.0,704.0,7.28333333333,377240.166087,52699842409.3,932483.9,22.53259396,1.0783544118,8.61424955427,230212.0,108249.0,80230795.0,105299.0,63584.0,1414273.9932,335882.0,86472860.0
2002,2015-08-18,253.91,14510800.0,3684437228.0,22342291.4799,42148.0,0.4606524,1.0,684.0,8.43333333333,379859.889463,52699842409.3,926771.5,25.78007236,1.02271703861,7.7146739809,244699.0,120131.0,80350926.0,116238.0,66001.0,1704654.5782,356892.0,90618565.0
2003,2015-08-19,233.29,14514600.0,3386111034.0,60726602.768,42214.0,0.439980717105,2.0,745.0,7.78333333333,398197.953092,52699842409.3,892100.96,24.77607127,0.963495876805,7.26088162521,247961.0,122864.0,80473790.0,119064.0,69895.0,1803977.19267,396888.0,92590013.0
2004,2015-08-20,233.23,14518475.0,3386143924.25,22690278.7458,42273.0,0.385212729032,1.0,906.0,8.48333333333,406057.123219,52699842409.3,909597.0,25.1348193,1.09428579791,7.78537925604,222182.0,116834.0,80590624.0,113433.0,65769.0,1570874.33076,356397.0,83122435.0
2005,2015-08-21,233.59,14522325.0,3392269896.75,14567269.8318,42334.0,0.397583318182,2.0,809.0,7.58333333333,403437.399844,52699842409.3,904694.07,23.63760391,1.19011019577,7.77823309919,235230.0,116311.0,80706935.0,113062.0,65334.0,1529910.59624,325432.0,76017672.0
2006,2015-08-22,226.04,14526150.0,3283490946.0,17528714.371,42393.0,0.391901973856,1.0,780.0,7.75,412658.093588,54256630327.9,869575.88,22.96914083,1.44323482626,8.0669407672,259239.0,107795.0,80814730.0,104099.0,58836.0,1217558.10519,266554.0,60251864.0
2007,2015-08-23,228.68,14529575.0,3322623211.0,13017080.0717,42448.0,0.404600737226,0.0,816.0,8.96666666667,369504.306023,54256630327.9,787802.6,20.4380634,1.96110528872,8.400270838,247407.0,93783.0,80908513.0,88760.0,55385.0,1169074.88374,175666.0,40171357.0
2008,2015-08-24,213.24,14533500.0,3099123540.0,42854460.0087,42516.0,0.434771732484,1.0,689.0,7.8,423446.540479,54256630327.9,842084.76,24.8013553,0.904918226139,7.19570659512,237850.0,117026.0,81025539.0,111842.0,67242.0,1811809.74776,436393.0,93056448.0
2009,2015-08-25,222.02,14536950.0,3227493639.0,44792175.946,42583.0,0.486758152174,0.0,641.0,9.78333333333,372201.417746,54256630327.9,771519.5,25.66812814,0.847689281843,6.1691947865,245539.0,125060.0,81150599.0,117845.0,68549.0,2136229.1619,409938.0,91014422.0
2010,2015-08-26,228.84,14540825.0,3327522393.0,22356486.1128,42647.0,0.413826322581,1.0,742.0,7.98333333333,418052.317033,54256630327.9,892476.0,25.67958618,1.03262918049,7.10858708552,243215.0,125549.0,81276148.0,120364.0,72479.0,1656288.98966,377677.0,86427540.0
2011,2015-08-27,228.27,14544550.0,3320084428.5,13832635.265,42706.0,0.396142946309,0.0,927.0,8.1,401869.646696,54256630327.9,855555.96,23.57561436,1.50420782341,7.35430708133,232198.0,116334.0,81392482.0,111998.0,67446.0,1595398.21748,249168.0,56877510.0
2012,2015-08-28,234.17,14548275.0,3406769556.75,21397486.8243,42770.0,0.431331825503,0.0,894.0,7.81666666667,401869.646696,54256630327.9,877903.33,24.08727019,1.14593742351,7.21414168557,243840.0,121692.0,81514174.0,114654.0,69493.0,1621121.8297,327156.0,76610058.0
2013,2015-08-29,228.22,14552400.0,3321148728.0,10728935.6024,42828.0,0.356310812121,2.0,910.0,7.46666666667,445023.434261,54256630327.9,946656.56,23.00206438,1.92478891463,8.3243045321,250584.0,113722.0,81627896.0,106197.0,62295.0,1154973.29573,215504.0,49182357.0
2014,2015-08-30,226.47,14556000.0,3296497320.0,11559447.7542,42878.0,0.347467875,1.0,627.0,8.45833333333,388384.088082,54256630327.9,819141.99,17.61443105,2.0503728014,8.87112553878,229116.0,92338.0,81720234.0,88602.0,56062.0,799631.790139,176407.0,39950881.0
2015,2015-08-31,230.94,14559975.0,3362480626.5,12988337.1345,42943.0,0.409100056604,0.0,910.0,7.23333333333,428840.763924,54256630327.9,923760.0,25.0420155,1.76721038485,7.82946984786,238504.0,117985.0,81838219.0,109165.0,64645.0,1064439.48177,226345.0,52272214.0
2016,2015-09-01,228.32,14563775.0,3325201108.0,14592340.4792,43021.0,0.515467473684,1.0,667.0,7.26666666667,409960.981865,54256630327.9,874008.96,28.84121772,1.03795961131,6.19996424771,272866.0,140970.0,81979189.0,130024.0,73911.0,1568804.78555,368800.0,84204525.0
2017,2015-09-02,230.68,14567625.0,3360459735.0,13926552.56,43122.0,0.658569805195,2.0,875.0,12.3,415355.20531,54256630327.9,898267.92,44.13311414,1.71421046031,6.5213326267,230707.0,137743.0,82116932.0,132339.0,69864.0,1453675.88056,227160.0,52401262.0
2019,2015-09-04,230.8,14575200.0,3363956160.0,14833269.0336,43262.0,0.333613138158,0.0,912.0,7.25,430369.76945,56957648455.0,881886.8,21.94174192,1.57436748414,9.24332131477,209983.0,95408.0,82349786.0,90818.0,59368.0,1116494.71852,242701.0,56015308.0
2020,2015-09-05,234.67,14578975.0,3421248063.25,13114911.1217,43334.0,0.482375781457,1.0,726.0,8.18333333333,427538.389387,56957648455.0,893388.69,32.06849601,1.93284525703,6.50082363728,284893.0,137427.0,82487213.0,127176.0,72233.0,1077080.37498,196964.0,46221429.0
2021,2015-09-06,240.2,14582950.0,3502824590.0,17614944.5676,43392.0,0.367944616352,0.0,955.0,7.65,450189.429885,56957648455.0,959839.2,21.92532491,1.63943547709,9.04646704555,253777.0,106101.0,82593314.0,101418.0,61955.0,961656.671292,243742.0,58546934.0
2022,2015-09-07,241.31,14586350.0,3519832118.5,13634833.3094,43457.0,0.482218161765,1.0,1128.0,8.03333333333,385067.688455,56957648455.0,826486.75,25.98789351,1.55646720032,6.94287472383,238459.0,119041.0,82712355.0,108880.0,70403.0,950863.32114,220050.0,53100171.0
2023,2015-09-08,243.08,14589825.0,3546494661.0,18933607.044,43546.0,0.643196784173,1.0,995.0,8.85,393561.828641,56957648455.0,851509.24,28.37170322,1.3074516732,6.71796861563,280276.0,126751.0,82839106.0,123535.0,76632.0,1260514.60893,267926.0,65127397.0
2024,2015-09-09,240.08,14593350.0,3503571468.0,16863801.2855,43646.0,0.711985134752,1.0,1028.0,8.91666666667,399224.588766,56957648455.0,852524.08,26.40670885,1.12729910137,6.628290377,265428.0,128619.0,82967725.0,125800.0,77361.0,1451482.77587,315001.0,75625367.0
2025,2015-09-10,239.68,14597575.0,3498746776.0,15217779.746,43770.0,0.738044627219,2.0,1018.0,6.78333333333,478503.230506,56957648455.0,1019359.04,28.71675844,1.43726821576,8.30211869721,235288.0,122783.0,83090508.0,120592.0,72439.0,1382058.06135,295909.0,70923369.0
2026,2015-09-11,239.93,14601900.0,3503433867.0,11412582.8995,43882.0,0.652206179191,2.0,1134.0,7.41666666667,489828.750755,56957648455.0,1044415.29,28.99472893,1.68572345017,6.31876052708,252398.0,165288.0,83255796.0,161565.0,109704.0,1280146.77375,258227.0,61956502.0
2027,2015-09-12,235.13,14605300.0,3434144189.0,12692491.306,43977.0,0.703050963235,2.0,1711.0,9.63333333333,385067.688455,56957648455.0,808141.81,37.79488817,2.30101085705,5.26346448436,258271.0,153538.0,83409334.0,150249.0,90507.0,858171.453512,149369.0,35121165.0
2028,2015-09-13,229.86,14608800.0,3357978768.0,12673625.1038,44065.0,0.632981628571,1.0,1307.0,9.23333333333,396393.208704,56957648455.0,810256.5,25.41672183,1.93163013378,5.81579457364,279964.0,139320.0,83548654.0,133887.0,94821.0,814693.734685,182488.0,41946773.0
2029,2015-09-14,230.88,14612775.0,3373797492.0,15398001.8493,44176.0,0.700925528302,2.0,893.0,8.1,450189.429885,56957648455.0,924674.4,30.21206978,1.74420980663,5.65442882389,234525.0,163531.0,83712185.0,159347.0,113794.0,1223402.05924,229617.0,53013943.0
2030,2015-09-15,230.0,14616850.0,3361875500.0,13939823.8655,44289.0,0.693599484663,2.0,882.0,7.0,461514.950133,56957648455.0,943920.0,29.74177227,1.62652361545,5.68650485261,263932.0,165993.0,83878178.0,161192.0,107727.0,1321276.59277,252317.0,58032972.0
2031,2015-09-16,227.86,14620575.0,3331444219.5,13866113.7024,44393.0,0.698806744966,0.0,944.0,7.8,421875.629263,56957648455.0,854930.72,27.13904934,1.46646370682,5.05699619659,261990.0,169059.0,84047237.0,165564.0,113819.0,1432383.60579,255854.0,58298798.0
2032,2015-09-17,234.0,14624100.0,3422039400.0,14329545.2968,44490.0,0.688808609929,2.0,855.0,9.21666666667,399224.588766,56957648455.0,830934.0,26.22637494,1.28604627132,3.44291597955,250985.0,241346.0,84288583.0,238266.0,187035.0,1352347.35497,276118.0,64611517.0
2033,2015-09-18,232.99,14627700.0,3408107823.0,13521375.3935,44578.0,0.617110090278,1.0,899.0,8.1,424738.98841,59335351233.9,844821.74,26.57437234,1.30732655157,4.48585854617,273195.0,188330.0,84476913.0,180020.0,129207.0,1201441.58694,277360.0,64622090.0
2034,2015-09-19,230.71,14631000.0,3375518010.0,9200032.6374,44638.0,0.461650856061,0.0,860.0,8.75,389344.072709,59335351233.9,766418.62,22.72770657,1.22621856854,6.49512809431,230379.0,117999.0,84594912.0,114515.0,67688.0,1301022.97437,270914.0,62502611.0
2035,2015-09-20,230.2,14634000.0,3368746800.0,9504293.6989,44695.0,0.475198641667,0.0,807.0,9.56666666667,353949.157009,59335351233.9,695204.0,20.50270252,1.47194210064,6.56267640867,264443.0,105933.0,84700845.0,101659.0,63549.0,869500.502581,205171.0,47230390.0
2036,2015-09-21,226.56,14637300.0,3316226688.0,13192196.6058,44768.0,0.553837363636,0.0,786.0,8.78333333333,389344.072709,59335351233.9,753538.56,26.79271324,0.987445794248,6.04441079035,285612.0,124667.0,84825512.0,119372.0,71666.0,1487223.85423,336829.0,76311891.0
2037,2015-09-22,229.43,14641300.0,3359153459.0,19233663.3384,44848.0,0.50275883125,3.0,744.0,6.75,471932.209345,59335351233.9,923685.18,26.72725503,1.2569173983,6.75099896216,327724.0,136822.0,84962334.0,132321.0,75582.0,1536071.65121,320307.0,73488137.0
2038,2015-09-23,229.95,14645050.0,3367629247.5,11733627.1632,44923.0,0.50182222,0.0,941.0,8.2,442436.446261,59335351233.9,868521.15,27.90074242,1.35557630223,6.43520605495,250674.0,134964.0,85097298.0,128069.0,75978.0,1354982.61012,278627.0,64070252.0
2039,2015-09-24,233.9,14648675.0,3426325082.5,16891696.6478,44991.0,0.474493386207,0.0,806.0,8.15,427688.564719,59335351233.9,853501.1,24.26546849,1.6435793841,6.83774574995,239053.0,124822.0,85222120.0,119219.0,74269.0,1131711.59734,222015.0,51929411.0
2040,2015-09-25,235.79,14652725.0,3454966027.75,15237774.66,45063.0,0.446153759259,0.0,911.0,7.75,477831.361961,59335351233.9,961315.83,27.12553705,1.29464330457,7.35288228545,255255.0,130740.0,85352860.0,126908.0,71425.0,1449833.86953,314913.0,74253335.0
2041,2015-09-26,233.76,14656525.0,3426109284.0,9644476.1169,45128.0,0.431923611842,2.0,882.0,7.58333333333,448335.598877,59335351233.9,894132.0,25.68909341,2.07625032839,7.47639513688,249080.0,119594.0,85472454.0,115045.0,63336.0,1084746.27679,184226.0,43064749.0
2042,2015-09-27,232.85,14660125.0,3413610106.25,9085345.59,45189.0,0.426253826389,1.0,1087.0,8.15,424738.98841,59335351233.9,842917.0,20.98693709,2.35111670492,7.85892630715,251247.0,107256.0,85579710.0,101501.0,60581.0,762590.482176,153969.0,35851772.0
2043,2015-09-28,238.94,14663600.0,3503720584.0,16033418.7104,45261.0,0.524385517986,1.0,874.0,7.9,409991.106868,59335351233.9,836290.0,25.99373327,1.22317656902,6.38950223479,246314.0,130885.0,85710595.0,126552.0,70848.0,1369699.08722,286140.0,68370342.0
2044,2015-09-29,237.68,14667925.0,3486272414.0,16626430.9986,45336.0,0.434677213873,1.0,667.0,6.56666666667,510276.701354,59335351233.9,1033908.0,25.94376393,1.39813009583,7.41471600688,267985.0,139440.0,85850035.0,135138.0,77635.0,1643197.11597,311130.0,73949342.0
2045,2015-09-30,237.91,14671800.0,3490567938.0,13305335.4783,45418.0,0.532548735484,2.0,794.0,8.03333333333,457184.327803,59335351233.9,928562.73,28.15450861,1.23100854434,6.56919816627,272223.0,141351.0,85991386.0,136404.0,79604.0,1549007.54682,317057.0,75431055.0
2046,2015-10-01,238.98,14675650.0,3507186837.0,14408622.8398,45487.0,0.45193961039,0.0,955.0,7.86666666667,465548.431663,60813224039.4,927003.42,29.54151507,1.38807345456,6.82197019539,247211.0,135885.0,86127271.0,132272.0,80077.0,1408171.12431,279452.0,66783456.0
2047,2015-10-02,237.78,14678775.0,3490319119.5,13003388.1582,45555.0,0.547095784,0.0,1033.0,8.0,377880.220506,60813224039.4,748769.22,24.63261278,0.83344860045,5.50804554917,254192.0,135941.0,86263212.0,132606.0,76845.0,1834545.02163,377828.0,89839880.0
2048,2015-10-03,239.17,14682575.0,3511631462.75,11745113.2568,45621.0,0.439540934211,1.0,1018.0,7.9,459502.348135,60813224039.4,914586.08,24.86350758,1.80314048146,6.88279711017,234800.0,132880.0,86396092.0,129718.0,71408.0,1180360.3598,212074.0,50721843.0
2049,2015-10-04,239.47,14686350.0,3516940234.5,8661867.0532,45676.0,0.365588569536,1.0,898.0,7.96666666667,456479.306371,60813224039.4,908309.71,18.81504764,2.74091274697,9.00582710345,261675.0,100858.0,86496950.0,98648.0,66130.0,918962.564026,138385.0,33138950.0
2050,2015-10-05,239.22,14690050.0,3514153761.0,16040473.2191,45737.0,0.418199,2.0,863.0,7.73333333333,447410.181079,60813224039.4,890376.84,22.34545918,1.63134962924,7.57586992036,226632.0,117528.0,86614478.0,115131.0,79815.0,1215322.43153,228155.0,54579155.0
2051,2015-10-06,246.67,14693775.0,3624513479.25,21651521.5142,45806.0,0.465399651007,1.0,705.0,7.78333333333,450433.222843,60813224039.4,924519.16,23.79329659,1.09373459512,6.49487277479,249199.0,142346.0,86756824.0,140787.0,84114.0,1780616.55273,342679.0,84528657.0
2052,2015-10-07,245.25,14697150.0,3604476037.5,16009447.9077,45897.0,0.674966711111,3.0,906.0,10.9833333333,408110.638146,60813224039.4,834095.25,26.85313864,1.07036831643,5.97849171421,239250.0,139516.0,86896340.0,136497.0,81526.0,1481143.69499,317741.0,77926003.0
2053,2015-10-08,243.91,14700575.0,3585617248.25,12400136.007,45992.0,0.69550749635,4.0,998.0,9.01666666667,414156.721675,60813224039.4,841733.41,26.40812974,0.819364573787,6.03004090551,265540.0,139590.0,87035930.0,136722.0,83072.0,1975585.33814,421180.0,102730022.0
2054,2015-10-09,244.78,14703900.0,3599220642.0,10510717.7472,46069.0,0.583549917293,5.0,896.0,11.5833333333,402064.554618,60813224039.4,819523.44,23.5205094,1.11020470503,6.85851067035,211096.0,119490.0,87155420.0,117816.0,79470.0,1352775.2459,301566.0,73817327.0
2055,2015-10-10,245.79,14707625.0,3614987148.75,10246396.1292,46162.0,0.626499073826,2.0,964.0,7.9,450433.222843,60813224039.4,921712.5,25.49534435,1.648954048,7.16627921442,278854.0,128618.0,87284038.0,127194.0,83090.0,1283682.35625,227417.0,55896797.0
2056,2015-10-11,248.08,14711375.0,3649597910.0,8756660.4624,46250.0,0.5901196,2.0,928.0,7.36666666667,453456.264607,60813224039.4,935013.52,19.80117665,2.3362896838,8.83104629857,234919.0,105878.0,87389916.0,104281.0,73713.0,980167.589914,161324.0,40021301.0
2057,2015-10-12,246.63,14714875.0,3629129621.25,12046436.787,46328.0,0.558868771429,0.0,1063.0,9.55,423225.846967,60813224039.4,868877.49,23.74975114,1.48915041263,6.8454898485,232117.0,126927.0,87516843.0,124371.0,76431.0,1362093.22901,236578.0,58347195.0
2058,2015-10-13,249.58,14718225.0,3673374595.5,20041053.4464,46405.0,0.578977835821,1.0,845.0,9.56666666667,405087.596382,60813224039.4,842332.5,25.32149388,1.15836661748,6.29748349619,235683.0,133757.0,87650600.0,130340.0,81303.0,1618164.22786,291359.0,72717263.0
2059,2015-10-14,254.6,14722025.0,3748227565.0,18384897.4317,46479.0,0.491136552632,2.0,822.0,8.05,459502.348135,60813224039.4,974099.6,26.01374838,1.15578698651,7.14888264261,228578.0,136259.0,87786859.0,133248.0,82713.0,1604043.53239,331030.0,84280201.0
2060,2015-10-15,254.73,14726100.0,3751179453.0,16600191.7139,46571.0,0.568599613497,4.0,1087.0,7.41666666667,493327.875054,60883825480.1,1045411.92,29.32881596,1.12086339911,6.64901874984,307247.0,157228.0,87944087.0,152540.0,82912.0,2130369.1167,366146.0,93268450.0
2061,2015-10-16,262.31,14729975.0,3863819742.25,25643112.1254,46652.0,0.525302483871,3.0,1110.0,7.25,469115.464008,60883825480.1,1023533.62,27.25756736,1.29084654007,7.11355332384,275882.0,143885.0,88087972.0,139120.0,80779.0,1706812.78992,302282.0,79291658.0
2062,2015-10-17,269.07,14733250.0,3964275577.5,32045899.6602,46737.0,0.654771526718,2.0,954.0,8.88333333333,396478.230872,60883825480.1,888738.21,28.3979313,0.942095301672,6.3796638384,313859.0,139308.0,88227280.0,137027.0,84150.0,1734621.27764,350601.0,94336338.0
2063,2015-10-18,262.44,14736825.0,3867532353.0,16433851.5536,46810.0,0.517376356643,4.0,949.0,8.68333333333,432796.84744,60883825480.1,944259.12,23.11188843,1.69710819198,7.81296331232,274902.0,120858.0,88348138.0,116380.0,72237.0,1071197.31515,212008.0,55639300.0
2064,2015-10-19,264.16,14740975.0,3893975956.0,16059630.12,46895.0,0.513074746988,1.0,1013.0,7.7,502407.529196,60883825480.1,1103132.16,26.90024528,1.38310905105,8.07664321328,266086.0,136583.0,88484721.0,134440.0,85680.0,1370688.34442,301928.0,79757425.0
2065,2015-10-20,269.8,14744150.0,3977971670.0,20533407.996,46972.0,0.612539,3.0,827.0,9.61666666667,384372.025349,60883825480.1,864439.2,29.84547675,1.01653567061,6.26042294322,290886.0,138080.0,88622801.0,135153.0,85735.0,1577569.83549,315188.0,85037764.0
2066,2015-10-21,269.1,14747775.0,3968626252.5,17489825.2984,47065.0,0.643368337931,1.0,829.0,8.98333333333,438849.950201,60883825480.1,983560.5,30.92973723,1.16909230792,6.10789537418,309724.0,161031.0,88783832.0,154119.0,90701.0,1461543.98073,312636.0,84130269.0
2067,2015-10-22,273.95,14751700.0,4041228215.0,25322556.8264,47147.0,0.524851579618,1.0,896.0,8.13333333333,475168.56677,60883825480.1,1083198.3,29.269015,1.17712789921,7.22657330994,289944.0,149891.0,88933723.0,146034.0,89783.0,1621906.31296,335902.0,92020442.0
2068,2015-10-23,277.43,14755550.0,4093632236.5,20969687.9336,47227.0,0.520110136364,0.0,1138.0,7.8,466088.912628,60883825480.1,1075873.54,28.1587973,1.30048451469,7.35780894804,281281.0,146222.0,89079945.0,138481.0,87357.0,1442045.16597,298197.0,82728670.0
2069,2015-10-24,279.9,14759025.0,4131051097.5,15134081.82,47306.0,0.573187633094,0.0,1119.0,8.36666666667,420690.641917,60883825480.1,980489.7,28.61850485,1.32490785714,6.96237014209,323968.0,140827.0,89220772.0,137519.0,82729.0,1438771.54114,264396.0,74004369.0
2070,2015-10-25,295.01,14762900.0,4355203129.0,34299506.0256,47384.0,0.509111322581,0.0,1005.0,8.41666666667,469115.464008,60883825480.1,1150243.99,24.19684513,1.24511365697,8.97163217871,278147.0,128209.0,89348981.0,122953.0,77733.0,1349019.65013,313144.0,92380642.0
2071,2015-10-26,284.95,14766700.0,4207771165.0,23638781.2332,47460.0,0.501171947368,0.0,1021.0,7.01666666667,460035.809866,60883825480.1,1089933.75,25.28704706,1.22891778844,8.64745400306,277058.0,126041.0,89475022.0,122497.0,77157.0,1555314.87485,311249.0,88690534.0
2072,2015-10-27,294.73,14770650.0,4353353674.5,32420944.1352,47544.0,0.532480018987,0.0,985.0,7.38333333333,478195.11815,60883825480.1,1173025.4,30.03937533,1.07158725581,8.28355118672,282636.0,141609.0,89616631.0,140035.0,90746.0,1817399.43008,371412.0,109466158.0
2073,2015-10-28,298.95,14774050.0,4416702247.5,37507904.6835,47622.0,0.576889411765,0.0,1101.0,10.15,411610.987775,60883825480.1,1024800.6,28.96944937,0.900149459192,6.62127101451,274092.0,154774.0,89771405.0,152309.0,99545.0,1982987.32026,380826.0,113847827.0
2074,2015-10-29,310.36,14777750.0,4586422490.0,45043648.0032,47710.0,0.598327013514,1.0,1126.0,7.61666666667,458010.013458,62253982449.8,1158573.88,33.48909435,0.777191552607,6.99528975619,297971.0,165622.0,89937027.0,162879.0,99444.0,2282588.66554,480319.0,149071857.0
2075,2015-10-30,329.2,14781850.0,4866185020.0,55263289.9077,47800.0,0.552608969512,0.0,1362.0,6.9,507524.609508,62253982449.8,1360583.6,33.21211626,0.761741892913,8.24906085923,298795.0,164938.0,90101965.0,162589.0,94783.0,2576175.75345,542572.0,178614779.0
2076,2015-10-31,310.92,14785650.0,4597154298.0,37428890.4535,47878.0,0.515852118421,0.0,1270.0,7.38333333333,470388.662471,62253982449.8,1190201.76,28.36131688,0.975754444522,7.66428251294,318120.0,155292.0,90257257.0,153148.0,83789.0,1892685.65374,392312.0,121977590.0
2077,2015-11-01,311.5,14789625.0,4606968187.5,25642526.9142,47963.0,0.535353591195,0.0,1205.0,8.5,492051.298242,62253982449.8,1246623.0,27.61874593,1.04428360569,7.9581162862,305108.0,156648.0,90413905.0,151460.0,88832.0,1808217.9387,383229.0,119375905.0
2078,2015-11-02,340.69,14793250.0,5039912342.5,70310557.4196,48049.0,0.598349689655,0.0,991.0,8.4,448726.026699,62253982449.8,1245221.95,30.92341672,0.791673178193,7.79940591021,298505.0,159656.0,90573561.0,154645.0,94504.0,2318357.45566,461680.0,157289900.0
2079,2015-11-03,409.0,14797200.0,6052054800.0,171565483.282,48153.0,0.6632265,4.0,962.0,7.48333333333,488956.635989,62253982449.8,1628638.0,32.90854536,0.632612484225,9.14826402737,360192.0,178027.0,90751588.0,175214.0,105370.0,2921589.02777,629453.0,257446389.0
2080,2015-11-04,437.05,14801075.0,6468809828.75,240097870.246,48272.0,0.773893503226,2.0,1039.0,9.88333333333,479672.64923,62253982449.8,1713673.05,46.51890714,0.510938719471,8.11701843966,392233.0,211121.0,90962709.0,206942.0,125397.0,11707414.8602,767411.0,335396983.0
2081,2015-11-05,400.0,14804800.0,5921920000.0,144544320.094,48386.0,0.768430583893,1.0,1077.0,7.76666666667,461104.675711,62253982449.8,1504000.0,35.65030072,0.505491681422,7.9439696608,374641.0,189326.0,91152035.0,187209.0,121820.0,3874950.61169,743830.0,297532097.0
2082,2015-11-06,388.38,14808225.0,5751218425.5,104939430.582,48477.0,0.670328883212,1.0,967.0,9.2,423968.728674,62253982449.8,1342629.66,32.5182418,0.621828069144,8.1266094883,354664.0,165214.0,91317249.0,162759.0,102945.0,2867169.80203,555941.0,215916541.0
2083,2015-11-07,387.38,14812300.0,5737988774.0,41397271.7125,48565.0,0.544952944785,1.0,1056.0,8.81666666667,504429.947255,62253982449.8,1589032.76,27.24627205,0.992141175062,9.83342776695,317500.0,161595.0,91478844.0,158223.0,95123.0,2299911.46834,413449.0,160161961.0
2084,2015-11-08,381.51,14815800.0,5652375858.0,34651606.9748,48644.0,0.564960357143,0.0,940.0,8.71666666667,433252.715433,62253982449.8,1344441.24,24.18116382,1.06697052371,9.9747096487,333196.0,134785.0,91613629.0,130392.0,82112.0,2106559.62605,330281.0,126005472.0
2085,2015-11-09,378.8,14819475.0,5613617130.0,49017974.283,48733.0,0.60688114966,2.0,1026.0,8.55,454915.351205,62253982449.8,1402696.4,28.22602453,0.729125253247,9.18025066265,310788.0,152795.0,91766424.0,149909.0,97277.0,2906015.99551,507869.0,192380718.0
2086,2015-11-10,353.58,14823050.0,5241134019.0,78245096.3488,48813.0,0.55996806993,4.0,954.0,9.16666666667,442536.702193,62253982449.8,1273595.16,27.36790426,0.814137376847,8.2684876972,295638.0,154030.0,91920454.0,151205.0,95182.0,2580989.22593,442431.0,156434921.0
2087,2015-11-11,309.9,14827475.0,4595034502.5,92221766.362,48912.0,0.564048615819,1.0,857.0,7.68333333333,579380.209973,65848255179.7,1380604.5,30.2843787,0.66355614841,8.0662103658,340384.0,171159.0,92091613.0,166407.0,98294.0,3860070.4571,671383.0,208061443.0
2088,2015-11-12,331.6,14831125.0,4918001050.0,56103254.6262,48991.0,0.547871479452,3.0,982.0,8.51666666667,477906.839865,65848255179.7,1218630.0,25.54702522,0.720277627023,7.90194463717,301266.0,154219.0,92245832.0,151858.0,93415.0,2970257.4199,510220.0,169188929.0
2089,2015-11-13,332.2,14835300.0,4928286660.0,35918626.0886,49073.0,0.493198628743,2.0,1204.0,7.76666666667,546646.864777,65848255179.7,1395572.2,26.23777854,0.96770116799,8.88967437002,299301.0,156988.0,92402820.0,153761.0,92003.0,2861605.14895,434122.0,144215203.0
2090,2015-11-14,331.9,14839100.0,4925097290.0,23982824.104,49153.0,0.531593092105,1.0,1104.0,9.33333333333,497546.846983,65848255179.7,1269517.5,25.03323565,0.912929517921,8.13454329927,348007.0,156065.0,92558885.0,152490.0,89418.0,3242922.67523,418981.0,139059749.0
2091,2015-11-15,322.33,14842725.0,4784255549.25,34851429.837,49226.0,0.508644296552,1.0,975.0,8.11666666667,474633.505345,65848255179.7,1175537.51,22.58995092,1.06286094013,8.48965825792,301039.0,138467.0,92697352.0,135870.0,78622.0,2128062.23135,343130.0,110601252.0
2092,2015-11-16,329.32,14847125.0,4889455205.0,28628567.5235,49310.0,0.479200732955,0.0,892.0,7.03333333333,576106.875454,65848255179.7,1457241.0,25.8693141,1.04887231068,9.65431092738,310746.0,150942.0,92848294.0,147945.0,86460.0,2538621.21887,421882.0,138934071.0
2093,2015-11-17,335.95,14851150.0,4989243842.5,32793891.7088,49398.0,0.549028975155,0.0,727.0,8.18333333333,527006.857659,65848255179.7,1360933.45,26.60929107,1.04447390461,8.59967804921,321631.0,158254.0,93006548.0,156496.0,95146.0,1856400.16222,387851.0,130298464.0
2094,2015-11-18,334.46,14854650.0,4968286239.0,25422981.2093,49490.0,0.662569764286,1.0,891.0,8.93333333333,458266.832747,65848255179.7,1179974.88,28.65607622,0.793721369265,6.99920444637,328378.0,168587.0,93175135.0,166056.0,103408.0,2009885.64119,444488.0,148663615.0
2095,2015-11-19,329.0,14858150.0,4888331350.0,28290931.152,49572.0,0.589680107143,2.0,987.0,10.5,458266.832747,65848255179.7,1159725.0,25.51230756,0.946899838559,7.50334819262,297379.0,154561.0,93329696.0,153203.0,93780.0,2024646.99395,372267.0,122475995.0
2096,2015-11-20,320.62,14862125.0,4765094517.5,35862566.2785,49654.0,0.520788742138,0.0,990.0,7.525,520460.18862,65848255179.7,1282480.0,25.68798169,1.09416374499,8.26723737817,298609.0,155128.0,93484824.0,152649.0,91304.0,2253779.26709,365576.0,117210976.0
2097,2015-11-21,325.56,14866575.0,4839962157.0,14198539.9096,49739.0,0.482332157303,3.0,1016.0,7.25,582653.544493,65848255179.7,1456881.0,25.20808542,1.42460690934,9.17131040214,334688.0,158852.0,93643676.0,155181.0,86311.0,1611089.44016,314122.0,102265473.0
2098,2015-11-22,322.33,14870925.0,4793345255.25,11258958.92,49808.0,0.40130741954,0.0,1051.0,7.03333333333,569560.206415,65848255179.7,1409226.76,22.28715044,1.87528227984,11.1344992257,265164.0,126564.0,93770240.0,122866.0,77790.0,1104568.38641,233138.0,75147447.0
2099,2015-11-23,324.49,14874925.0,4826764413.25,13615387.4073,49896.0,0.552857575,1.0,1175.0,8.4,523733.52314,65848255179.7,1306072.25,25.51151834,1.46580479887,9.15270185987,324317.0,142698.0,93912938.0,139554.0,86411.0,1278362.90375,274593.0,89102741.0
2100,2015-11-24,321.1,14878725.0,4777558597.5,16374683.094,49975.0,0.522624796053,2.0,832.0,8.71666666667,549490.493162,72722780642.5,1227886.4,24.94506527,1.34394354485,8.18285440102,307413.0,150056.0,94062994.0,147186.0,94471.0,1414610.27227,284536.0,91364433.0
2101,2015-11-25,325.0,14882575.0,4836836875.0,25111070.299,50056.0,0.530170850649,4.0,1147.0,7.21666666667,556720.631229,72722780642.5,1259375.0,25.58035035,1.18068865738,8.26020083561,307690.0,152463.0,94215457.0,149233.0,91808.0,1858049.90945,328198.0,106664445.0
2102,2015-11-26,348.0,14886625.0,5180545500.0,73195270.6758,50148.0,0.569060333333,2.0,960.0,8.23333333333,585641.183501,72722780642.5,1419492.0,29.18544934,0.904509579115,8.61708249863,319759.0,164730.0,94380187.0,162573.0,97628.0,2148058.27435,450963.0,156934988.0
2103,2015-11-27,359.54,14890350.0,5353676439.0,40156994.3037,50233.0,0.570497926174,0.0,1205.0,8.85,538645.28606,72722780642.5,1348275.0,25.41874713,0.842653926375,8.60203905856,284894.0,156739.0,94536926.0,155381.0,94035.0,2195779.20855,445023.0,160003408.0
2104,2015-11-28,353.88,14894000.0,5270688720.0,21634897.782,50322.0,0.612602863014,1.0,1182.0,8.3,527800.078958,72722780642.5,1301570.64,28.0049699,1.17812545917,7.58482208832,349162.0,171602.0,94708528.0,167772.0,94666.0,2064689.21499,312191.0,110478101.0
2105,2015-11-29,363.98,14897925.0,5422546741.5,23486321.6954,50393.0,0.455331987261,2.0,1102.0,7.71666666667,567565.838331,72722780642.5,1436265.08,21.63065329,1.78164822865,10.9841468973,269023.0,130758.0,94839286.0,128467.0,82979.0,1270903.66977,221480.0,80614403.0
2106,2015-11-30,372.53,14901675.0,5551320987.75,51791731.6036,50492.0,0.663142446667,0.0,1191.0,11.2166666667,542260.355094,72722780642.5,1408908.46,32.24050832,0.942246085205,8.18262232625,384237.0,172183.0,95011469.0,169951.0,103538.0,2271903.22713,401381.0,149526592.0
2107,2015-12-01,359.32,14906475.0,5356194597.0,44265192.671,50594.0,0.536199416667,0.0,1045.0,6.76666666667,694093.25452,72722780642.5,1736234.24,32.66538323,1.05637499183,9.41538274658,365897.0,184404.0,95195873.0,182458.0,109091.0,2663137.25754,457413.0,164357757.0
2108,2015-12-02,360.98,14910150.0,5382265947.0,34787805.3576,50692.0,0.667464877551,2.0,1230.0,8.36666666667,531415.147992,72722780642.5,1337791.88,31.42432556,0.746842219078,7.54633641138,339855.0,177277.0,95373150.0,175833.0,106626.0,2701487.04874,496223.0,179126440.0
2109,2015-12-03,362.49,14913750.0,5406085237.5,32249807.7032,50787.0,0.664412569444,3.0,1208.0,8.8,520569.94089,72722780642.5,1316201.19,31.18138861,0.908863273914,7.72794958812,317811.0,170317.0,95543467.0,168169.0,103686.0,2151712.50717,399510.0,144818393.0
2110,2015-12-04,360.88,14917400.0,5383391312.0,21785438.5334,50869.0,0.564399178082,2.0,1257.0,8.93333333333,527800.078958,72722780642.5,1326955.76,27.03445429,1.05649308233,8.24482900885,274245.0,160944.0,95704411.0,160017.0,102105.0,2667462.20828,348038.0,125600042.0
2111,2015-12-05,377.72,14921600.0,5636186752.0,40058592.2884,50973.0,0.623240821429,0.0,1078.0,7.71666666667,607331.597705,72722780642.5,1598511.04,32.71329254,0.82259079012,7.98405218442,426997.0,200213.0,95904624.0,198627.0,107750.0,4814997.07462,514472.0,194326396.0
2112,2015-12-06,390.04,14925900.0,5821698036.0,58053909.7428,51071.0,0.572171406977,1.0,1206.0,7.3,621791.873841,72722780642.5,1688873.2,30.07728753,0.826305802569,9.39426734232,374142.0,179777.0,96084401.0,176751.0,98004.0,5637565.63396,524019.0,204388399.0
2113,2015-12-07,395.58,14929675.0,5905880836.5,40437811.302,51169.0,0.649581788079,0.0,1266.0,8.03333333333,593762.303117,79102380900.2,1505973.06,32.2348716,0.880185883787,8.1058683015,340611.0,185788.0,96270189.0,184241.0,103201.0,3098092.99737,432522.0,171097161.0
2114,2015-12-08,394.99,14933650.0,5898642413.5,22999694.4828,51275.0,0.667387415094,1.0,1249.0,7.78333333333,625219.90858,79102380900.2,1582724.93,32.11371119,0.93525025491,8.23919649969,374956.0,192097.0,96462286.0,189911.0,110845.0,2992135.18512,428441.0,169230099.0
2115,2015-12-09,414.01,14938075.0,6184512430.75,67053317.6352,51388.0,0.643142887006,0.0,1258.0,6.41666666667,695999.520873,79102380900.2,1847312.62,37.33796324,0.883676232118,8.30241668652,414210.0,222503.0,96684789.0,220194.0,121179.0,3869382.8982,504936.0,209048581.0
2116,2015-12-10,415.64,14942975.0,6210898129.0,31321399.0962,51501.0,0.580618642857,2.0,1179.0,6.8,770711.333848,79102380900.2,2051183.4,35.30416521,1.09024055937,9.70046819136,403387.0,211452.0,96896241.0,210092.0,114772.0,3370213.78203,452652.0,188140441.0
2117,2015-12-11,444.29,14947350.0,6640958131.5,76154164.2851,51606.0,0.600046308571,1.0,1324.0,7.93333333333,688135.119507,79102380900.2,1961096.06,39.63005169,1.01069685469,9.28558063997,387377.0,211198.0,97107439.0,209083.0,118817.0,3624518.39334,436728.0,194034052.0
2118,2015-12-12,426.06,14951525.0,6370246741.5,107032617.755,51720.0,0.68788842515,2.0,1381.0,8.45,656677.514044,79102380900.2,1796268.96,41.97835617,0.990955805222,8.49476467918,457574.0,211456.0,97318895.0,208621.0,114950.0,3535444.34352,425448.0,181266304.0
2119,2015-12-13,438.79,14955250.0,6562214147.5,39287495.8922,51816.0,0.650935067114,2.0,1339.0,8.45,585897.901751,79102380900.2,1648972.82,33.00810311,0.987807877224,8.85825389066,381029.0,186151.0,97505046.0,183264.0,102888.0,5135908.4542,380438.0,166932544.0
2120,2015-12-14,445.6,14959650.0,6666020040.0,108826070.44,51934.0,0.670941056818,3.0,1399.0,7.91666666667,692067.32019,79102380900.2,1978018.4,39.48664553,1.09889090087,8.93014596003,423138.0,221499.0,97726545.0,215962.0,116030.0,4813539.63477,403953.0,180001345.0
2121,2015-12-15,459.48,14964475.0,6875876973.0,55276209.2925,52047.0,0.589143512953,3.0,1132.0,6.18333333333,758914.731799,79102380900.2,2234910.72,39.39891977,1.05829822848,9.81489605017,392348.0,227706.0,97954251.0,221166.0,121683.0,4352520.59535,459606.0,211179671.0
2122,2015-12-16,454.43,14968675.0,6802214980.25,85536938.6556,52160.0,0.675648559524,2.0,1442.0,7.53333333333,660609.714727,79102380900.2,1926328.77,39.1447328,0.979959420107,8.65645132588,411804.0,222531.0,98176782.0,216574.0,117482.0,4432222.99305,432569.0,196572300.0
2123,2015-12-17,453.39,14972650.0,6788449783.5,30852734.187,52267.0,0.676203924528,2.0,1582.0,7.65,625219.90858,79102380900.2,1819000.68,37.22822923,1.01902121362,8.28324535519,395053.0,219600.0,98396382.0,213882.0,117740.0,4256300.69285,393711.0,178504692.0
2124,2015-12-18,458.95,14976650.0,6873533517.5,37926164.8115,52368.0,0.6342352625,2.0,1341.0,7.46666666667,629152.109263,79102380900.2,1852781.15,37.92492881,1.01965415971,8.64222714064,383932.0,214387.0,98610769.0,210012.0,113325.0,4026919.22356,395919.0,181706820.0
2125,2015-12-19,461.16,14980525.0,6908418909.0,29418082.56,52472.0,0.672177303226,3.0,1524.0,7.8,720030.586381,93448670796.3,1803135.6,35.93690521,1.05614874536,8.31152555498,427602.0,216944.0,98827713.0,212043.0,107302.0,3973674.7796,370213.0,170727429.0
2126,2015-12-20,434.98,14984750.0,6518066555.0,54181213.7719,52566.0,0.558967088757,2.0,1374.0,6.41666666667,785065.607087,93448670796.3,1851709.86,32.57857501,1.34572001125,9.67248321937,363933.0,191441.0,99019154.0,187359.0,100576.0,3854017.04963,316336.0,137599935.0
2127,2015-12-21,438.7,14988600.0,6575498820.0,52315624.452,52679.0,0.738472396104,2.0,918.0,7.68333333333,715385.22776,93448670796.3,1706543.0,40.54469579,0.889637606371,7.68325439418,451443.0,222112.0,99241266.0,216719.0,109182.0,5241787.46538,437257.0,191824512.0
2128,2015-12-22,435.98,14992125.0,6536266657.5,30613418.7315,52789.0,0.780452347518,1.0,802.0,8.45,654995.565676,93448670796.3,1553396.74,38.26775215,0.758303952711,6.96184618832,391920.0,223130.0,99464396.0,212631.0,113228.0,4814662.10205,469864.0,204851463.0
2129,2015-12-23,441.4,14996250.0,6619344750.0,28293611.216,52901.0,0.681074981818,0.0,1036.0,7.86666666667,766484.1726,93448670796.3,1837989.6,39.9396651,1.08745753238,8.30583354798,409651.0,221289.0,99685685.0,208259.0,111963.0,4523984.27721,382912.0,169017138.0
2130,2015-12-24,453.95,14999975.0,6809238651.25,35843916.0595,53009.0,0.72916742953,1.0,1230.0,9.11666666667,692158.434651,93448670796.3,1709121.75,40.27402729,0.907151542822,7.52290713899,410857.0,227189.0,99912874.0,208294.0,106063.0,4734609.23672,415035.0,188405318.0
2131,2015-12-25,454.98,15003325.0,6826212808.5,19787454.9075,53096.0,0.652635067164,3.0,1051.0,8.53333333333,622478.055323,93448670796.3,1537832.4,30.46228338,1.17464080601,8.35215615563,329540.0,184124.0,100096998.0,167557.0,93386.0,4018262.26654,287748.0,130919375.0
2132,2015-12-26,417.99,15007975.0,6273183470.25,91276222.4367,53184.0,0.477272801075,3.0,1139.0,6.06666666667,864036.703658,93448670796.3,1955357.22,28.83614603,1.49318675812,11.4412607078,347238.0,170904.0,100267902.0,155481.0,90979.0,2670582.94449,313290.0,130951953.0
2133,2015-12-27,418.46,15012850.0,6282277211.0,31955095.3176,53273.0,0.457474835897,0.0,915.0,6.01666666667,905844.931254,93448670796.3,2050872.46,26.99051992,2.66316725305,13.1000961968,341200.0,156554.0,100424456.0,147338.0,91267.0,1517703.74445,184029.0,77008774.0
2134,2015-12-28,423.98,15016875.0,6366854662.5,32740834.4546,53367.0,0.585629142857,0.0,1043.0,7.11666666667,747902.738112,93448670796.3,1719238.9,30.14051256,1.62552485977,10.3049017904,314685.0,166837.0,100591293.0,158084.0,93619.0,1979239.84141,249458.0,105765156.0
2135,2015-12-29,431.13,15020675.0,6475863612.75,30691408.0275,53467.0,0.657941046053,2.0,946.0,8.41666666667,706094.510516,93448670796.3,1652090.16,32.07409932,1.61475116295,8.83281736527,343081.0,187040.0,100778333.0,181479.0,106510.0,2089114.92258,237312.0,102312368.0
2136,2015-12-30,428.0,15025000.0,6430700000.0,30700004.8378,53564.0,0.56486883237,1.0,972.0,7.08333333333,803647.041574,93448670796.3,1864368.0,31.69411709,1.86573067224,10.2530192041,342062.0,181836.0,100960169.0,177368.0,107580.0,2490059.56836,233474.0,99926963.0
2137,2015-12-31,429.34,15028600.0,6452379124.0,28540927.016,53647.0,0.579926861111,1.0,1147.0,7.43333333333,743604.444166,103880340815.0,1557216.18,27.14353204,2.05815448773,9.48758426145,310331.0,164132.0,101124301.0,159215.0,99227.0,1227621.2685,176226.0,75660801.0
2138,2016-01-01,432.33,15031975.0,6498773751.75,20406959.2119,53710.0,0.469414296296,0.0,1304.0,7.78333333333,697129.166406,103880340815.0,1467328.02,19.7356877,2.61508751253,11.8693772194,232199.0,123623.0,101247924.0,118543.0,77955.0,976452.839324,129785.0,56110092.0
2139,2016-01-02,433.94,15035400.0,6524461476.0,15069490.9225,53789.0,0.578475175182,1.0,1235.0,10.0333333333,707457.005908,103880340815.0,1498828.76,29.83594196,3.26496108967,10.4883611375,334703.0,142904.0,101390828.0,138136.0,85567.0,1014427.40827,105790.0,45906482.0
2140,2016-01-03,428.13,15039125.0,6438700586.25,23322149.802,53867.0,0.525739651007,1.0,1085.0,7.13333333333,769424.042922,103880340815.0,1604631.24,23.84912157,3.09621802909,11.3752001928,295177.0,141064.0,101531892.0,136272.0,83682.0,891683.746701,121051.0,51825525.0
2141,2016-01-04,433.0,15043500.0,6513835500.0,21949458.6916,53962.0,0.545496834286,1.0,1121.0,6.38333333333,903685.956452,103880340815.0,1906932.0,29.04309207,2.34811922524,11.2056459195,363742.0,170176.0,101702068.0,165476.0,96236.0,1016358.61555,187554.0,81211038.0
2142,2016-01-05,431.9,15047575.0,6499047642.5,20487753.0816,54067.0,0.649576226994,0.0,968.0,6.73333333333,841718.919438,103880340815.0,1774245.2,33.25645748,1.96487252098,9.48733343315,365051.0,187012.0,101889080.0,183870.0,105773.0,1196076.64228,209072.0,90298235.0
2143,2016-01-06,430.75,15050975.0,6483207481.25,19156844.9786,54160.0,0.684647463235,1.0,1057.0,9.45,702293.086157,103880340815.0,1477472.5,30.18982189,1.59425154919,8.32482054114,338929.0,177478.0,102066558.0,174238.0,104228.0,1492712.39228,215148.0,92674992.0
2144,2016-01-07,453.71,15054575.0,6830411223.25,58478075.9822,54257.0,0.677849430556,1.0,1117.0,10.0,743604.444166,103880340815.0,1648782.14,34.09833151,1.2929318122,9.26943459659,326219.0,177873.0,102244431.0,175175.0,104641.0,1536633.73193,281067.0,127522745.0
2145,2016-01-08,447.04,15058950.0,6731953008.0,41191540.305,54366.0,0.623070194286,0.0,1252.0,7.21666666667,903685.956452,103880340815.0,1971446.4,35.79529128,1.62787431172,10.3759790738,366508.0,190001.0,102434432.0,186956.0,103806.0,1294742.51492,270905.0,121105566.0
2146,2016-01-09,450.15,15062925.0,6780575688.75,17656850.6046,54462.0,0.606929169811,0.0,1389.0,7.21666666667,821063.240434,103880340815.0,1802400.6,29.65980991,2.56124588564,10.1046150224,371151.0,178374.0,102612806.0,175150.0,92313.0,898916.058546,156330.0,70372025.0
2147,2016-01-10,446.24,15067175.0,6723576172.0,20063783.1186,54552.0,0.530182182353,0.0,1504.0,6.68333333333,877866.357696,103880340815.0,1909014.72,28.84040484,2.23139857559,11.5917754285,363228.0,164687.0,102777493.0,160954.0,103071.0,1156445.68689,191718.0,85552386.0
2148,2016-01-11,447.11,15071425.0,6738584831.75,25254134.411,54660.0,0.640220341176,1.0,1369.0,6.7,877866.357696,103880340815.0,1914972.13,33.93862178,1.79254076233,10.6522861307,365605.0,179771.0,102957264.0,173501.0,104975.0,1754221.804,238935.0,106830047.0
2149,2016-01-12,446.66,15075825.0,6733767994.5,20987190.7616,54763.0,0.588822897727,0.0,1386.0,6.73333333333,908849.876203,103880340815.0,1980490.44,34.68518114,1.99941861437,10.0708365877,372889.0,196656.0,103153920.0,192859.0,114910.0,1240624.8409,221764.0,99053316.0
2150,2016-01-13,429.57,15079650.0,6477765250.5,45901744.1211,54864.0,0.661572366013,0.0,1222.0,7.45,862135.539442,113354299801.0,1657710.63,34.14797822,1.54323616908,8.65067020477,341119.0,191628.0,103345548.0,187904.0,118193.0,1418323.06242,250059.0,107417819.0
2151,2016-01-14,431.9,15082950.0,6514326105.0,19112138.8037,54961.0,0.736487371212,0.0,1380.0,8.88333333333,743803.210499,113354299801.0,1439090.8,32.4379618,1.62865554465,7.84716069578,354601.0,183390.0,103528938.0,178801.0,111689.0,1200884.44414,204586.0,88360661.0
2152,2016-01-15,391.62,15086025.0,5907989110.5,116205455.818,55057.0,0.780627439024,0.0,1342.0,10.5,693089.355238,113354299801.0,1217938.2,35.56461585,0.95480918402,6.57971529672,344968.0,185105.0,103714043.0,181095.0,115655.0,1605659.3542,325720.0,127558283.0
2153,2016-01-16,370.4,15089500.0,5589150800.0,71683286.4755,55162.0,0.759423546763,0.0,1568.0,9.3,783247.320146,113354299801.0,1300104.0,35.06789583,1.15354507695,6.83182957525,393797.0,190301.0,103904344.0,187774.0,110313.0,1627411.81766,304279.0,112705089.0
2154,2016-01-17,385.45,15092975.0,5817587213.75,25665045.6335,55265.0,0.745804992806,0.0,1370.0,8.43333333333,783247.320146,113354299801.0,1352544.05,34.12662086,1.94828097687,7.01778151932,447783.0,192731.0,104097075.0,188183.0,114492.0,6688157.58444,180107.0,69422433.0
2155,2016-01-18,385.28,15097350.0,5816707008.0,25780217.133,55381.0,0.665721045714,0.0,1122.0,5.95,986102.741192,113354299801.0,1700240.64,38.60077135,2.29852085995,7.94750081801,395421.0,213934.0,104311009.0,209219.0,111996.0,9211159.67578,191993.0,73971077.0
2156,2016-01-19,378.66,15101075.0,5718173059.5,25270093.755,55493.0,0.752126040268,0.0,1166.0,8.31666666667,839596.048215,113354299801.0,1425654.9,40.1235823,1.65217437466,6.92956910589,382142.0,205735.0,104516744.0,199344.0,114512.0,10636308.7852,227882.0,86289615.0
2157,2016-01-20,408.33,15104725.0,6167712359.25,78165567.7533,55619.0,0.863243054795,2.0,1217.0,8.58333333333,822691.429794,113354299801.0,1509187.68,46.36233719,1.177138386,7.69864094311,387569.0,196033.0,104712777.0,190881.0,117998.0,5061050.41259,313982.0,128208178.0
2158,2016-01-21,408.0,15108075.0,6164094600.0,37002467.8592,55731.0,0.840713619403,1.0,1440.0,9.16666666667,755072.956112,113354299801.0,1384752.0,44.97159781,1.02354601937,6.58652968037,406195.0,210240.0,104923017.0,204315.0,107878.0,3520396.33168,331592.0,135289667.0
2159,2016-01-22,385.7,15112200.0,5828775540.0,59059297.6044,55850.0,0.722907612121,1.0,1470.0,8.33333333333,929754.013123,113354299801.0,1610297.5,50.43939975,1.57458577823,7.12186983096,413921.0,226106.0,105149123.0,221077.0,114796.0,7043414.58332,265149.0,102268007.0
2160,2016-01-23,388.5,15116675.0,5872828237.5,24905687.7316,55959.0,0.609391340782,0.0,1563.0,6.48333333333,1008642.23242,113354299801.0,1754466.0,41.96522497,1.60623485081,8.73246629138,435226.0,200913.0,105350036.0,197648.0,97657.0,33278578.0244,281154.0,109228485.0
2161,2016-01-24,404.75,15120825.0,6120153918.75,26166918.645,56058.0,0.596757951807,1.0,1309.0,8.03333333333,935388.88593,113354299801.0,1694688.25,37.10747183,2.11765489098,8.75482120348,383842.0,193572.0,105543608.0,190634.0,96752.0,38433356.1419,197719.0,80026649.0
2162,2016-01-25,387.09,15125150.0,5854794313.5,27947836.8106,56170.0,0.651674352601,1.0,1186.0,6.9,974832.995578,113354299801.0,1691196.21,44.57485172,0.941045342855,8.03067642645,404020.0,210592.0,105754200.0,206515.0,103001.0,45992222.558,464271.0,179714636.0
2163,2016-01-26,394.12,15129250.0,5962740010.0,23253230.3312,56293.0,0.750327567073,0.0,942.0,8.51666666667,978569.915444,120033340651.0,1634415.64,47.44277836,1.31246279038,6.92035837832,462802.0,236175.0,105990375.0,229053.0,115989.0,7554131.78154,315971.0,124530436.0
2164,2016-01-27,394.45,15133100.0,5969251295.0,17463880.6874,56405.0,0.727886461039,0.0,1260.0,7.66666666667,918901.018161,120033340651.0,1537171.65,47.63990486,1.14146154694,6.79007730194,414610.0,226385.0,106216760.0,220900.0,111539.0,9956892.41348,341404.0,134666967.0
2165,2016-01-28,382.44,15136800.0,5788917792.0,30483418.7072,56525.0,0.815527412162,0.0,1414.0,9.55,883099.679791,120033340651.0,1434150.0,50.08400338,0.950421538653,6.19626362042,445935.0,231454.0,106448214.0,225456.0,107215.0,12897554.2976,394562.0,150896201.0
2166,2016-01-29,377.26,15141050.0,5712112523.0,54312432.201,56637.0,0.663735094118,0.0,1149.0,7.05,1014371.25381,120033340651.0,1620331.7,45.3790109,1.10149586716,7.27839881054,424226.0,222622.0,106670836.0,213749.0,113560.0,6544542.32061,389924.0,147102840.0
2167,2016-01-30,378.24,15145475.0,5728624464.0,14343796.7501,56750.0,0.641980090395,1.0,1086.0,7.25,1056139.48191,120033340651.0,1689976.32,43.85418346,1.14685286792,8.04811947577,428332.0,209984.0,106880820.0,200127.0,103763.0,4276470.35733,389588.0,147357727.0
2168,2016-01-31,376.86,15149950.0,5709410157.0,17760429.7968,56843.0,0.519653067039,0.0,1199.0,6.81666666667,1068073.26137,120033340651.0,1698131.16,31.51669344,2.22902999013,10.070459066,384209.0,168625.0,107049445.0,160035.0,94798.0,1414303.01375,202151.0,76182517.0
2169,2016-02-01,372.0,15154350.0,5637418200.0,28865406.8139,56968.0,0.715835198864,1.0,1218.0,8.55,1050172.59218,120033340651.0,1655772.0,51.0283515,1.09827295342,7.46636965423,437884.0,221764.0,107271209.0,209322.0,104984.0,4997779.26626,405273.0,150761429.0
2170,2016-02-02,373.48,15158450.0,5661377906.0,19943929.1014,57103.0,0.824635926829,0.0,1165.0,8.66666666667,978569.915444,120033340651.0,1552556.36,57.71349212,1.07385649411,6.69211096647,451155.0,231998.0,107503207.0,222371.0,120120.0,3929600.01519,387109.0,144577638.0
2171,2016-02-03,368.38,15162800.0,5585672264.0,23767287.735,57224.0,0.700482402299,0.0,1369.0,7.48333333333,1038238.81273,120033340651.0,1620135.24,48.81393346,1.50164484844,8.09715393804,388710.0,200087.0,107703294.0,195252.0,112563.0,1976661.55127,292879.0,107890707.0
2172,2016-02-04,385.06,15167425.0,5840368670.5,41655064.8085,57341.0,0.632844389189,0.0,1365.0,6.88333333333,1103874.59974,120033340651.0,1796689.96,41.25773034,1.4837092758,8.93586631189,399236.0,201065.0,107904359.0,193967.0,113489.0,2341430.41634,314482.0,121094475.0
2173,2016-02-05,386.49,15171925.0,5863797293.25,24231098.3145,57455.0,0.635658183333,0.0,1384.0,6.16666666667,1074040.1511,120033340651.0,1755051.09,41.04809873,1.12709879872,8.12862345422,393084.0,215910.0,108120269.0,205366.0,116118.0,3499411.40217,402893.0,155714041.0
2174,2016-02-06,373.04,15176700.0,5661516168.0,30866009.8532,57579.0,0.652686691099,3.0,1184.0,6.51666666667,1139675.93811,120033340651.0,1796933.68,42.22773725,1.48634280868,7.72037911597,441758.0,232752.0,108353021.0,221523.0,118359.0,3304540.9475,324084.0,120896315.0
2175,2016-02-07,373.74,15181250.0,5673840375.0,15640570.8048,57700.0,0.665092164835,0.0,1276.0,6.83333333333,1303860.28146,144116447847.0,1714719.12,38.64301185,2.15419087526,8.08318855063,452004.0,212134.0,108565155.0,201390.0,103843.0,2957759.24812,212980.0,79599219.0
2176,2016-02-08,375.8,15185275.0,5706626345.0,24531012.2045,57821.0,0.753973496894,2.0,1245.0,7.73333333333,1153414.86437,144116447847.0,1527627.0,40.9030054,1.63712806502,6.92616034712,396540.0,220559.0,108785714.0,211844.0,107138.0,2650183.04277,248301.0,93311393.0
2177,2016-02-09,372.61,15189500.0,5659759595.0,21330382.4776,57946.0,0.740162,1.0,1049.0,8.31666666667,1210727.40421,144116447847.0,1589926.87,42.466277,1.46448001512,6.88879444885,429776.0,230799.0,109016513.0,222310.0,110839.0,2285064.55673,291366.0,108565966.0
2178,2016-02-10,378.98,15193725.0,5758117900.5,36978851.3269,58066.0,0.715897940828,0.0,1401.0,7.26666666667,1210727.40421,144116447847.0,1617865.62,44.48599145,1.24559323361,6.915699343,396665.0,233941.0,109250454.0,225892.0,116238.0,2522137.31764,342728.0,129887155.0
2179,2016-02-11,376.75,15198525.0,5726044293.75,26042971.8176,58188.0,0.637685135417,0.0,1468.0,5.98333333333,1375500.95627,144116447847.0,1824977.0,44.34470738,1.35056115664,8.0231817922,429313.0,227463.0,109477917.0,227463.0,128516.0,2731609.21864,358666.0,135127313.0
2180,2016-02-12,381.46,15202500.0,5799145650.0,22212756.8286,58293.0,0.665082698113,1.0,1624.0,7.1,1139086.72941,144116447847.0,1531180.44,39.88170509,1.29260241894,7.54625511321,392638.0,202906.0,109680823.0,202906.0,115255.0,2627933.25534,310536.0,118457185.0
2181,2016-02-13,388.6,15206325.0,5909177895.0,18777635.9201,58395.0,0.672740542484,3.0,1182.0,7.65,1096102.32453,144116447847.0,1500384.6,36.80013215,1.25329830856,7.87355478589,407580.0,190560.0,109871383.0,190560.0,108841.0,2705466.81328,308067.0,119714883.0
2182,2016-02-14,402.38,15210825.0,6120531763.5,30702017.3075,58497.0,0.566719694444,1.0,1550.0,6.21666666667,1289532.1465,144116447847.0,1824390.92,34.63112968,1.73930446845,9.6565918053,390085.0,188927.0,110060310.0,179497.0,108998.0,2795383.45629,260679.0,104891981.0
2183,2016-02-15,402.64,15214525.0,6125976346.0,34078398.8376,58608.0,0.751270574324,1.0,1425.0,8.23333333333,1060281.98712,144116447847.0,1505873.6,40.18686148,1.03981470472,7.26082633789,424653.0,207397.0,110267707.0,195212.0,114129.0,3665303.36728,359679.0,144821341.0
2184,2016-02-16,406.69,15218250.0,6189110092.5,28047318.6816,58717.0,0.731926161074,0.0,1660.0,8.65,1067446.0546,144116447847.0,1531594.54,41.80226206,1.01959811041,7.00061495566,424752.0,218780.0,110486487.0,207335.0,116102.0,3996092.80038,369361.0,150215514.0
2185,2016-02-17,418.04,15221750.0,6363300370.0,39099468.2342,58833.0,0.835124042857,1.0,1730.0,9.5,1002969.44728,144116447847.0,1481533.76,44.75593799,0.865280548975,6.5150141379,436155.0,227403.0,110713890.0,216842.0,129466.0,3953386.84294,409578.0,171220047.0
2186,2016-02-18,418.97,15226250.0,6379341962.5,32029699.8436,58945.0,0.62491515,0.0,1826.0,5.93333333333,1289532.1465,144116447847.0,1902961.74,42.68131047,1.26173860214,8.94396042582,416530.0,212765.0,110926655.0,201293.0,112421.0,3903312.13967,359979.0,150820601.0
2187,2016-02-19,418.02,15229725.0,6366329644.5,22201850.3562,59052.0,0.774219877698,2.0,1830.0,9.23333333333,1129682.78043,163491654909.0,1471848.42,46.31819386,1.09837789484,6.82827540454,411494.0,215552.0,111142207.0,203632.0,117959.0,4069429.39093,320564.0,134002007.0
2188,2016-02-20,439.48,15233675.0,6694895489.0,49142940.239,59169.0,0.744355949367,2.0,1508.0,7.9,1284099.85114,163491654909.0,1754843.64,43.09210135,1.15507521283,7.79033752259,440841.0,225259.0,111367466.0,212896.0,120272.0,4918446.3414,345692.0,151924621.0
2189,2016-02-21,434.67,15236825.0,6622990722.75,45001750.1744,59274.0,0.840188849206,0.0,1399.0,9.91666666667,1024028.99521,163491654909.0,1386597.3,40.65663231,1.01364971626,6.62568713087,399688.0,209276.0,111576742.0,195461.0,112737.0,4198706.24107,314704.0,136792550.0
2190,2016-02-22,438.5,15240075.0,6682772887.5,25463328.1084,59385.0,0.859524815385,0.0,1392.0,10.4,1056537.8522,163491654909.0,1443980.5,43.53246983,1.01518133243,6.41871810601,469044.0,224964.0,111801706.0,210446.0,123712.0,4350212.80198,324376.0,142238677.0
2191,2016-02-23,417.0,15243450.0,6356518650.0,41312427.126,59505.0,0.895629081481,2.0,1508.0,9.16666666667,1097173.92344,163491654909.0,1427391.0,48.21733873,0.908054544686,5.78880110959,464117.0,246578.0,112048284.0,226977.0,128270.0,3976883.69551,376960.0,157192209.0
2192,2016-02-24,423.1,15246525.0,6450804727.5,29085738.813,59615.0,0.89584400813,0.0,1968.0,9.83333333333,999647.352469,163491654909.0,1319648.9,44.91575935,0.942228945892,5.86218815523,411081.0,225112.0,112273396.0,208244.0,120442.0,3726616.87451,331024.0,140056077.0
2193,2016-02-25,421.4,15250150.0,6426413210.0,22095111.3957,59736.0,0.83580277931,2.0,2036.0,8.96666666667,1178446.06592,163491654909.0,1547380.8,47.68274149,1.02774329771,7.07539037673,412050.0,218699.0,112492095.0,206844.0,130074.0,3124689.66982,357288.0,150561021.0
2194,2016-02-26,424.34,15253900.0,6472839926.0,24487221.7856,59849.0,0.75447926,1.0,1760.0,7.46666666667,1219082.13716,163491654909.0,1609521.62,43.1486082,1.12656043421,7.66877082142,404307.0,209880.0,112701975.0,200108.0,117873.0,3335713.66304,336689.0,142870420.0
2195,2016-02-27,432.0,15257175.0,6591099600.0,18649773.6191,59946.0,0.740764992366,1.0,1663.0,8.55,1064665.06645,163491654909.0,1431216.0,38.20952225,0.959931828288,7.84558964604,378857.0,182423.0,112884398.0,176145.0,112073.0,2577124.49847,345129.0,149095588.0
2196,2016-02-28,433.47,15260900.0,6615142323.0,22184549.4353,60050.0,0.700333872483,0.0,1395.0,8.95,1210954.92291,163491654909.0,1632881.49,42.61977032,1.11513724504,7.26703734362,412223.0,224697.0,113109095.0,207856.0,119667.0,8045197.65443,337806.0,146428747.0
2197,2016-02-29,436.18,15264275.0,6657971469.5,31357633.0752,60171.0,0.901957362963,0.0,1497.0,11.4166666667,1097173.92344,163491654909.0,1495225.04,53.45252038,0.660143038863,5.62759946555,470332.0,265695.0,113374790.0,245731.0,135627.0,8973334.42648,519281.0,226500160.0
2198,2016-03-01,431.87,15267475.0,6593564428.25,30939871.9084,60285.0,0.89761428125,0.0,1233.0,12.4166666667,1040283.42371,163491654909.0,1405736.85,55.99857717,0.630642949497,5.39383870708,451258.0,260619.0,113635409.0,245671.0,131665.0,11910037.6759,516140.0,222905346.0
2199,2016-03-02,429.99,15271400.0,6566549286.0,26429723.2544,60427.0,0.905978573248,0.0,1184.0,9.98333333333,1275972.63689,163491654909.0,1720819.98,77.34600309,0.726549086428,6.22475105626,483756.0,276448.0,113911857.0,262461.0,148929.0,5912875.37992,550823.0,236848413.0
2200,2016-03-03,421.44,15274725.0,6437380104.0,33471079.525,60549.0,0.918519172932,0.0,1447.0,10.8,1080919.49495,163491654909.0,1431631.68,72.72445709,0.661068514046,6.47044694631,410737.0,221257.0,114133114.0,212413.0,144300.0,3660823.72516,513865.0,216563283.0
2201,2016-03-04,416.48,15278525.0,6363200092.0,32002741.2982,60676.0,0.836646690789,0.0,1137.0,9.56666666667,1235336.56565,163491654909.0,1604280.96,52.60628503,0.968735774337,7.56365254781,419365.0,212104.0,114345218.0,205061.0,135976.0,6843890.07063,397632.0,165605628.0
2202,2016-03-05,401.0,15282500.0,6128282500.0,50904367.533,60798.0,0.773170402516,0.0,1196.0,8.33333333333,1292227.06539,163491654909.0,1619238.0,63.03314682,0.80896842456,6.80017806372,422768.0,238117.0,114583335.0,232294.0,124208.0,18219205.8849,499154.0,200160841.0
2203,2016-03-06,408.86,15285975.0,6249823738.5,24330044.9112,60889.0,0.661320676259,0.0,1189.0,8.76666666667,1094688.80322,158427203767.0,1437551.76,41.1407975,1.05971478753,8.38291032504,312335.0,171486.0,114754821.0,166280.0,100739.0,4004392.26328,331787.0,135654591.0
2204,2016-03-07,411.94,15289850.0,6298500809.0,25774187.7886,60990.0,0.651829464516,0.0,1209.0,7.35,1220696.14747,158427203767.0,1614392.86,44.13385665,1.26281433026,8.79634315916,372418.0,183530.0,114938351.0,174456.0,113791.0,2835066.07064,310339.0,127840873.0
2205,2016-03-08,412.39,15293200.0,6306762748.0,21813407.596,61088.0,0.732320567164,1.0,1077.0,8.5,1055311.50814,158427203767.0,1399239.27,43.94045893,1.16562119212,7.21521417632,363851.0,193929.0,115132280.0,185419.0,124367.0,2358524.71349,291089.0,120042367.0
2206,2016-03-09,413.1,15297325.0,6319324957.5,19572952.0075,61206.0,0.718331939394,0.0,1241.0,8.21666666667,1299450.73763,158427203767.0,1725518.7,52.6052871,1.50794119043,9.19673334293,330958.0,187623.0,115319903.0,180232.0,124374.0,2036078.80047,277000.0,114428780.0
2207,2016-03-10,416.0,15301350.0,6365361600.0,24022113.591,61318.0,0.697423130435,1.0,1300.0,6.83333333333,1267948.90157,158427203767.0,1692288.0,43.43549045,1.21702670421,8.78604025731,374551.0,192611.0,115512514.0,186345.0,121765.0,2456426.10633,334257.0,139051016.0
2208,2016-03-11,421.22,15305425.0,6446951118.5,25307656.1388,61420.0,0.627885177914,0.0,1270.0,7.15,1283699.8196,158427203767.0,1733741.52,41.22294318,1.25779486694,8.9426200522,352895.0,193874.0,115706388.0,185911.0,122285.0,2370005.65767,327239.0,137839767.0
2209,2016-03-12,410.0,15309050.0,6276710500.0,24825381.6222,61507.0,0.6003884,0.0,1533.0,7.16666666667,1141941.55731,158427203767.0,1501010.0,36.07950062,1.58352261809,8.55627379894,328987.0,175428.0,115881816.0,167127.0,112499.0,1969207.68245,231193.0,94789300.0
2210,2016-03-13,412.44,15312325.0,6315415323.0,14705841.4384,61581.0,0.570665946565,0.0,1475.0,8.3,1031685.13109,158427203767.0,1362701.76,29.31003112,1.93064353847,9.65660704668,310285.0,141116.0,116022932.0,136679.0,98476.0,1506469.53036,171135.0,70582774.0
2211,2016-03-14,413.89,15316100.0,6339180629.0,20282050.7868,61691.0,0.734625986755,1.0,1398.0,7.6,1189194.31141,158427203767.0,1580232.02,43.83967453,1.4075659721,8.43235639084,393384.0,187401.0,116210333.0,177649.0,121118.0,2279601.66094,271248.0,112266995.0
2212,2016-03-15,414.78,15319900.0,6354388122.0,20597238.3355,61796.0,0.691423019737,2.0,1165.0,8.4,1197069.77042,158427203767.0,1593584.76,42.7063754,1.35411927911,8.06155880553,367761.0,197677.0,116408010.0,190346.0,124365.0,2178009.21023,283727.0,117684224.0
2213,2016-03-16,415.99,15324150.0,6374693158.5,19419077.2239,61903.0,0.634046052941,1.0,1501.0,7.1,1338828.03271,158427203767.0,1787925.02,48.1134711,1.68128128351,8.27846545633,369886.0,215973.0,116623983.0,209667.0,124266.0,12271722.7309,255638.0,106343004.0
2214,2016-03-17,418.64,15327525.0,6416715066.0,18657007.429,62004.0,0.754142644444,0.0,1412.0,7.7,1063186.96715,158427203767.0,1432167.44,46.26447738,1.24266611209,6.9195858397,394142.0,206973.0,116830956.0,201122.0,123406.0,10141726.5497,275295.0,115249577.0
2215,2016-03-18,408.87,15330975.0,6268375748.25,28073923.8525,62105.0,0.735858463768,0.0,1244.0,8.81666666667,1135311.13693,165496835118.0,1427774.04,42.58594292,1.17386322766,7.01340046567,364177.0,203578.0,117034534.0,196834.0,132492.0,2457182.44186,297479.0,121630357.0
2216,2016-03-19,405.59,15334350.0,6219459016.5,15007027.5693,62196.0,0.681470185185,0.0,1291.0,8.05,1110630.46004,165496835118.0,1384278.67,38.06506394,1.48871929088,7.32953871325,350288.0,188863.0,117223397.0,182265.0,117494.0,5098832.83494,229257.0,92984532.0
2217,2016-03-20,410.77,15338125.0,6300441606.25,13576322.2292,62290.0,0.625000602649,0.0,1197.0,7.61666666667,1242260.73678,165496835118.0,1563801.39,32.8533328,2.21429270024,8.88710348198,352210.0,175963.0,117399360.0,168925.0,108196.0,1729851.94462,171928.0,70623066.0
2218,2016-03-21,410.49,15341275.0,6297439974.75,18209312.2497,62388.0,0.784259230159,0.0,1104.0,9.16666666667,1036588.42937,165496835118.0,1308642.12,38.65376627,1.36791337047,6.91568964424,375082.0,189228.0,117588588.0,181205.0,117710.0,1990510.37953,233056.0,95667032.0
2219,2016-03-22,415.35,15345000.0,6373545750.0,21365652.9856,62496.0,0.727109114094,0.0,1055.0,7.26666666667,1225806.95219,165496835118.0,1565038.8,43.74554841,1.26502173236,7.43528752233,399764.0,210488.0,117799076.0,202698.0,129978.0,2215916.83419,297860.0,123716357.0
2220,2016-03-23,417.8,15348775.0,6412718195.0,16895793.7908,62595.0,0.658921529801,0.0,1276.0,7.65,1242260.73678,165496835118.0,1593071.4,38.7057276,1.43495696805,8.47933169041,322191.0,187877.0,117986953.0,181335.0,125657.0,2111320.05753,265722.0,111018758.0
2221,2016-03-24,416.47,15352550.0,6393876498.5,17536542.0868,62697.0,0.680533735099,0.0,1128.0,7.86666666667,1242260.73678,165496835118.0,1588000.11,38.93741911,1.13916363742,8.14421678591,381250.0,194985.0,118181938.0,187491.0,125399.0,2204252.77605,334719.0,139400527.0
2222,2016-03-25,416.44,15356175.0,6394925517.0,14830264.68,62789.0,0.641121227586,2.0,1307.0,7.26666666667,1192899.383,165496835118.0,1523337.52,33.72267197,1.15109074357,8.77453081349,326933.0,173609.0,118355547.0,168544.0,110369.0,2205698.57009,317786.0,132338613.0
2223,2016-03-26,415.71,15359850.0,6385243243.5,12371345.8365,62878.0,0.612112346939,0.0,1671.0,7.76666666667,1209353.1676,165496835118.0,1541868.39,34.69582617,1.53173521634,9.49438041109,323407.0,162398.0,118517945.0,157794.0,106541.0,1641260.72317,242144.0,100661549.0
2224,2016-03-27,426.8,15363675.0,6557216490.0,25434491.6184,62971.0,0.613853647059,1.0,1487.0,7.28333333333,1258714.52138,165496835118.0,1646594.4,33.37519025,1.42765828953,10.1965148682,310868.0,161486.0,118679431.0,153812.0,100057.0,1669836.53112,270233.0,115335330.0
2225,2016-03-28,422.96,15367225.0,6499721486.0,19238321.7855,63077.0,0.748369746479,0.0,1311.0,9.2,1168218.70611,165496835118.0,1519272.32,42.52494951,1.25657982442,8.37988041919,349278.0,181300.0,118860731.0,174245.0,113959.0,1960785.1213,285855.0,120905357.0
2226,2016-03-29,414.0,15371475.0,6363790650.0,30415319.922,63195.0,0.6978397,1.0,1202.0,7.0,1398571.69042,165496835118.0,1780614.0,51.72376838,1.51803246461,9.28171767245,341678.0,191841.0,119052572.0,188514.0,119113.0,2003758.5488,283327.0,117297491.0
2227,2016-03-30,412.35,15375450.0,6340066807.5,19975338.1149,63323.0,0.807927735849,0.0,1225.0,8.5,1308075.87516,165496835118.0,1660945.8,53.24548332,1.06080651362,7.9889267265,402557.0,207906.0,119260478.0,203900.0,134432.0,2199901.04957,379711.0,156573869.0
2228,2016-03-31,416.94,15378575.0,6411943060.5,18808489.1414,63427.0,0.837658632,0.0,1454.0,9.31666666667,1028361.53707,165496835118.0,1321282.86,44.51090066,1.07715237849,6.32265360616,337655.0,208976.0,119469454.0,202812.0,129872.0,2142400.6348,294202.0,122664433.0
2229,2016-04-01,416.25,15382000.0,6402757500.0,16409420.6304,63527.0,0.731608058394,0.0,1410.0,8.63333333333,1136310.01874,166851513283.0,1444803.75,46.0506966,1.20037741366,7.08893901703,332670.0,203811.0,119673265.0,196985.0,122096.0,2109360.28627,289159.0,120362457.0
2230,2016-04-02,418.07,15385750.0,6432320502.5,13685333.025,63650.0,0.825543713333,0.0,1506.0,10.6333333333,1244135.05701,166851513283.0,1591174.42,56.1792388,1.64494627869,8.09136195595,394636.0,196651.0,119869916.0,191586.0,120490.0,1965843.02066,231375.0,96731087.0
2231,2016-04-03,418.07,15389425.0,6433856909.75,10626132.6415,63756.0,0.722675306122,0.0,1527.0,8.31666666667,1219252.35587,166851513283.0,1554802.33,44.75327221,2.04733477193,8.79801230181,334761.0,176722.0,120046638.0,171613.0,112789.0,1508390.2733,181651.0,75942750.0
2232,2016-04-04,418.99,15393525.0,6449733039.75,15550675.1492,63865.0,0.665921579268,0.0,1281.0,6.96666666667,1360254.329,166851513283.0,1735875.57,43.71562192,1.55533903685,8.63709924918,404374.0,200979.0,120247617.0,197721.0,125672.0,2056696.28585,266373.0,111607536.0
2233,2016-04-05,421.77,15397250.0,6494098132.5,18164095.9885,63981.0,0.779196677852,0.0,1044.0,8.63333333333,1235840.8233,166851513283.0,1591759.98,49.25479625,1.13793515479,7.34599684333,395942.0,216684.0,120464301.0,214365.0,133185.0,2255979.35872,331653.0,139881431.0
2234,2016-04-06,421.09,15401125.0,6485259726.25,15707133.7908,64091.0,0.715764606452,0.0,1439.0,7.26666666667,1285606.22558,166851513283.0,1650251.71,44.9796096,1.08924816491,7.54970244985,390324.0,218585.0,120682886.0,213637.0,133602.0,2314862.07787,359789.0,151503740.0
2235,2016-04-07,420.33,15404775.0,6475089075.75,17028964.2194,64197.0,0.726767438356,0.0,1580.0,9.05,1210958.12216,166851513283.0,1558583.64,58.98751393,0.979781133177,7.08720933088,372004.0,219915.0,120902801.0,212321.0,127991.0,2839473.24598,378452.0,159074674.0
2236,2016-04-08,422.2,15408300.0,6505384260.0,20186636.2392,64300.0,0.735470765957,1.0,1418.0,7.8,1169486.95359,166851513283.0,1506409.6,43.60850723,1.21894199116,6.99221410966,370187.0,215441.0,121118242.0,210883.0,127781.0,2562759.25311,292713.0,123583371.0
2237,2016-04-09,417.73,15412350.0,6438200965.5,12511808.476,64402.0,0.635033506173,0.0,1395.0,7.03333333333,1343665.86157,166851513283.0,1707680.24,38.16326873,1.69273494324,8.2276034786,375080.0,207555.0,121325797.0,200063.0,120812.0,2534235.1774,241503.0,100882908.0
2238,2016-04-10,421.63,15416700.0,6500143221.0,9701992.4954,64500.0,0.566712890805,2.0,1495.0,6.23333333333,1443196.66613,166851513283.0,1848004.29,33.20244548,2.19577150436,10.1727619976,320083.0,181662.0,121507459.0,178283.0,113342.0,1926491.65873,199611.0,84161958.0
2239,2016-04-11,420.69,15420475.0,6487239627.75,15796771.1496,64613.0,0.749972509934,0.0,1347.0,8.28333333333,1252429.29072,166851513283.0,1607456.49,46.95261581,1.44539249318,7.39475241285,414497.0,217378.0,121724837.0,213730.0,129963.0,2454123.87324,264357.0,111212456.0
2240,2016-04-12,425.89,15424275.0,6569044479.75,25818110.244,64733.0,0.794778967105,2.0,1251.0,7.53333333333,1260723.52444,166851513283.0,1639676.5,50.12451616,1.12780130122,6.82629683597,413984.0,240200.0,121965037.0,236805.0,135885.0,3429822.60845,341372.0,145387002.0
2241,2016-04-13,424.61,15428200.0,6550968002.0,16364789.57,64847.0,0.727886617834,0.0,1504.0,8.15,1302194.693,166851513283.0,1685701.7,45.40786925,1.28066759925,7.56900961336,355716.0,222711.0,122187748.0,218654.0,125739.0,3219968.15938,309995.0,131626794.0
2242,2016-04-14,423.76,15432325.0,6539602042.0,12971709.8742,64970.0,0.745873739394,0.0,1518.0,7.38333333333,1465554.23047,178678307672.0,1767502.96,46.24177359,1.51935455775,7.6754181196,415731.0,230281.0,122418029.0,228737.0,130347.0,2914673.07178,274524.0,116332488.0
2243,2016-04-15,429.09,15435950.0,6623411785.5,22879890.5172,65078.0,0.750908744828,1.0,1522.0,8.2,1287911.29344,178678307672.0,1574760.3,45.74093808,1.30424628201,7.26197970948,367142.0,216850.0,122634879.0,214008.0,123004.0,3815209.06652,281389.0,120741023.0
2244,2016-04-16,429.43,15439525.0,6630195220.75,13788621.1134,65179.0,0.70813793007,0.0,1303.0,7.96666666667,1270146.99974,178678307672.0,1550671.73,36.73111423,1.79985092607,8.05037732127,357397.0,192621.0,122827500.0,187475.0,116563.0,3332612.617,200628.0,86155565.0
2245,2016-04-17,425.71,15443350.0,6574388528.5,12692790.0046,65278.0,0.65297720915,1.0,1514.0,7.16666666667,1358968.46825,178678307672.0,1642389.18,33.55790316,2.06744177911,8.57743020086,351044.0,191478.0,123018978.0,184854.0,112911.0,2586774.19647,186607.0,79440650.0
2246,2016-04-18,427.28,15446725.0,6600076658.0,17694903.8592,65383.0,0.783668133333,0.0,1284.0,8.73333333333,1199089.82493,178678307672.0,1460870.32,44.35972629,1.39373101134,7.19056097261,398662.0,203165.0,123222143.0,199317.0,123018.0,3662053.34914,245313.0,104817236.0
2247,2016-04-19,435.91,15450475.0,6636133517.25,17920859.9415,65496.0,0.758763033333,0.0,1372.0,8.11666666667,1332322.0277,178678307672.0,1629131.43,43.21915871,1.37430446307,7.15174358524,389402.0,227795.0,123449938.0,224669.0,133556.0,3661654.33274,275994.0,118542250.0
2248,2016-04-20,442.34,15455525.0,6836596928.5,35503227.4272,65610.992771,0.696925884848,0.0,1313.81818182,7.36666666667,1465554.23046,178678307671.0,1843768.25482,43.21507171,1.33237633065,8.50525073725,371250.0,216780.0,123666718.0,215115.0,131659.0,4077380.51886,312840.672401,138381943.03
2249,2016-04-21,451.0,15459300.0,6972144300.0,29501269.424,65721.49313,0.731790456954,0.0,1409.2384106,7.8,1341204.17454,178678307671.0,1721837.3624,42.82120266,1.10047762036,8.09153110928,401733.0,212795.0,123879513.0,210717.0,126743.0,5033188.76173,346924.020263,156462733.139
2250,2016-04-22,447.25,15462875.0,6915770843.75,23844241.7205,65832.30556,0.774912097902,0.0,1475.35664336,8.6,1270146.99973,178678307671.0,1618011.29057,42.68874359,1.09898560548,7.66917227822,359204.0,210976.0,124090489.0,208558.0,126755.0,5290883.16458,329184.361064,147227705.486
2251,2016-04-23,451.29,15466475.0,6979865502.75,16802671.908,65926.576793,0.654661340278,0.0,1286.22222222,7.35,1279029.14659,178678307671.0,1639604.70135,33.15097021,1.63325513345,8.85239234918,366327.0,185216.0,124275705.0,179927.0,114909.0,3426251.6974,222448.464774,100388767.668
2252,2016-04-24,459.4,15469775.0,7106814635.0,29353633.4626,66022.678047,0.72803980303,0.0,1387.53787879,8.78333333333,1172443.38437,178678307671.0,1531303.6199,33.26865456,1.38596705158,8.36069787833,376201.0,183155.0,124458860.0,213799.0,115683.0,2223869.59472,240501.291193,110486293.174
2253,2016-04-25,463.86,15472950.0,7177282587.0,36817995.5136,66133.737654,0.874485094488,0.0,1713.1023622,9.68333333333,1128032.65011,178678307671.0,1492839.92841,43.29847026,0.888459741785,6.8616128055,407004.0,217564.0,124676424.0,246337.0,130742.0,2719385.88903,362233.460775,168025613.115
2254,2016-04-26,467.98,15476725.0,7242797765.5,34854624.5998,66256.527787,0.813179688742,0.0,1660.55629139,7.75,1341204.17454,178678307671.0,1924687.35344,337.75639818,1.12996217213,7.67590591773,436154.0,250744.0,124927168.0,235851.0,144537.0,2770136.73431,363972.8546,170332016.496
2255,2016-04-27,447.31,15479950.0,6924336434.5,42654741.3584,66369.447075,0.875343317829,0.0,1856.08527132,10.3666666667,1145796.94382,178678307671.0,1463200.88494,46.11149971,0.873766810515,6.11105680011,392821.0,239435.0,125166603.0,243750.0,137027.0,2485051.2243,374368.934634,167458968.151
2256,2016-04-28,450.0,15483325.0,6967496250.0,38051508.648,66491.604863,0.898219029412,1.0,1836.72592593,10.0,1207843.18309,178666121339.0,1552496.67705,49.62034503,0.904081766364,6.26112759841,374956.0,247958.0,125414561.0,257795.0,139845.0,2696032.68218,381601.835588,171720826.015
2257,2016-04-29,456.16,15487275.0,7064675364.0,21063414.658,66620.034762,0.812847462025,0.0,1657.49367089,7.43333333333,1403229.58036,178659257772.0,1824603.31899,49.9195874,0.911930843751,6.96721952845,426515.0,261884.0,125676445.0,214169.0,145678.0,2522444.20247,438620.934341,200081325.409
2258,2016-04-30,447.17,15490925.0,6927076932.25,17046473.3408,66730.636844,0.757548506849,0.0,1477.47945205,7.31666666667,1296655.18185,178659257772.0,1650450.46585,40.87923127,1.35667311466,7.65117594685,371890.0,215712.0,125892157.0,189192.0,119940.0,1899766.44961,272053.687169,121654247.292
2259,2016-05-01,451.9,15494800.0,7002100120.0,10517715.5446,66827.623072,0.6257176,0.0,1235.03225806,7.55,1376585.98073,178659257772.0,1766704.32031,34.50281105,2.07052432543,9.22898354654,370083.0,191430.0,126083587.0,222310.0,113989.0,1879509.59913,188817.04325,85326421.8447
2260,2016-05-02,443.9,15498725.0,6879884027.5,34283316.48,66945.543491,0.751085471338,0.0,1425.38216561,8.25,1394348.38048,178659257772.0,1762341.41699,45.13159943,1.23018877061,7.87515435345,391943.0,223785.0,126307372.0,233246.0,133116.0,2450687.78289,322725.397457,143257803.931
2261,2016-05-03,450.96,15502500.0,6991007400.0,23866897.4145,67063.056171,0.778229668874,0.0,1560.32450331,7.34166666667,1341061.18123,178659257772.0,1722607.80088,44.86828296,1.18687683391,7.31129880813,374677.0,235609.0,126542981.0,233140.0,140418.0,2273860.03891,321842.012062,145137873.759
2262,2016-05-04,447.37,15506675.0,6937221194.75,18922797.276,67182.121469,0.708722011905,1.0,1399.35928144,7.35,1492041.57911,178659257772.0,1900230.17376,47.17185349,0.980783120127,8.13130976863,394207.0,233693.0,126776674.0,226986.0,144494.0,2276697.82564,433078.246458,193746215.118
2263,2016-05-05,448.51,15510550.0,6956636780.5,19214683.7397,67292.308494,0.706327083333,1.0,1481.16129032,7.33333333333,1385467.18061,178659257772.0,1769132.6279,44.25636722,1.37004399849,7.70595273063,374537.0,229580.0,127006254.0,230703.0,140563.0,2161647.02471,287908.009572,129129621.373
2264,2016-05-06,460.91,15514600.0,7150834286.0,32475379.4496,67403.422557,0.685889277778,0.0,1439.7037037,6.51666666667,1438754.37986,178659257772.0,1887205.00671,44.519552,1.25726125801,8.09153549561,375533.0,233232.0,127239486.0,200750.0,138531.0,2321255.50011,325669.746514,150104442.866
2265,2016-05-07,459.04,15518350.0,7123543384.0,15060351.768,67500.40094,0.646522553333,0.0,1347.08,7.93333333333,1332179.98135,178659257772.0,1738667.632,37.61683514,1.71175582262,8.60462448161,337042.0,202062.0,127441548.0,183927.0,124090.0,1893689.36015,221270.860311,101572175.717
2266,2016-05-08,457.82,15522500.0,7106510950.0,12940418.121,67595.699639,0.584654595092,0.0,1138.41717791,6.86666666667,1447635.57974,178659257772.0,1881265.30804,34.18113678,2.59604106162,10.138203447,349946.0,185562.0,127627110.0,224909.0,114468.0,1603646.25087,158286.44614,72466700.7719
2267,2016-05-09,461.63,15526825.0,7167648224.75,23824164.1218,67706.054529,0.637889537572,2.0,1324.2748538,7.0,1536447.57849,178659257772.0,2015490.71892,40.4654474,1.4567102677,8.90033922978,405580.0,226451.0,127853561.0,242168.0,133444.0,2062357.44784,299718.531891,138359065.877
2268,2016-05-10,450.0,15530775.0,6988848750.0,28095275.361,67820.906148,0.726908981013,0.0,1555.19620253,7.83333333333,1403229.58036,178659257772.0,1799145.83579,48.10185732,1.17304311229,7.32190507036,405856.0,245721.0,128099282.0,232247.0,144892.0,2211911.67399,340831.621227,153374229.552
2269,2016-05-11,452.51,15534100.0,7029335591.0,20927427.4956,67929.037246,0.813015774436,0.0,1762.4962406,9.48333333333,1284309.11259,190502504491.0,1525359.47321,45.88566709,1.06667253257,6.50717315332,383199.0,234412.0,128333694.0,226826.0,135661.0,2510174.68514,316018.793413,143001664.207
2270,2016-05-12,454.7,15537575.0,7064935352.5,22652718.674,68037.456408,0.779993971223,0.0,1643.23021583,8.28333333333,1342247.86954,194254820283.0,1601340.81171,46.75238994,1.01291010455,7.01084813517,377121.0,228409.0,128562103.0,229246.0,135621.0,2295414.38032,347686.569036,158093082.941
2271,2016-05-13,456.82,15541375.0,7099610927.5,15841283.8822,68153.385881,0.762693901316,0.0,1527.27631579,7.96666666667,1467781.84295,194254820283.0,1757652.48646,47.58216903,1.26141151872,7.57132359143,378733.0,232146.0,128794249.0,208305.0,136251.0,2577781.01106,305021.962456,139340132.889
2272,2016-05-14,455.65,15544975.0,7083067858.75,10458258.4269,68270.363263,0.812342930556,0.0,1467.22222222,9.81666666667,1390530.16701,194254820283.0,1662212.65022,48.00318276,1.60559436659,7.86734499349,369111.0,211280.0,129005529.0,196313.0,127125.0,1910552.81004,227205.778662,103526313.047
2273,2016-05-15,457.08,15548450.0,7106885526.0,9548354.6085,68378.46314,0.777696956835,0.0,1440.07913669,8.58333333333,1342247.86954,194254820283.0,1609202.06235,45.61359577,1.65465846813,8.03913684977,353892.0,200171.0,129205700.0,237057.0,121299.0,2042797.05916,212769.804982,97252822.4613
2274,2016-05-16,454.88,15551975.0,7074282388.0,17875806.6495,68506.316804,0.906763574468,0.0,1700.77304965,10.9,1361560.78853,194254820283.0,1630979.37464,60.51568467,1.1775874499,6.80115998417,424856.0,239809.0,129445509.0,236230.0,143886.0,2688738.83398,304479.780671,138501762.632
2275,2016-05-17,452.89,15555500.0,7044930395.0,16508087.6112,68628.695321,0.867932744681,0.0,1692.38297872,7.78333333333,1361560.78853,194254820283.0,1622904.53679,58.4408726,1.12435872001,6.80103818021,393224.0,238626.0,129684135.0,231143.0,145386.0,2703819.91509,318709.750618,144340458.957
2276,2016-05-18,452.9,15559325.0,7046818292.5,14866087.635,68763.342408,0.874331733766,1.0,1536.49673203,9.96666666667,1487094.76194,194254820283.0,1770178.4303,58.26811656,1.13308370261,7.52998260322,412831.0,235084.0,129919219.0,217458.0,139335.0,2250217.34378,344947.284808,156226625.289
2277,2016-05-19,441.87,15562325.0,6876524547.75,26518499.388,68878.998516,0.955835603306,1.0,1826.21666667,11.6166666667,1168431.59867,194254820283.0,1361086.73281,54.98968957,0.844816910611,6.21086733414,372460.0,219146.0,130138365.0,207801.0,134894.0,2544456.42695,364610.092047,161110261.373
2278,2016-05-20,441.25,15566050.0,6868519562.5,25045661.4336,68995.465601,0.781658288591,0.0,1405.34228188,8.01666666667,1438812.46448,194254820283.0,1666418.67319,51.58622819,1.07324372616,7.95821636129,354677.0,209396.0,130347761.0,187757.0,126315.0,2134599.69178,351885.236889,155269360.777
2279,2016-05-21,443.89,15569575.0,6911178646.75,11310985.6272,69121.138542,0.891297453901,0.0,1357.87943262,8.56666666667,1361560.78853,194254820283.0,1589937.02795,56.82664163,1.56048763437,8.3042344287,354128.0,191461.0,130539222.0,181887.0,117056.0,1578456.14886,229532.523215,101887191.73
2280,2016-05-22,438.0,15574175.0,6821488650.0,12185445.8837,69232.197591,0.603581788043,0.0,1001.89130435,6.75,1776788.54673,194254820283.0,2033724.97348,43.20770201,2.3973285219,11.0319882694,338084.0,184348.0,130723570.0,218961.0,111058.0,1512379.66886,193682.578736,84832969.4866
2281,2016-05-23,442.17,15578675.0,6888422724.75,16267423.8436,69348.808337,0.644258265193,1.0,1237.52777778,7.55,1747819.16826,194254820283.0,2025077.24076,54.73645083,1.59269461293,9.09105178676,414216.0,222755.0,130946325.0,243404.0,129882.0,2136337.68815,287554.261461,127147867.79
2282,2016-05-24,445.34,15582350.0,6939443749.0,15674746.7744,69473.753543,0.849967387755,0.0,1676.98639456,8.18333333333,1456454.92276,194770865921.0,1663136.18974,59.53134626,1.12665688329,6.7465375197,406728.0,246517.0,131192842.0,241338.0,146253.0,2514701.15829,331470.157565,147616919.97
2283,2016-05-25,447.94,15585800.0,6981503252.0,17482963.7888,69594.886047,0.871456863309,1.0,1795.97101449,9.9,1377192.06982,199312067531.0,1583655.90402,59.87623565,0.921762205721,6.38972863585,397464.0,247844.0,131440686.0,214342.0,150215.0,3341064.53142,383550.083319,171807424.322
2284,2016-05-26,452.49,15589175.0,7053945795.75,16430495.235,69707.648563,0.823084058394,2.0,1630.31851852,9.85,1357376.35658,199312067531.0,1575322.67973,55.65651605,0.944828566452,7.1575319512,364137.0,220093.0,131660779.0,208481.0,132895.0,3584296.38193,368474.57302,166731059.546
2285,2016-05-27,470.29,15592650.0,7333067368.5,62133880.5648,69839.438719,0.948130618705,0.0,1548.89208633,11.0166666667,1377192.06982,199312067531.0,1667597.59254,70.89209327,0.495674300965,7.74560415681,407566.0,215296.0,131876075.0,187607.0,131821.0,4124114.20189,715367.346334,336430109.307
2286,2016-05-28,522.43,15595975.0,8147805219.25,68432471.5568,69954.266231,0.86336475188,0.0,1451.53383459,9.11666666667,1317744.93011,199312067531.0,1764424.68141,52.34180926,0.678784019365,9.13953961799,377266.0,193054.0,132069129.0,174843.0,120803.0,3665525.35247,497557.649106,259939042.623
2287,2016-05-29,512.16,15599650.0,7989516744.0,72487384.5528,70054.237741,0.68007829932,0.0,1215.93197279,7.76666666667,1456454.92276,199312067531.0,1906764.23665,47.98546674,0.920267644684,10.6676899478,354651.0,178742.0,132247871.0,208537.0,109694.0,2740859.08647,404554.641059,207196704.965
2288,2016-05-30,525.15,15603250.0,8194046737.5,41187985.5816,70183.64685,0.892476613793,1.0,1467.84027778,9.46666666667,1436639.20952,199312067531.0,1934163.22268,57.85196125,0.832608340227,9.15064755322,403738.0,211369.0,132459240.0,213708.0,130472.0,2248431.58458,442353.017743,232301687.268
2289,2016-05-31,531.15,15606425.0,8289352638.75,59032595.9724,70293.758388,0.867019984252,0.0,1694.87401575,9.51666666667,1258297.79041,199312067531.0,1714201.23967,52.33924442,0.778997443803,7.96380582337,392767.0,215249.0,132674489.0,232484.0,136385.0,2561419.97723,414293.94539,220052229.094
2290,2016-06-01,539.47,15610000.0,8421126700.0,34219344.816,70414.778065,0.840414423611,1.0,1639.05594406,10.85,1426731.35291,199312067531.0,1972575.77046,56.18497783,1.0162677264,8.41596420618,405301.0,234385.0,132908874.0,229527.0,147669.0,2351992.3761,359797.599812,194100011.17
2291,2016-06-02,539.99,15613450.0,8431106865.5,26922628.8648,70528.881764,0.826838398551,0.0,1674.63043478,9.86666666667,1367284.2132,199312067531.0,1894573.92114,58.53519721,0.997870240292,8.19810523257,392655.0,231099.0,133139973.0,233191.0,140594.0,2342608.49727,351602.348236,189861752.024
2292,2016-06-03,568.0,15617000.0,8870456000.0,60092817.477,70647.105063,0.832558443662,0.0,1652.59859155,9.63333333333,1406915.63967,199312067531.0,2047467.65164,54.69656979,1.26055623407,8.72491744389,402066.0,234669.0,133374642.0,194724.0,139490.0,1938990.17389,285960.790354,162425728.921
2293,2016-06-04,573.74,15619975.0,8961804456.5,45168189.7968,70747.131228,0.840556008403,0.0,1652.64705882,10.6166666667,1179034.93747,199312067531.0,1733523.11579,46.44371282,1.29108865536,8.81459901758,368869.0,196665.0,133571307.0,185874.0,119944.0,1493595.27664,234022.94647,134268325.307
2294,2016-06-05,574.02,15624225.0,8968617634.5,30675648.696,70852.037756,0.613488467836,1.0,1120.75294118,6.53333333333,1694243.48158,199312067531.0,2479401.3901,44.3641164,1.77168966371,13.0133176756,368586.0,190528.0,133761835.0,218423.0,119034.0,1835595.21509,243799.137336,139945580.813
2295,2016-06-06,584.5,15628475.0,9134843637.5,34509545.4635,70971.965463,0.7054571,0.0,1301.00588235,6.51666666667,1684335.62496,199312067531.0,2514600.57566,52.13956486,1.41141809597,11.3694859437,414350.0,221171.0,133983006.0,245115.0,134016.0,1964198.18425,304809.721312,178161282.107
2296,2016-06-07,577.54,15631975.0,9028090841.5,47316934.322,71085.949397,0.802703760563,2.0,1775.54285714,9.93333333333,1406915.63967,199312067531.0,2169535.0617,56.5104784,1.04442308528,8.72785410376,424994.0,248576.0,134231582.0,227022.0,141572.0,2321510.8989,359673.252282,207725690.123
2297,2016-06-08,578.68,15635575.0,9047994541.0,28300189.1564,71201.471961,0.802240027778,0.0,1596.75694444,7.91666666667,1403462.33971,196422606560.0,2112419.15447,50.40981971,1.1807550319,9.18710735071,401953.0,229933.0,134461515.0,232571.0,136723.0,2004179.70546,309158.946699,178904099.276
2298,2016-06-09,575.2941375,15639700.0,9023950503.0,30222288.2144,71320.374441,0.720621090909,0.0,1432.44242424,7.08333333333,1608133.93092,196061423939.0,2410788.56682,53.21550949,1.13764253215,10.1999490881,426447.0,236353.0,134697868.0,225233.0,138846.0,2095207.93461,367269.629204,211910903.354
2299,2016-06-10,577.549875,15643300.0,9064666618.0,24377615.4694,71438.836407,0.822652541667,0.0,1585.88194444,8.68333333333,1403462.33971,196061423939.0,2116658.57487,52.81223012,0.954288736532,9.2686709326,407301.0,228367.0,134926235.0,213159.0,134850.0,2301811.95545,382778.512444,221804836.821
2300,2016-06-11,594.4399875,15647200.0,9376115184.0,24538115.3284,71547.431252,0.696120801282,0.0,1366.40384615,7.61,1520417.53468,196061423939.0,2364669.10434,46.24529278,1.43785453674,11.0934518568,374995.0,213159.0,135139394.0,210711.0,125845.0,1894576.34459,274453.721982,164458159.286
2301,2016-06-12,664.8465,15650850.0,10428630880.5,143472595.475,71668.618192,0.830047534247,0.0,1443.2260274,8.25,1422954.8722,196061423939.0,2467036.73097,52.42482099,0.825261132814,11.7081534945,411623.0,210711.0,135350105.0,250025.0,131022.0,2831538.69084,448636.761599,298940133.356
2302,2016-06-13,702.0665,15654875.0,11010699782.5,146971122.839,71816.030235,0.915602751553,0.0,1561.20496894,9.7,1569148.86592,196061423939.0,2830943.5,38.86224972,1.47597592579,11.3715193501,451922.0,251354.0,135601459.0,244898.0,153912.0,2757346.67011,275333.91153,193653353.336
2303,2016-06-14,685.241875,15658175.0,10717864205.8,84746672.7106,71943.116517,0.955535954887,1.0,1861.89473684,12.92,1296253.41098,196061423939.0,2277298.23,69.86384675,0.931735055138,9.38388558208,420352.0,247632.0,135849091.0,259223.0,155918.0,2362492.05778,364359.356024,249400335.605
2304,2016-06-15,692.289625,15661975.0,10889771217.5,48065817.394,72084.519663,0.918202246753,3.0,1704.61038961,14.13,1500925.00219,196061423939.0,2681772.1,84.56662361,1.17105889183,10.4213331812,445830.0,262510.0,136111601.0,264818.0,161206.0,2323706.83883,335983.668375,233609444.621
2305,2016-06-16,762.43005,15665700.0,12027967803.0,169439516.676,72227.217517,0.957703718121,0.0,1797.7852349,9.66,1452193.67095,196061423939.0,2863856.7,82.29665972,0.673816568617,10.9127722491,471278.0,267870.0,136379471.0,250957.0,159839.0,2796295.72029,565034.586124,433827904.88
2306,2016-06-17,743.9164,15669425.0,11680772866.2,128874495.581,72365.899824,0.930753738255,0.0,1703.03355705,9.3,1452193.67095,196061423939.0,2779037.6,78.90209509,0.911364263543,11.174764403,453509.0,253752.0,136633223.0,234224.0,151699.0,2774465.08796,417385.47881,311140005.179
2307,2016-06-18,754.36625,15673375.0,11881985587.5,85041797.5195,72503.998944,0.868547924528,1.0,1486.10691824,7.75,1549656.33343,196061423939.0,3016479.9,70.82066566,1.47632563402,12.9803363084,423334.0,236291.0,136869514.0,215883.0,142049.0,2345533.81651,274046.631205,207754751.117
2308,2016-06-19,760.8168,15677800.0,12010449024.0,40868096.6248,72631.988983,0.723107564972,0.0,1233.3220339,6.0,1725089.12589,196061423939.0,3392968.32,63.14349102,2.22583171508,15.7503823471,414283.0,218298.0,137087812.0,247342.0,123417.0,2011496.98885,201638.940654,154471559.656
2309,2016-06-20,729.192585714,15681900.0,11665765410.0,36207387.1844,72759.95699,0.78029272561,0.0,1520.32926829,8.6,1598387.66467,196061423939.0,3057429.0,76.7711358,1.42892089577,12.4615978885,465928.0,249334.0,137337146.0,245266.0,144369.0,2647568.48398,292302.474418,217443810.72
2310,2016-06-21,665.9586125,15685625.0,10539955718.8,149642818.365,72896.278581,0.914910006711,0.0,1665.53020134,9.56666666667,1551383.97529,206307449112.0,2506373.5,76.28917579,0.813262904548,10.2926945958,468641.0,248164.0,137585310.0,232368.0,147905.0,2849547.25254,467412.094482,314077556.887
2311,2016-06-22,587.4542375,15688850.0,9256421500.0,106868002.098,73018.266632,0.945643806202,0.0,1826.6744186,12.6333333333,1343144.51552,209453158595.0,1909240.0,78.85018659,0.677237287705,8.2722090387,422909.0,235641.0,137820951.0,237794.0,139234.0,2712263.6756,487842.33334,287826976.671
2312,2016-06-23,624.542,15692350.0,9820115706.5,145480129.316,73147.038052,0.919795857143,0.0,1723.57142857,9.78333333333,1457676.21839,209453158595.0,2193393.95,75.30395381,0.733953312477,9.27223150126,431633.0,241300.0,138062251.0,235758.0,146675.0,3159340.6434,487129.616153,304840842.492
2313,2016-06-24,660.60465,15695575.0,10357666898.2,117308802.548,73269.641307,0.943101961538,1.0,1837.6,11.25,1353556.48851,209453158595.0,2149986.78,74.41897823,0.999870025114,9.1834555437,437104.0,238888.0,138301139.0,208260.0,147618.0,2799621.35999,332485.112538,219410250.615
2314,2016-06-25,664.9068875,15699625.0,10441035606.2,64948673.829,73402.016245,0.797439385542,4.0,1271.07228916,7.78333333333,1728387.5161,209453158595.0,2760622.55,62.41393404,1.80176208427,13.2772153614,409197.0,210998.0,138512137.0,181319.0,129061.0,2173917.10955,233794.126917,155484784.106
2315,2016-06-26,627.3926125,15703275.0,9815960169.75,50909007.7638,73514.290146,0.763768034014,0.0,1250.03401361,7.05,1530560.02931,209453158595.0,2297205.75,55.03999378,1.44071866698,12.688692551,388840.0,183755.0,138695892.0,214892.0,116208.0,1821174.88605,258901.344118,161836641.195
2316,2016-06-27,646.7030125,15706950.0,10188941395.5,59731341.4329,73628.539644,0.777207469388,0.0,1476.3877551,8.91666666667,1530560.02931,209453158595.0,2386530.51,61.78464957,1.17919905279,11.169082631,379861.0,217029.0,138912921.0,210637.0,138747.0,2170091.79897,316891.761466,205564516.745
2317,2016-06-28,646.378475,15710650.0,10196368956.5,55881769.6312,73742.015513,0.761583013423,1.0,1429.91946309,8.7,1551383.97529,209453158595.0,2418860.27,58.50652455,1.19929606882,11.5251883032,428929.0,213058.0,139125979.0,220971.0,139973.0,1867643.40659,315477.272285,204747904.486
2318,2016-06-29,637.959625,15714300.0,10063752006.0,68912927.9088,73853.64116,0.764559226027,0.0,1535.01369863,9.88333333333,1520148.05633,209453158595.0,2340735.1,61.68595835,1.19084337273,10.6064731984,371774.0,224112.0,139350091.0,229114.0,146439.0,1988551.27083,311685.486382,199609619.189
2319,2016-06-30,671.407925,15718050.0,10633103644.5,66687600.5481,73973.267732,0.79751048,0.0,1546.4,9.43333333333,1561795.94828,209453158595.0,2538866.97,62.5040288,1.12907250823,11.1188172549,402792.0,231960.0,139582051.0,206976.0,149791.0,2084880.7612,337666.890392,228428274.681
2320,2016-07-01,675.1863375,15721925.0,10608368893.8,61281896.9689,74091.291979,0.751746796178,2.0,1340.18471338,8.16666666667,1634679.7592,209453158595.0,2649743.25,58.85158307,1.37245645203,12.7756125245,375377.0,210409.0,139792460.0,194563.0,142450.0,2071603.87075,290271.620435,195860775.889
2321,2016-07-02,701.7121125,15725650.0,11079978477.0,45483640.6541,74194.819736,0.694817161074,0.0,1334.73154362,8.1,1551383.97529,209453158595.0,2625265.08,52.92652832,1.56707915535,13.3845454347,344995.0,198875.0,139991335.0,172215.0,127541.0,2151502.29902,241080.772175,169860690.459
2322,2016-07-03,658.4175,15729500.0,10380054345.0,57134569.7986,74289.475653,0.614648811688,0.0,1150.17532468,8.25,1603443.84023,209453158595.0,2541313.41,45.47185343,1.68688253115,14.5130941686,352911.0,177127.0,140168462.0,211618.0,116885.0,1737085.8401,230927.274514,152391217.725
2323,2016-07-04,676.3294375,15733275.0,10651112509.5,33361880.2076,74401.113954,0.739326496689,0.0,1416.55629139,7.63333333333,1601825.83565,209557682217.0,2555599.5,55.14588726,1.58921485589,12.1221699989,403350.0,213900.0,140382362.0,211423.0,137095.0,2599568.9501,241008.688854,163158062.18
2324,2016-07-05,666.4855875,15736900.0,10505010226.0,31161665.028,74515.542073,0.789159441379,0.0,1482.47586207,8.51666666667,1538177.12695,213398925331.0,2420500.04,55.87364447,1.25520728564,11.4306932607,383808.0,214959.0,140597321.0,212915.0,139230.0,2054743.90303,293248.269555,195754949.859
2325,2016-07-06,673.786825,15740400.0,10643343672.0,27360174.4583,74627.198793,0.797548,0.0,1533.50714286,9.56666666667,1485136.53636,213398925331.0,2367306.18,55.67845334,1.30952010339,11.198786426,373956.0,214691.0,140812012.0,214306.0,141200.0,2039637.0431,271525.304892,183599980.662
2326,2016-07-07,636.3588625,15743825.0,10012128070.5,93994828.7133,74740.678598,0.822317427536,1.0,1571.10144928,8.75,1463920.30013,213398925331.0,2195264.88,56.79864603,1.05674186281,10.2859321945,364414.0,216812.0,141028824.0,208475.0,137602.0,2848551.12252,331850.073271,211036735.596
2327,2016-07-08,659.5552375,15747450.0,10423237155.0,46643049.3765,74853.756118,0.779844965517,0.0,1453.11034483,9.2,1538177.12695,213398925331.0,2401373.2,57.25884524,1.26673213204,11.5675157197,363919.0,210701.0,141239525.0,182331.0,138869.0,2290691.9419,290689.62191,192407460.743
2328,2016-07-09,651.8649125,15750587.5,10262295285.6,78574448.686,74951.806042,0.658053181208,0.0,1244.32885906,7.68333333333,1580609.59941,213398925331.0,2036093.75,47.40040469,1.46500155656,11.1484452074,355380.0,185405.0,141424930.0,159319.0,121097.0,1891222.92487,216545.87263,141090463.312
2329,2016-07-10,648.0949,15752537.5,10235998867.5,28357316.102,75043.192977,0.585813685897,0.0,1042.35897436,6.8,1654866.42623,213398925331.0,1267110.0,38.56114004,1.25675890037,7.94651572369,325550.0,162608.0,141587538.0,215257.0,112170.0,1522989.688,158229.326202,102817416.166
2330,2016-07-11,647.9837,15754325.0,10240153706.8,26402272.4818,75156.632974,0.793286692308,0.0,1525.0979021,7.96666666667,1516960.89071,213398925331.0,1162507.115,57.33521701,0.718976763532,5.49832610863,395742.0,218089.0,141805627.0,216859.0,135910.0,2224457.95195,256591.771888,166782085.81
2331,2016-07-12,672.7653125,15756112.5,10682486713.9,48343367.1349,75267.576074,0.775825874126,0.0,1531.70629371,9.26666666667,1516960.89071,213398925331.0,1213263.105,51.17140866,0.643601346669,5.69135763561,379937.0,219034.0,142024661.0,215689.0,142783.0,2314128.38521,285684.829309,193691457.423
2332,2016-07-13,657.4524875,15757725.0,10366219391.2,53026862.7723,75374.00218,0.818662353846,1.0,1677.63846154,10.7333333333,1379055.35519,213398925331.0,1070321.95,53.55856344,0.587796482891,5.06315998661,367252.0,218093.0,142242754.0,218539.0,139396.0,2266429.11055,285567.983528,187860897.964
2333,2016-07-14,658.8316125,15759487.5,10423167437.6,34318017.3138,75487.581772,0.79985628169,1.0,1553.9084507,9.23333333333,1506352.7726,213398925331.0,1175290.03,58.38309851,0.736351438248,5.49537172293,367953.0,220655.0,142463409.0,212927.0,140185.0,2136183.92949,248982.076123,164674255.327
2334,2016-07-15,664.57145,15761175.0,10514437454.2,26928546.8393,75594.261104,0.790217274074,0.0,1600.6,8.98333333333,1432095.94578,213398925331.0,1127082.345,55.22548963,0.620036295069,5.38034163757,367739.0,216081.0,142679490.0,178573.0,136458.0,3349411.14443,281068.302532,187503475.302
2335,2016-07-16,662.15335,15763137.5,10453324633.1,13030366.5582,75702.352224,0.688478471338,0.0,1160.45859873,7.76666666667,1665474.54435,213398925331.0,1302095.025,50.67563958,1.02840012913,7.32764021136,356533.0,182192.0,142861682.0,165887.0,120488.0,1965918.49665,195758.011163,129816925.103
2336,2016-07-17,675.45905,15765000.0,10721461200.0,26346610.596,75808.0463,0.709356214765,0.0,1147.73825503,7.26666666667,1580609.59941,213398925331.0,1266649.0,47.87291321,0.804062985292,7.59712074998,330330.0,171013.0,143032695.0,222808.0,110583.0,2055306.59992,237589.958518,161580178.989
2337,2016-07-18,673.2056375,15766850.0,10660597959.0,30616321.5858,75930.270665,0.820297751678,1.0,1515.61744966,7.95,1581302.6993,213402065458.0,1260663.03,59.6941179,0.661906912679,5.75516803074,384160.0,225827.0,143258522.0,219576.0,132359.0,2274871.73534,290402.484259,196352735.707
2338,2016-07-19,672.8432,15768450.0,10660891360.5,18855335.6425,76040.451695,0.860789296875,0.0,1735.515625,9.8,1358434.53362,213492501107.0,1084448.36,61.86165427,0.472402502985,5.05779102858,373620.0,222146.0,143480668.0,224494.0,139404.0,2539145.56393,351789.341456,237841255.865
2339,2016-07-20,665.643125,15770325.0,10522118543.2,21835386.1701,76160.269335,0.798784266667,0.0,1516.19333333,8.71666666667,1591915.46909,213492501107.0,1253687.59,64.19434833,0.772402317319,5.68902761367,378815.0,227429.0,143708097.0,215360.0,151782.0,2456917.48286,251060.141179,167509836.796
2340,2016-07-21,664.882075,15771987.5,10488529407.4,19396531.8726,76267.902595,0.809272631579,0.0,1636.13533835,9.78333333333,1411498.38259,213492501107.0,1108239.165,60.4162541,0.823001406253,5.26528008483,364285.0,217606.0,143925703.0,218874.0,145861.0,2207379.88049,209345.481187,139216838.444
2341,2016-07-22,651.5813625,15773600.0,10230283752.0,36015630.8104,76379.357192,0.863989124031,0.0,1716.31007752,10.5166666667,1369047.30342,213492501107.0,1049710.545,65.19185579,0.670228112337,4.91454809719,368179.0,221404.0,144147107.0,193971.0,147417.0,2421306.20175,250316.545204,162347801.723
2342,2016-07-23,655.8469125,15775237.5,10320160372.5,22033362.3228,76487.602759,0.826302038168,0.0,1494.6259542,9.8,1390272.84301,213492501107.0,1073869.3,60.03161359,0.968568895673,5.6718481563,332946.0,195796.0,144342903.0,184338.0,136013.0,1834612.75601,175261.834359,114656292.038
2343,2016-07-24,661.4130125,15776787.5,10437607074.2,23219394.3817,76587.732895,0.794683619048,2.0,1480.32539683,9.98333333333,1337208.99404,213492501107.0,1044634.82,51.47913981,0.824094163128,5.76903442141,352244.0,186521.0,144529424.0,237540.0,126966.0,1865551.59317,197365.691032,130573193.873
2344,2016-07-25,654.69545,15778425.0,10327136946.8,22293453.0939,76707.940303,0.910662181818,1.0,1822.21969697,9.91666666667,1400885.6128,213492501107.0,1083868.56,69.86744182,0.826729036477,4.67990021887,394635.0,240533.0,144769957.0,234239.0,151664.0,1930722.47892,208032.785343,136159538.335
2345,2016-07-26,655.0654625,15780037.5,10326456540.0,30492846.5591,76827.013297,0.923046465116,0.0,1842.42635659,10.65,1369047.30342,213492501107.0,1058492.0,70.79427446,0.620232981797,4.63471985967,403997.0,237673.0,145007630.0,232995.0,157177.0,2310580.41756,271397.091716,177602256.819
2346,2016-07-27,654.9810375,15781637.5,10351333852.6,27438393.3898,76945.00209,0.921787445313,0.0,1840.6484375,11.6333333333,1358434.53362,213492501107.0,1056015.1,74.91411699,0.647071780039,4.66289868327,372678.0,235603.0,145243233.0,234472.0,152837.0,2515469.55689,258845.180497,169779142.34
2347,2016-07-28,655.32875,15783337.5,10354974233.6,16449698.2547,77065.033379,0.87614079562,1.0,1729.53284672,10.3,1453949.46177,213492501107.0,1126800.225,72.36223857,0.691310938038,4.9420313863,393901.0,236946.0,145480179.0,229402.0,152996.0,2487467.29413,258185.158134,169387536.697
2348,2016-07-29,656.8876125,15785175.0,10402588176.8,16612345.8695,77185.922058,0.822371965986,0.0,1574.24489796,10.3666666667,1560077.15971,213492501107.0,1216861.965,72.26700639,0.839645803345,5.43854544185,358940.0,231414.0,145711593.0,197597.0,145297.0,2139879.12047,227449.121854,149891245.793
2349,2016-07-30,654.7369625,15786662.5,10334265005.8,11399491.4598,77289.471154,0.870160470588,0.0,1676.33613445,11.4166666667,1262919.60548,213492501107.0,979638.83,65.72047583,0.991569943561,5.09699618961,364415.0,199484.0,145911077.0,190326.0,127772.0,1878531.69124,156642.553147,102541348.141
2350,2016-07-31,628.015375,15788587.5,9858709806.75,38521947.4089,77411.835232,0.794571935065,0.0,1248.4025974,7.88333333333,1634366.54827,213492501107.0,1205755.02,72.5596168,0.853266752528,6.48785552406,344751.0,192254.0,146103331.0,223007.0,127228.0,1858564.33696,234107.28367,146181270.069
2351,2016-08-01,606.322342857,15790500.0,9553884120.0,39937694.3813,77536.405157,0.81418251634,0.0,1470.90849673,8.35,1623753.77847,213492501107.0,1158954.12,73.17800941,0.692890825809,5.33845794833,402353.0,225049.0,146328380.0,249886.0,143570.0,1726830.89066,286578.770485,173391619.294
2352,2016-08-02,515.0619,15792425.0,9538466775.75,57403494.6534,77669.742844,0.860243141935,1.0,1627.43225806,8.33333333333,1555605.72192,210798472403.0,1174458.555,81.75354194,0.382220698495,4.83488315968,412309.0,252252.0,146580632.0,243031.0,156119.0,3536817.41007,528295.18388,319085008.112
2353,2016-08-03,565.051671429,15794500.0,8908098000.0,48103787.9285,77803.053844,0.793517857143,2.0,1461.60119048,7.5,1686075.87925,201893210853.0,1187784.0,76.68873047,0.598517370767,4.99962306499,403778.0,245549.0,146826181.0,227597.0,142540.0,2517778.74775,363680.12639,205115591.284
2354,2016-08-04,577.315771429,15796412.5,9098417671.75,24001987.5042,77922.507466,0.780742627451,0.0,1515.26143791,7.48333333333,1535533.39003,201893210853.0,1102137.73,69.53744777,0.544988310933,4.92425185656,387986.0,231835.0,147058016.0,225242.0,138959.0,3004674.78012,363684.396162,209474938.501
2355,2016-08-05,576.559085714,15798525.0,9110061456.0,16566325.5104,78040.984246,0.701046035503,0.0,1350.55621302,6.91666666667,1696112.04519,201893210853.0,1223918.4,74.55527344,0.799293160825,5.52541820541,381030.0,228244.0,147286260.0,193599.0,142609.0,2291567.35181,273623.669091,157782352.544
2356,2016-08-06,588.231271429,15800600.0,9309397508.0,24272426.917,78144.10785,0.617506610778,1.0,1176.95209581,6.65,1676039.7133,201893210853.0,1232269.97,59.9384102,1.08060198325,6.43714741986,342340.0,196551.0,147482811.0,187174.0,126613.0,1521422.44136,198726.121503,117085456.267
2357,2016-08-07,594.274885714,15802450.0,9364531870.0,20475426.2901,78257.819382,0.768321162162,0.0,1300.09459459,8.05,1485352.56029,201893210853.0,1101643.4,66.98389239,0.735038553156,5.90396049472,345480.0,192414.0,147675225.0,232542.0,125146.0,1875748.71622,260800.455181,154550349.741
2358,2016-08-08,592.6975,15804300.0,9547377630.0,15361103.5912,78383.026003,0.840312892617,1.0,1585.84563758,9.81666666667,1495388.72624,201893210853.0,1137218.25,86.68124289,0.833215024501,4.98326380958,411266.0,236291.0,147911516.0,230087.0,146715.0,1974802.12422,233934.961033,141320109.96
2359,2016-08-09,588.7753875,15805850.0,9548313985.0,15780612.3337,78493.210491,0.881475904,1.0,1869.632,12.7,1254520.74349,201893210853.0,949947.25,75.28966453,0.649838873722,4.23351220494,393099.0,233704.0,148145220.0,241037.0,154383.0,2241996.82052,252030.115581,152251392.822
2360,2016-08-10,592.1899,15807737.5,9306805453.12,34991566.0798,78619.54178,0.831126901316,1.0,1615.66447368,8.11666666667,1525497.22408,201893210853.0,1123923.75,75.73839938,0.665543857869,4.73658785751,417668.0,245581.0,148390801.0,249758.0,157332.0,2174752.25296,296860.736677,174776758.719
2361,2016-08-11,589.24185,15809612.5,9354231524.0,26073725.3436,78748.612762,0.860473213333,0.0,1696.76666667,9.73333333333,1505424.89218,201893210853.0,1115316.8,79.92226711,0.617359909596,4.54467676563,408263.0,254515.0,148645316.0,228078.0,156302.0,2254855.1726,316658.441328,187360466.565
2362,2016-08-12,587.7556,15811475.0,9241807137.5,15437752.0763,78868.598621,0.805274221477,0.0,1563.57718121,8.73333333333,1495388.72624,201893210853.0,1093307.25,70.76200713,0.746223020601,4.85031159477,389496.0,232973.0,148878289.0,212890.0,148308.0,1924492.13279,259072.951887,151428140.378
2363,2016-08-13,586.4345375,15813512.5,9223231165.62,11882577.7207,78978.010608,0.667146262195,1.0,1324.73780488,8.21666666667,1645931.21545,201893210853.0,1197995.5,63.74667089,1.17132680629,5.67458238766,367024.0,217257.0,149095546.0,197135.0,136788.0,2087321.60626,180457.465802,105251816.929
2364,2016-08-14,570.976414286,15815550.0,8995884840.0,15817470.2745,79082.466663,0.636927164634,1.0,1223.0304878,7.25,1645931.21545,201893210853.0,1167746.4,61.70866834,1.0338721378,5.98842285283,360393.0,200577.0,149296123.0,199828.0,128659.0,1718002.71654,204252.40135,116178765.888
2365,2016-08-15,570.142225,15817375.0,8945200083.75,19039255.2067,79200.693044,0.809769732877,0.0,1389.69863014,7.83333333333,1577645.90337,203483855227.0,1035485.43,68.34053066,0.887322737502,5.27728920385,384259.0,202896.0,149499019.0,252856.0,137068.0,2077130.22974,213376.762551,120670960.525
2366,2016-08-16,581.1185875,15819062.5,9111780000.0,20633789.3317,79325.901373,0.920649477941,1.0,1885.63970588,10.5666666667,1469587.96479,217375482757.0,984960.0,84.29524807,0.562771230519,4.00766654665,413844.0,256447.0,149755466.0,234708.0,160380.0,2767413.52878,317055.164036,182623774.485
2367,2016-08-17,575.518,15820600.0,9046693698.0,21788909.8515,79442.726922,0.949801211382,0.0,1934.98373984,11.3666666667,1329112.64462,217375482757.0,883763.265,73.73160399,0.566388659916,3.87117207812,394403.0,238003.0,149993469.0,235996.0,155654.0,1999807.95612,284474.552197,162671083.183
2368,2016-08-18,576.0360875,15822525.0,9055705733.25,24259885.2055,79565.75121,0.798859012987,0.0,1555.46103896,8.15,1664092.25424,217375482757.0,1105741.56,76.47075341,0.808525763461,4.78206969287,405409.0,239541.0,150233010.0,241815.0,150826.0,2327792.80488,247545.699081,141677829.955
2369,2016-08-19,576.657075,15824450.0,9071049473.5,15567926.1355,79687.534769,0.790802331169,0.0,1598.01948052,9.05,1664092.25424,217375482757.0,1108626.82,80.79961253,0.732877421751,4.67211650741,403011.0,246095.0,150479105.0,206355.0,149365.0,2377047.79111,273688.280332,156886332.935
2370,2016-08-20,583.2078625,15826387.5,9205418289.38,16537121.8294,79799.205299,0.715836730769,1.0,1348.41025641,7.36666666667,1685703.84196,217375482757.0,1134217.5,61.83610372,1.02943630611,5.56298238062,400866.0,210352.0,150689457.0,181617.0,130884.0,2110969.4382,195430.848103,113672352.799
2371,2016-08-21,582.821675,15828425.0,9185393311.75,15404607.043,79899.435617,0.61490992638,0.0,1134.3803681,6.81666666667,1761344.39897,217375482757.0,1182381.625,50.66277505,1.52995563016,6.55357234018,357816.0,184904.0,150874361.0,226083.0,118883.0,1338909.57674,136485.185183,79203717.8138
2372,2016-08-22,588.9727625,15830400.0,9309383328.0,19463587.5994,80024.444494,0.786219352201,1.0,1445.28930818,7.08333333333,1718121.22354,217375482757.0,1168789.125,66.08272332,0.821706525115,5.25520076981,409008.0,229801.0,151104162.0,235298.0,152342.0,1991498.22033,249916.808563,146968577.612
2373,2016-08-23,586.18515,15832237.5,9246976634.25,19520117.2746,80146.303322,0.828971619048,0.0,1625.99319728,8.68333333333,1588451.69723,217375482757.0,1074378.37,67.65790776,0.672919601386,4.6553504822,398308.0,239021.0,151343183.0,234562.0,158970.0,2090785.99724,283118.206668,165358019.786
2374,2016-08-24,582.8479875,15834137.5,9186966577.5,17189751.0522,80262.257361,0.757869535948,1.0,1555.26797386,7.4,1653286.46038,217375482757.0,1110792.9,65.72799365,0.730320222629,4.82344585518,409928.0,237956.0,151581139.0,229999.0,155159.0,2131129.91596,270871.315398,157159537.194
2375,2016-08-25,579.86365,15835762.5,9143727625.12,18023876.4086,80375.104614,0.868055792308,0.0,1800.06923077,9.88333333333,1404753.20163,217375482757.0,940023.48,64.61425534,0.692679844182,4.16907113477,390942.0,234009.0,151815148.0,222851.0,148874.0,2132803.99048,243924.270286,140844312.906
2376,2016-08-26,581.07245,15837412.5,9154182799.12,12305907.4243,80486.567043,0.844412340909,0.0,1717.93181818,8.96666666667,1426364.78935,217375482757.0,953716.5,62.44953714,0.798523580407,4.36488976334,383173.0,226767.0,152041915.0,187712.0,155811.0,2092780.60538,214451.968503,123955382.314
2377,2016-08-27,571.5419875,15839212.5,9000157326.75,11038371.1521,80585.481017,0.686902597222,0.0,1327.06944444,8.7,1556034.31566,217375482757.0,1024500.66,55.47429433,1.09494225977,5.51715666058,364840.0,191098.0,152233013.0,171570.0,126835.0,1464561.62206,169458.642935,96289790.0886
2378,2016-08-28,576.534,15841112.5,9098184553.25,6969155.03567,80677.97723,0.608527717105,0.0,1147.95394737,7.3,1642480.66653,217375482757.0,1091820.34,48.91366874,1.3587917719,6.4149549628,330360.0,174489.0,152407502.0,221624.0,112905.0,1302221.63494,143429.899198,82377528.3051
2379,2016-08-29,575.2244125,15842975.0,9106383600.25,13006720.3398,80798.506615,0.80892204698,0.0,1511.95973154,7.33333333333,1635101.52309,218441791495.0,1070546.375,64.37949671,0.767718238856,4.91628743492,386989.0,225282.0,152632784.0,250723.0,154963.0,1714220.6337,250987.849342,144265305.923
2380,2016-08-30,578.616575,15845025.0,9173160323.25,15352375.3249,80927.887335,0.784125575758,1.0,1542.33939394,7.98333333333,1810682.89469,220755908330.0,1194622.055,68.30208236,0.805858470417,4.84735997085,419511.0,254486.0,152887270.0,221580.0,167020.0,1829715.34752,264413.933784,153077158.685
2381,2016-08-31,574.8279375,15846700.0,9105038419.0,15333990.4956,81040.731318,0.835881355556,1.0,1676.86666667,8.55,1481467.82293,220755908330.0,970161.445,62.71033455,0.620523503265,4.44222845926,392551.0,226377.0,153113647.0,234933.0,146290.0,1783742.78934,282053.834438,162059671.653
2382,2016-09-01,572.818375,15848450.0,9065313400.0,14999479.5484,81160.051392,0.846241659574,1.0,1689.41134752,8.01666666667,1547310.83728,220755908330.0,1008150.0,63.7181506,0.650390781303,4.38524804957,384065.0,238207.0,153351854.0,223109.0,158945.0,1788232.59006,280787.828348,160610637.815
2383,2016-09-02,576.218,15850362.5,9194478279.0,15043105.5666,81271.228972,0.726650849673,0.0,1476.18300654,6.96666666667,1678996.86599,220755908330.0,1109403.0,57.33859607,0.852671202292,5.05925887649,389622.0,225856.0,153577710.0,179744.0,153726.0,1595134.2934,231019.716718,134009917.274
2384,2016-09-03,600.8860875,15851937.5,9658268480.0,40400922.2543,81368.241687,0.76994218254,0.0,1446.06349206,10.3833333333,1382703.3014,220755908330.0,959616.0,51.54954056,0.927466758363,5.43909082167,358536.0,182204.0,153759914.0,180771.0,123443.0,1308424.92081,175375.508167,106852789.616
2385,2016-09-04,610.59875,15854175.0,9752220126.0,22587938.8404,81471.946321,0.579355497207,0.0,1023.70949721,6.03333333333,1964316.59485,220755908330.0,1376331.0,46.63006916,1.2340913794,7.667449347,347566.0,183244.0,153943158.0,224939.0,114169.0,1160632.75422,185085.975585,113850085.302
2386,2016-09-05,608.10975,15855925.0,9709692792.25,22519218.6253,81595.188161,0.880298857143,0.0,1626.30714286,9.96666666667,1536337.00156,220755908330.0,1072259.87,63.04984857,0.697227447153,4.87632952732,422792.0,227683.0,154170841.0,229209.0,148149.0,1713681.50704,260037.073407,159238902.642
2387,2016-09-06,611.097475,15857625.0,9735788868.75,14155539.5927,81713.093301,0.866949558824,0.0,1706.75,8.81666666667,1492441.65866,220755908330.0,1044942.9,60.65357465,0.767942091795,4.65691270025,416403.0,232118.0,154402959.0,247669.0,142995.0,1600893.41988,229269.054719,140759736.145
2388,2016-09-07,614.4637625,15859525.0,9819424903.75,16922951.2375,81836.11174,0.809331835526,0.0,1650.05921053,8.15,1668023.03026,220755908330.0,1177623.3,63.76239601,0.847725862941,4.84776657731,400704.0,250809.0,154653768.0,223812.0,154877.0,1603741.19004,231650.641069,143426494.418
2389,2016-09-08,627.777875,15861325.0,9996600081.25,21304907.4826,81953.343175,0.8141071875,0.0,1576.43055556,7.96666666667,1580232.34446,220755908330.0,1134450.0,59.60240707,0.759002744315,5.16292264106,399896.0,227006.0,154880774.0,218471.0,139753.0,1626880.30093,245006.018885,154415043.402
2390,2016-09-09,625.0709,15863100.0,9943784235.0,16550749.9521,82069.792152,0.81432851049,1.0,1553.1048951,9.36666666667,1569258.50873,220755908330.0,1120494.375,64.10461147,0.778261733343,5.2260680194,379259.0,222094.0,155102868.0,190432.0,139773.0,1761844.57368,237915.412276,149137276.185
2391,2016-09-10,625.7635,15865037.5,9971334719.12,13826608.2876,82170.015671,0.646603348387,0.0,1247.22580645,7.21666666667,1700944.53744,220755908330.0,1217738.125,51.15995466,1.26651068491,6.4654079666,355122.0,193320.0,155296188.0,177045.0,120038.0,1478034.97617,157018.805948,98687889.7266
2392,2016-09-11,608.15855,15867087.5,9682890146.88,19748109.5647,82267.057259,0.591717,0.0,1099.94512195,7.43333333333,1799709.05897,220755908330.0,1251012.5,47.43305867,1.28100288491,7.09546775645,373779.0,180391.0,155476579.0,205358.0,112965.0,1506619.98466,163733.671749,99918473.185
2393,2016-09-12,609.6705,15869125.0,9696828831.25,24913919.8681,82379.662253,0.690828184049,0.0,1280.05521472,6.83333333333,1829872.71366,224586991480.0,1245625.425,55.92604475,0.973995707147,6.13081291856,401012.0,208649.0,155685228.0,237998.0,128782.0,1672258.49155,214931.752716,131334047.497
2394,2016-09-13,610.928125,15871187.5,9743639430.0,32818905.1129,82509.426023,0.781709457831,1.0,1453.10240964,7.86666666667,1863551.35256,225832872179.0,1275111.84,68.38732914,0.901709354256,5.45516799994,404798.0,241215.0,155926443.0,228878.0,157087.0,1993041.53634,237702.683134,145930431.23
2395,2016-09-14,612.0847375,15873137.5,9744519111.25,15168677.6801,82628.642295,0.764206871795,0.0,1485.8974359,7.33333333333,1751289.22289,225832872179.0,1197718.9,62.36523412,0.918569590391,5.32955572574,388645.0,231800.0,156158243.0,230842.0,140456.0,1897616.6181,219075.96933,134490737.572
2396,2016-09-15,610.386125,15875062.5,9723634531.88,11891587.3953,82744.601032,0.752978811688,0.0,1516.15584416,8.1,1728836.79696,225832872179.0,1179081.75,59.69619981,0.985814286257,5.20646144275,397310.0,233488.0,156391731.0,210471.0,145856.0,1564540.1851,201325.566841,123313922.946
2397,2016-09-16,609.11465,15876800.0,9687705824.0,12836700.3452,82853.274142,0.7762365,1.0,1522.44285714,8.8,1571669.81542,225832872179.0,1067815.0,64.55642211,0.967461755901,5.19468728661,377920.0,213142.0,156604873.0,212506.0,129733.0,1901247.27363,187558.465339,114444424.381
2398,2016-09-17,608.006875,15878837.5,9658620486.12,8953094.94796,82976.238724,0.75438393865,0.0,1322.26380368,8.5,1829872.71366,225832872179.0,1239350.125,57.63998368,1.37337655605,5.91294349193,376568.0,215529.0,156820402.0,188780.0,134288.0,1475509.56484,152553.935368,92793982.2665
2399,2016-09-18,611.5859,15880650.0,9751671939.0,9289978.56372,83074.593266,0.678307186207,0.0,1321.4,7.7,1627800.88025,225832872179.0,1112983.75,53.0225757,1.12523597988,5.97873098456,369331.0,191603.0,157012005.0,220874.0,115692.0,1626466.7088,165789.452974,101804671.493
2400,2016-09-19,610.1965,15882312.5,9679951822.5,12354975.677,83185.65375,0.835041233083,0.0,1680.7518797,10.9666666667,1493086.32464,225832872179.0,1013869.98,66.12043758,0.781803485575,4.71306962645,399754.0,223540.0,157235545.0,244880.0,138893.0,2074708.00795,221106.770368,134760154.404
2401,2016-09-20,609.74875,15884200.0,9683802530.0,13349846.1245,83305.831345,0.785474477124,2.0,1620.83006536,8.28333333333,1717610.58399,225832872179.0,1166565.275,69.34697102,0.814265757968,4.87216267741,419627.0,247987.0,157483532.0,235825.0,150612.0,2304138.84372,243390.680699,148383128.488
2402,2016-09-21,598.884875,15886275.0,9500151312.75,20607535.0871,83423.915743,0.711351795181,0.0,1441.06024096,6.7,1863551.35256,225832872179.0,1241468.76,64.96509855,0.839121778101,5.34964437405,408180.0,239216.0,157722748.0,228039.0,147081.0,1867494.60632,255024.378392,152507128.522
2403,2016-09-22,597.4226,15888037.5,9481980780.0,12923838.3341,83531.43982,0.762582106383,0.0,1639.90780142,9.55,1582896.02838,225832872179.0,1051860.0,62.72699094,0.919490364932,4.71093543658,391223.0,231227.0,157953975.0,219880.0,140995.0,2326674.02803,198504.199778,118467306.427
2404,2016-09-23,604.2225,15889737.5,9592952323.5,12358708.7831,83640.955323,0.805261051471,0.0,1641.08088235,9.88333333333,1526764.96355,225832872179.0,1027531.44,60.05767564,0.737826004269,4.76094942778,389323.0,223187.0,158177162.0,206549.0,141956.0,2253377.4781,238546.441228,144015257.498
2405,2016-09-24,603.8854,15891812.5,9583875364.38,6905876.28854,83747.503328,0.638012005988,1.0,1260.53892216,7.0,1874777.56553,225832872179.0,1258908.625,59.4740433,1.2762190174,6.15066094861,369379.0,210510.0,158387672.0,193345.0,129762.0,2031871.05284,168229.278363,101454030.902
2406,2016-09-25,601.7472375,15894125.0,9541084296.25,6562797.42037,83853.781028,0.571385483871,1.0,1060.74193548,6.06666666667,2230413.26476,234688749068.0,1395674.25,50.00651953,0.927690948719,7.22608776373,374974.0,197298.0,158584970.0,227516.0,124190.0,1861238.25346,256012.686424,153681855.534
2407,2016-09-26,608.1469625,15896037.5,9682117480.88,14621404.8975,83971.718693,0.770834411765,0.0,1508.29411765,6.95,1834694.7823,241227200229.0,1165493.715,60.52560461,0.792072234979,5.20758925814,430205.0,230769.0,158815739.0,238511.0,148541.0,2278155.60187,249096.675465,151722294.059
2408,2016-09-27,605.9622125,15898125.0,9602149537.5,12980365.4284,84100.535514,0.762229710059,2.0,1437.91715976,7.13333333333,2026558.28895,241227200229.0,1276511.73,63.63619115,0.890928105396,5.40863978441,425011.0,243008.0,159058747.0,230695.0,152623.0,1775280.0827,244254.971638,147525117.77
2409,2016-09-28,605.679475,15899975.0,9610103889.75,9494530.32337,84216.316825,0.782306155405,0.0,1587.80405405,9.05,1774737.43648,241227200229.0,1119367.32,64.74431075,0.769059161914,4.92474567059,433852.0,234995.0,159293742.0,237287.0,152705.0,2545689.05698,248972.303507,150481349.963
2410,2016-09-29,606.36375,15901762.5,9631379511.0,12937983.9999,84335.409567,0.832816377622,0.0,1697.41258741,9.35,1714780.09065,241227200229.0,1083864.36,68.53955587,0.729428858278,4.63134362542,440834.0,242730.0,159536472.0,245515.0,156615.0,1838851.92449,254451.072892,154115925.829
2411,2016-09-30,609.3962875,15903537.5,9716425271.0,12885196.8876,84455.166318,0.843357401408,0.0,1767.20422535,9.28333333333,1702788.62148,241227200229.0,1084454.0,68.45068728,0.734708380289,4.48816915356,442960.0,250943.0,159787415.0,208930.0,156505.0,2464312.41,250909.168418,153295465.537
2412,2016-10-01,614.8238,15905500.0,9767249440.0,7094655.17853,84566.836814,0.711277044586,0.0,1362.61146497,7.68333333333,1882660.65897,241227200229.0,1205132.0,58.7351644,1.19601241673,5.80189823659,391458.0,213930.0,160001345.0,188141.0,135733.0,1536124.18254,168997.84117,103778194.306
2413,2016-10-02,610.5189125,15907262.5,9698339801.0,9087020.02498,84668.149849,0.718532163121,0.0,1366.54609929,8.76666666667,1690797.15232,241227200229.0,1074561.0,53.42262056,1.12281467289,5.74587121491,396449.0,192683.0,160194028.0,255570.0,127679.0,1420395.18082,161729.505715,98603245.0444
2414,2016-10-03,611.8511,15909150.0,9750081669.0,11646426.4053,84799.695744,0.865433519737,1.0,1715.875,8.76666666667,1822703.31314,241227200229.0,1164434.0,75.66885784,0.78980888383,4.64243889766,469732.0,260813.0,160454841.0,259375.0,158004.0,2004659.20175,250145.180472,153303975.304
2415,2016-10-04,609.6248125,15911125.0,9718674261.25,12709516.1755,84929.878089,0.823938892405,0.0,1675.07594937,9.21666666667,1894652.12813,241227200229.0,1206349.75,71.03602966,0.741974513086,4.72202003792,477181.0,264662.0,160719503.0,261818.0,167686.0,1906791.15251,275755.567553,168434258.217
2416,2016-10-05,612.3522875,15913212.5,9762755868.75,11326509.2509,85061.626399,0.788912035928,0.0,1597.67065868,8.21666666667,2002575.35062,241227200229.0,1281294.75,72.77844316,0.888038420689,4.96730204107,470499.0,266811.0,160986314.0,269284.0,166545.0,2302843.29978,243264.07426,149242509.558
2417,2016-10-06,612.08875,15915225.0,9772903063.5,10859575.0873,85194.837893,0.827400583851,0.0,1704.88198758,8.46666666667,1930626.53563,241227200229.0,1237023.87,77.72649993,0.868055332395,4.67610182139,497719.0,274486.0,161260800.0,262224.0,166297.0,2291725.00663,240794.154696,147862058.632
2418,2016-10-07,617.21035,15917012.5,9867115218.88,15826419.3016,85319.88779,0.8684020625,1.0,1864.02083333,8.65,1726771.55982,241227200229.0,1116457.91,72.73818198,0.806792655892,4.32506315272,471181.0,268419.0,161529219.0,241852.0,159693.0,2375918.79916,232121.371991,143894359.711
2419,2016-10-08,618.046,15919125.0,9881956035.0,7779460.19893,85448.53765,0.761241775148,0.0,1483.26627219,6.35,2171858.80433,250540187708.0,1311355.5,67.51007174,1.02028804801,5.39854093051,439803.0,250672.0,161779891.0,202451.0,153294.0,2376975.88288,213666.138302,132635392.013
2420,2016-10-09,615.65675,15921125.0,9802318240.0,6954834.42998,85557.69809,0.68225275,0.0,1315.925,7.16666666667,2056197.68457,258522748404.0,1232591.36,58.27379152,1.06944717037,6.01876060548,410522.0,210548.0,161990439.0,220329.0,134274.0,2698212.13166,192461.474352,118494680.529
2421,2016-10-10,617.54825,15922675.0,9854065877.25,13372142.5334,85664.891382,0.857546336,1.0,1798.192,11.25,1606404.44107,258522748404.0,969459.855,68.34518804,0.68525141869,4.49020421189,421619.0,224774.0,162215213.0,258548.0,146119.0,2601110.01646,237992.238113,147286256.401
2422,2016-10-11,639.30995,15924412.5,10207866900.8,29027519.1583,85793.200707,0.923088669065,0.0,1896.15107914,10.9666666667,1786321.73847,258522748404.0,1114413.27,80.75501147,0.597834064517,4.4222025969,444786.0,263565.0,162478778.0,231243.0,177381.0,2864039.24135,304140.41611,194960089.535
2423,2016-10-12,635.0139375,15926212.5,10152323420.2,14634705.6096,85918.69354,0.865467813793,1.0,1625.26896552,9.51666666667,1863429.15164,258522748404.0,1156671.17,69.03655168,0.411826204886,5.08946759044,400579.0,235664.0,162714442.0,225582.0,151054.0,2714191.17602,456876.354481,291240400.928
2424,2016-10-13,635.9650875,15927812.5,10152546965.6,14355952.0574,86035.43462,0.9120396875,0.0,1794.5546875,10.0666666667,1644958.14766,258522748404.0,1020493.41,67.12105979,0.641325638239,4.62614608743,400731.0,229703.0,162944145.0,235124.0,158721.0,2088161.19224,259949.230217,165694238.833
2425,2016-10-14,639.565642857,15929512.5,10216074251.6,12472092.7624,86152.217098,0.858694691176,0.0,1762.67647059,10.2333333333,1747768.03188,258522748404.0,1090902.33,68.01350542,0.742878155687,4.72993985346,423263.0,239724.0,163183869.0,206188.0,160177.0,2021409.0602,237995.085989,152633388.497
2426,2016-10-15,637.949857143,15931287.5,10189651485.0,6525990.94134,86263.211618,0.781651549296,0.0,1482.02816901,10.2166666667,1824875.44505,258522748404.0,1135929.6,62.6006372,0.906655138972,5.58489207573,384627.0,210448.0,163394317.0,193764.0,143497.0,3408105.66958,202679.117805,129633563.748
2427,2016-10-16,641.425125,15932912.5,10264938207.2,6985758.74822,86361.868317,0.758897684615,0.0,1522.12307692,8.28333333333,1670660.61871,258522748404.0,1047566.76,57.54846761,0.918459789093,5.47817156069,383032.0,197876.0,163592193.0,233318.0,134442.0,2461115.97557,183192.393134,118023531.2
2428,2016-10-17,638.1833875,15934475.0,10182607559.2,15611329.7691,86478.077483,0.929673328,0.0,1897.856,11.2666666667,1606404.44107,258522748404.0,1001040.495,72.44112233,0.64175241767,4.40402823145,435282.0,237232.0,163829425.0,246870.0,166443.0,1887070.93737,254761.973202,162800543.735
2429,2016-10-18,636.2965,15936412.5,10183048859.2,14579936.5177,86608.564018,0.841848612903,0.0,1622.71612903,9.11666666667,1991941.50693,258522748404.0,1239301.71,77.24037508,0.593446621267,5.11837502582,435277.0,251521.0,164080946.0,195522.0,165754.0,2509108.68066,339498.162577,216932535.924
2430,2016-10-19,629.253675,15937975.0,10065628111.2,20346645.9028,86710.487448,0.808916111111,1.0,1595.43650794,10.25,1619255.6766,258522748404.0,998480.55,63.05977367,0.66952329504,5.14620892954,406991.0,201025.0,164281971.0,265025.0,139661.0,1956770.55801,244660.609393,154515407.862
2431,2016-10-20,630.22705,15939650.0,10085494744.5,12216884.5043,86841.463294,0.977431686567,0.0,2017.76119403,13.4166666667,1722065.56083,258522748404.0,1065517.32,89.31863339,0.60695232171,4.12877183558,415474.0,270380.0,164552351.0,260621.0,189028.0,2465644.96872,290684.880885,183925044.682
2432,2016-10-21,631.9242125,15941700.0,10128718512.0,16705327.8899,86971.201385,0.791085920732,0.0,1618.01829268,6.7,2107602.62668,258522748404.0,1302488.0,76.08109984,0.853360184129,5.09064041603,453739.0,265355.0,164817706.0,212078.0,167442.0,3172355.5348,249142.289432,158295045.014
2433,2016-10-22,655.4886625,15943562.5,10587003806.9,22686988.3446,87089.488455,0.79387295302,0.0,1454.41610738,7.9,1878507.2821,257535264828.0,1237419.905,66.62886636,1.00380532498,5.91117744213,392804.0,216708.0,165034414.0,187498.0,152388.0,1351493.21843,192181.573294,127614330.114
2434,2016-10-23,653.0028625,15945362.5,10504485907.8,11562593.8995,87203.584968,0.792336895833,0.0,1330.40277778,9.28333333333,1815470.12499,253618246641.0,1186462.78,67.49823388,1.17735045727,6.42177330651,376683.0,191578.0,165225992.0,222000.0,138080.0,1877896.51695,158618.720734,104494840.845
2435,2016-10-24,651.396425,15947150.0,10445223778.5,17690445.8704,87330.335917,0.886370272727,0.0,1587.27272727,9.13333333333,1802862.69356,253618246641.0,1173414.585,81.14570038,0.590317576932,5.39229997045,433234.0,226980.0,165452972.0,231657.0,152458.0,3736942.23494,316549.222554,207336575.281
2436,2016-10-25,655.31995,15948887.5,10491018708.6,23862151.3272,87461.541956,0.943928338129,0.0,1705.25179856,12.15,1752432.96787,253618246641.0,1158039.295,99.09135171,0.617290474417,5.0967870111,432977.0,237030.0,165690002.0,221026.0,163127.0,3108006.83437,297524.654571,195708742.53
2437,2016-10-26,672.2214125,15950612.5,10751191343.4,32748237.8961,87597.007109,0.974569446043,1.0,1625.35251799,19.8833333333,1752432.96787,253618246641.0,1204154.595,125.06416902,0.710073274221,5.55684268535,431781.0,225924.0,165915926.0,321760.0,161510.0,2207786.45617,262305.910762,176802053.031
2438,2016-10-27,682.2239625,15952637.5,10933937742.5,26863753.6491,87755.382468,0.97762567284,0.0,2014.74074074,12.45,2042403.89061,253618246641.0,1402328.4,111.04197547,0.516902206144,4.48559129008,457806.0,326388.0,166242314.0,245721.0,229969.0,3492141.3592,413239.090505,283234072.632
2439,2016-10-28,687.6883375,15954537.5,11016448598.4,22221917.8414,87879.492612,0.816514105263,0.0,1650.5,8.2,1916329.57637,253618246641.0,1318835.9,82.18591551,0.703328983823,5.45560178256,434269.0,250876.0,166493190.0,223780.0,172862.0,1564832.9699,281829.124222,194600191.984
2440,2016-10-29,714.89545,15956400.0,11433877548.0,29728643.8012,87994.675528,0.773039704698,0.0,1541.53691275,7.96666666667,1878507.2821,253618246641.0,1338194.475,73.16334719,0.828181059628,6.03876670061,416457.0,229689.0,166722879.0,202975.0,170169.0,1503224.75171,233724.657753,167480078.006
2441,2016-10-30,698.0034,15958500.0,11232230640.0,21222263.7923,88100.660523,0.627130147929,1.0,1238.68047337,8.75,2130655.91057,253618246641.0,1487565.84,62.96767922,0.85186537544,7.31443161669,360327.0,209337.0,166932216.0,236627.0,150690.0,1345052.92082,255376.934189,179744501.36
2442,2016-10-31,702.0015125,15960337.5,11251559127.4,23116856.381,88219.875211,0.810984272109,0.0,1644.74829932,12.9,1853292.41926,253618246641.0,1298202.255,76.30761672,0.650670629994,5.58023044098,458880.0,241778.0,167173994.0,242315.0,162867.0,1806193.77653,294128.477374,207351752.694
2443,2016-11-01,728.2068875,15962137.5,11722434158.6,41882993.0835,88343.29065,0.857051659722,0.0,1712.84722222,11.775,1815470.12499,253618246641.0,1321902.0,78.88304167,0.653078269035,5.59429522389,446989.0,246650.0,167420644.0,264422.0,172133.0,1846449.78256,287696.457034,211281401.081
2444,2016-11-02,733.336125,15963800.0,11811455982.0,24177015.5444,88463.483957,0.903709075188,0.0,2018.18045113,8.98333333333,1676788.37933,253618246641.0,1230807.015,79.52440935,0.762142659636,4.80186291618,461830.0,268418.0,167689062.0,267456.0,181477.0,4781474.41264,228569.335061,169116165.319
2445,2016-11-03,686.170875,15965737.5,11015560588.1,56296677.0219,88593.536978,0.833673211538,1.0,1752.16666667,11.7,1966759.30207,253618246641.0,1348852.25,79.22807198,0.685817835215,5.12210489673,457533.0,273338.0,167962400.0,243410.0,183320.0,6819766.20394,295884.412417,204145450.347
2446,2016-11-04,703.6940875,15967187.5,11304928421.9,29358873.2933,88704.445529,0.956108198276,0.0,2138.30172414,12.5,1462462.04513,253618246641.0,1036526.64,84.33985522,0.547378245914,4.37959531571,453192.0,248043.0,168210443.0,236682.0,173263.0,5890890.01915,280307.057629,198460199.872
2447,2016-11-05,704.7909,15969025.0,11320441822.5,14017411.0236,88822.568568,0.792772073826,2.0,1624.37583893,8.76666666667,1885928.48644,253967917208.0,1325997.45,74.56670338,1.11502118836,5.67357451092,426001.0,242032.0,168452475.0,222005.0,170665.0,5873497.85149,173724.654169,123153407.34
2448,2016-11-06,712.00325,15970937.5,11416026125.0,15385463.9264,88935.37737,0.732524688312,1.0,1483.24675325,11.05,1949214.67726,254620187304.0,1379564.0,71.77139104,0.843637852516,6.24854299236,429823.0,228420.0,168680895.0,268563.0,159506.0,5461737.25483,236685.846313,169183042.944
2449,2016-11-07,703.819,15972762.5,11260957290.1,13568019.0808,89064.838315,0.88671880137,0.0,1878.6369863,11.5333333333,1847956.77195,254620187304.0,1294398.36,91.27487749,0.707789161558,4.92557979364,483846.0,274281.0,168955176.0,289968.0,187765.0,4470465.95385,270740.918563,190875054.996
2450,2016-11-08,708.974875,15974875.0,11371555020.0,21720391.2365,89211.237259,0.866265940828,0.0,1751.83431953,12.15,2139073.24972,254620187304.0,1507321.2,89.25535917,0.747866799491,5.29385102639,503015.0,296060.0,169251236.0,265464.0,206149.0,3497745.19995,294404.747031,209569075.126
2451,2016-11-09,720.9301,15976712.5,11575767274.8,40308934.7444,89342.331653,0.891798598639,0.0,1837.38095238,9.3,1860614.01011,254620187304.0,1334964.95,83.73198606,0.480758906817,5.15377709021,474975.0,270095.0,169521331.0,266380.0,192326.0,2694658.10429,399624.834572,289544177.641
2452,2016-11-10,713.690125,15978812.5,11422773691.9,18345512.5547,89477.493888,0.804537113095,0.0,1615.32142857,11.475,2126416.01156,254620187304.0,1501227.0,82.2928672,0.831528280719,5.74872943604,474281.0,271374.0,169792705.0,250080.0,191574.0,1759909.00428,262443.613501,187613065.983
2453,2016-11-11,715.4593,15980850.0,11437973770.5,14008613.8917,89600.528335,0.754812558282,0.0,1562.0797546,6.96666666667,2063129.82074,254620187304.0,1459015.605,72.74402535,0.988747296878,5.93186272927,444226.0,254619.0,170047324.0,224529.0,181077.0,1395606.56765,213426.022201,152755406.87
2454,2016-11-12,703.718,15982950.0,11243845495.5,13568553.6888,89719.876072,0.710403196429,0.0,1362.41666667,6.46666666667,2126416.01156,254620187304.0,1478735.98,65.89536127,1.27611144201,6.65696341279,450559.0,228886.0,170276210.0,216563.0,169506.0,950069.93176,169726.192397,119400679.09
2455,2016-11-13,701.901125,15984725.0,11247332051.8,19900672.8562,89830.447969,0.773230048951,1.0,1547.74825175,8.33333333333,1809985.05746,254620187304.0,1259145.885,63.15492634,1.04400935951,5.88346854361,411263.0,221328.0,170497538.0,266080.0,162551.0,1131283.7292,177264.208361,124728414.929
2456,2016-11-14,706.467875,15986875.0,11300322593.8,20324888.3718,89966.367184,0.790227994186,0.0,1572.70930233,11.725,2177044.96421,254620187304.0,1523261.75,79.42615064,0.935054761282,5.82563741499,486756.0,270506.0,170768044.0,275530.0,185144.0,1547251.34938,238427.33527,168532361.936
2457,2016-11-15,710.910125,15988825.0,11389639488.8,22288622.3035,90099.655391,0.854411583333,0.0,1797.12820513,8.08333333333,1974529.15359,254620187304.0,1389794.85,81.45867865,0.759151164548,5.16175946573,514795.0,280352.0,171048396.0,286128.0,194699.0,1759582.23381,267596.0696,190622060.179
2458,2016-11-16,736.914375,15990962.5,11832832521.1,44865031.1507,90235.750668,0.791251610465,1.0,1692.94186047,10.0,2177044.96421,254620187304.0,1590935.5,79.74219285,0.609614386486,5.66628316761,494246.0,291186.0,171339582.0,273640.0,192586.0,1959594.27362,365762.725139,270653443.721
2459,2016-11-17,736.9615,15992950.0,11777848098.0,36131321.2177,90378.596112,0.898399018868,0.0,1745.03144654,9.73333333333,2012500.86808,254620187304.0,1467356.7,89.03665576,0.612245647372,5.51158601156,484633.0,277460.0,171617042.0,272098.0,196176.0,1604094.50628,339167.23862,249776321.209
2460,2016-11-18,747.5217625,15994800.0,11978185824.0,22349404.1599,90516.590223,0.932392641892,0.0,1864.35810811,8.98333333333,2073243.13718,272434584596.0,1385428.0,83.54457183,0.728936999189,5.24777696458,488365.0,275925.0,171892967.0,245559.0,191304.0,1605921.95575,265255.375153,198644445.345
2461,2016-11-19,750.030875,15996575.0,12049740050.2,15115192.2452,90637.698344,0.852874091549,0.0,1758.87323944,11.5,1989192.73973,281800917193.0,1337807.52,72.14751446,0.916733718058,5.57095134616,476358.0,249760.0,172142727.0,242796.0,181839.0,1119382.03027,201492.263028,151778076.971
2462,2016-11-20,729.066625,15998175.0,11678347786.5,26489236.6727,90754.191665,0.903049,1.0,1911.13953488,11.15,1807083.54524,281800917193.0,1177092.75,73.70174219,0.957715911138,4.992733536,438202.0,246537.0,172389264.0,283934.0,185468.0,1177096.43201,176064.918895,128523869.495
2463,2016-11-21,738.537625,15999912.5,11823135341.9,18741837.4186,90883.418069,0.923045742857,1.0,2052.95714286,17.3,1961175.94058,281800917193.0,1300552.0,95.49432851,0.705657604655,4.744821178,490392.0,287414.0,172676678.0,282436.0,202961.0,1566281.00355,261528.298758,193256336.367
2464,2016-11-22,748.749375,16001587.5,11968547386.5,25591017.7097,91011.908634,0.958884813433,0.0,2131.60447761,18.625,1877125.54312,281800917193.0,1264052.4,101.52105178,0.595423994041,4.65197432349,515387.0,285635.0,172962313.0,273901.0,197281.0,1711822.4695,298362.355155,223163107.162
2465,2016-11-23,741.6384,16003425.0,11842534500.0,19866229.8841,91151.716889,0.951076564626,0.0,1883.83673469,20.3,2059234.7376,281800917193.0,1371590.0,108.95046532,0.69917212592,5.20133085011,505599.0,276924.0,173239237.0,329909.0,203465.0,1723439.70295,278393.60197,206011265.458
2466,2016-11-24,737.450375,16005450.0,11801298448.5,16755125.5777,91307.890935,0.952280768293,2.0,2033.32926829,19.275,2297377.53039,281800917193.0,1540282.37,137.18975526,0.63818101452,4.83611709213,489272.0,333466.0,173572703.0,311945.0,237899.0,1901222.46965,342722.473013,252699561.026
2467,2016-11-25,739.786125,16007350.0,11852162087.0,14432748.7067,91451.193939,0.942782921053,0.0,2074.91447368,12.9666666667,2129276.73548,281800917193.0,1450482.78,138.07167767,0.773872454798,4.78469002077,523079.0,315387.0,173888090.0,274803.0,229743.0,1465067.39633,263360.152572,194997124.167
2468,2016-11-26,733.673,16009262.5,11718620057.4,12319132.9648,91596.527757,0.943726090909,1.0,1814.11688312,13.75,2157293.53463,281800917193.0,1424452.54,102.63163486,0.81056036706,5.3126134873,481755.0,279374.0,174167464.0,234044.0,206872.0,1213751.25556,250151.835355,183108641.961
2469,2016-11-27,727.9655,16011062.5,11573276306.9,11359826.8066,91714.824386,0.821504368056,0.0,1648.53472222,12.65,2017209.53888,281800917193.0,1303985.32,81.15381886,1.04712976335,5.72795881396,454515.0,237389.0,174404853.0,295352.0,175472.0,950718.263912,179648.586518,129855387.793
2470,2016-11-28,733.052125,16013112.5,11713912056.0,17786517.748,91863.91865,0.909111365854,0.0,1820.30487805,9.76666666667,2297377.53039,281800917193.0,1511320.32,109.57588157,0.795394899119,5.29183984486,515310.0,298530.0,174703383.0,290723.0,210817.0,1514724.19163,271509.898286,198614920.794
2471,2016-11-29,732.712125,16014975.0,11707747473.8,18774731.9527,92000.686153,0.90574505298,2.0,1947.94701987,9.65,2115268.33591,281800917193.0,1388629.475,102.53218663,0.6474246793,4.945988407,506247.0,294140.0,174997523.0,289146.0,202251.0,1427319.39932,307376.633955,224707688.253
2472,2016-11-30,742.6967625,16016750.0,11847589975.0,21330877.4838,92130.225293,0.912247464789,0.0,2060.94366197,18.45,1989192.73973,281800917193.0,1321104.2,99.56774283,0.679150812847,4.73807895799,500015.0,292654.0,175290177.0,236205.0,209455.0,1366660.38859,276016.417469,204169344.002
2473,2016-12-01,752.246125,16018575.0,12069035148.0,26804422.4923,92261.553649,0.899509287671,0.0,1641.65753425,9.03333333333,2045226.33803,281800917193.0,1391603.68,102.70561249,0.743177090227,6.05973964117,485327.0,239682.0,175529859.0,315002.0,174808.0,1513280.75387,259387.11484,195432627.805
2474,2016-12-02,772.43725,16020362.5,12394634059.0,33314155.0444,92402.201199,0.976719097222,1.0,2210.15972222,29.25,2052749.31684,286179638739.0,1419702.8,121.34014523,0.645338317792,4.67067313373,513735.0,318263.0,175848122.0,284484.0,234234.0,1792011.06356,297726.028698,230344673.883
2475,2016-12-03,764.339625,16022512.5,12242481351.0,15079718.4057,92553.709458,0.88086197093,0.0,1674.34883721,8.41666666667,2451895.01734,286765766820.0,1648884.64,101.13526766,1.11234335449,5.972635788,492197.0,287988.0,176136110.0,242653.0,218841.0,1235161.9522,202377.73333,154632778.482
2476,2016-12-04,764.81625,16024362.5,12265688032.0,11710058.4725,92680.545335,0.856999168919,0.0,1659.7972973,13.8,2109770.1312,286765766820.0,1422187.52,92.63816666,1.47783724432,6.05321782328,457491.0,245650.0,176381760.0,274820.0,183623.0,916341.421387,131451.428371,100618181.332
2477,2016-12-05,754.63975,16026262.5,12116495500.5,26745481.4464,92814.713959,0.882688315789,0.0,1828.95394737,9.31666666667,2166790.94555,286765766820.0,1450084.72,106.12511446,0.726464113982,5.45577473296,548221.0,278001.0,176659761.0,316624.0,184952.0,1721222.6725,276149.237911,208779869.83
2478,2016-12-06,756.6215,16028137.5,12112303227.4,20977699.2164,92959.128123,0.962761093333,0.0,2131.74666667,12.5333333333,2138280.53838,286765766820.0,1435055.31,119.47737538,0.687324552868,4.71352633459,540804.0,319762.0,176979523.0,306943.0,229284.0,1651414.71147,290179.852743,219286012.92
2479,2016-12-07,766.1166375,16030312.5,12284990287.5,23775580.354,93113.975844,0.88484412,1.0,1779.20571429,9.06666666667,2494660.6281,286765766820.0,1686375.18,107.751729,0.778541978651,5.64935594065,539249.0,311361.0,177290884.0,279248.0,219652.0,1551778.12749,294814.125884,225933753.513
2480,2016-12-08,769.72975,16032275.0,12312787200.0,18396293.9278,93247.453741,0.850177687898,0.0,1800.70700637,8.76666666667,2238066.9635,286765766820.0,1516416.0,96.23895714,0.725800790564,5.59267774895,500354.0,282711.0,177573595.0,264834.0,200782.0,1425236.29621,283650.69092,217843730.627
2481,2016-12-09,770.028125,16033962.5,12354007766.6,16139725.0744,93373.047454,0.9303238,0.0,1991.22222222,12.2833333333,1924452.48454,286765766820.0,1312529.715,96.30486037,0.641537525463,5.1128240867,465342.0,268815.0,177842410.0,247017.0,189833.0,1526017.12754,278051.523032,214235917.981
2482,2016-12-10,773.40125,16035612.5,12395528462.5,11258173.0415,93491.647041,0.898481719697,0.0,1895.76515152,12.8,1881686.87377,286765766820.0,1287818.0,86.84229837,0.898634741472,5.36514438737,454665.0,250241.0,178092651.0,228523.0,188659.0,1170744.74867,193275.667879,149402091.27
2483,2016-12-11,768.303125,16037950.0,12322438123.5,10790493.5546,93620.550573,0.685657085106,1.0,1238.53191489,6.1,2679978.27476,286765766820.0,1807112.16,77.34598554,1.50571438769,8.00966630478,439143.0,232844.0,178325495.0,265362.0,168897.0,1064341.90546,161208.925503,123861653.732
2484,2016-12-12,777.006875,16039900.0,12460596315.0,19721035.4163,93746.288857,0.806014641026,0.0,1722.19230769,14.575,2223811.75991,286765766820.0,1520295.45,93.1264006,0.739411121446,5.90780513919,498688.0,268662.0,178594157.0,287506.0,185255.0,1692640.2805,276318.051127,214657678.018
2485,2016-12-13,778.4935,16042125.0,12503873910.0,20077997.9099,93891.341303,0.814901382022,0.0,1639.08426966,8.7,2537426.23887,286765766820.0,1739710.08,97.65573127,0.904124408286,6.20506374545,498359.0,291757.0,178885914.0,281967.0,203294.0,1566232.61037,256895.589809,200234698.52
2486,2016-12-14,774.897,16043862.5,12425971506.2,14993051.0509,94016.667577,0.901627870504,0.0,2059.91366906,9.68333333333,1981473.29889,286765766820.0,1354213.25,94.82014754,0.670287211006,4.95631567388,495472.0,286328.0,179172242.0,278259.0,235798.0,1655833.7946,273363.435473,211719980.773
2487,2016-12-15,776.75215,16045450.0,12472128285.0,15357872.5323,94138.006728,0.955426385827,0.0,2225.86614173,14.9,1958064.6378,308312273901.0,1249509.75,100.43219466,0.591153208101,4.64131345812,479430.0,282685.0,179454927.0,274282.0,233091.0,2047186.30565,285532.104288,221944104.663
2488,2016-12-16,781.568375,16047112.5,12573714999.4,17973313.8851,94266.566762,0.966616796992,0.0,2100.45864662,17.025,2050571.62856,310153855703.0,1317539.325,97.57905572,0.57277154967,4.93665881819,495266.0,279361.0,179734288.0,235086.0,207424.0,1883877.69281,307291.634288,240778360.047
2489,2016-12-17,788.7055,16048912.5,12694529298.4,17068492.2553,94384.609484,0.814087737931,1.0,1648.51034483,15.1,2235585.61008,310153855703.0,1439997.295,81.66348442,0.812810746651,6.26799691484,458680.0,239034.0,179973322.0,232272.0,178464.0,1323237.11192,233038.686093,184331270.313
2490,2016-12-18,788.40575,16050675.0,12685169466.0,10243644.9346,94506.069193,0.861416375887,0.0,1672.26241135,9.83333333333,2173914.28291,310153855703.0,1398471.24,80.81959375,0.934870320877,6.1784576097,418498.0,235789.0,180209111.0,281182.0,177716.0,1411672.89554,197173.827491,155830419.343
2491,2016-12-19,789.524125,16052562.5,12697576937.5,15301931.7389,94645.199015,0.915327776316,1.0,1874.02631579,13.85,2343510.43264,310153855703.0,1511601.0,104.70908587,0.714653022927,5.56683782077,508681.0,284852.0,180493963.0,292493.0,194881.0,1851507.45398,280515.022193,221887382.555
2492,2016-12-20,793.0901375,16054287.5,12756094676.0,19671152.5655,94779.111402,0.970379615942,0.0,2148.35507246,10.7166666667,2127660.78753,310153855703.0,1380945.28,101.92528818,0.592460059464,4.89623593709,508908.0,296473.0,180790436.0,321356.0,207795.0,1939201.33163,308362.607571,245012593.472
2493,2016-12-21,824.2189375,16056275.0,13266978907.0,44854043.0263,94932.381938,0.96396563522,0.0,2048.28301887,8.78333333333,2451435.25519,310153855703.0,1659583.38,114.92502583,0.540999354675,5.33409405743,540310.0,325677.0,181116113.0,310432.0,227280.0,2851534.34417,388618.767779,321107915.441
2494,2016-12-22,860.599875,16058262.5,13815565559.2,54177733.5753,95078.635893,0.919836194969,0.0,1978.89308176,8.58333333333,2451435.25519,310153855703.0,1717668.81,106.17675284,0.544028223606,5.72479963876,528878.0,314644.0,181430757.0,300356.0,216607.0,2459189.60193,384847.083661,331099339.957
2495,2016-12-23,901.3182375,16060162.5,14503611550.5,71128607.5418,95213.610311,0.887989592105,0.0,2006.55921053,12.775,2343510.43264,310153855703.0,1720367.4,100.48771495,0.464112249135,5.92333841191,522516.0,304997.0,181735754.0,237189.0,205183.0,2633796.22255,431035.319296,389259376.149
2496,2016-12-24,891.6126125,16061875.0,14365259143.8,36632649.4525,95330.730173,0.85488950365,0.0,1757.81021898,16.325,2112242.95573,310153855703.0,1540552.325,83.58322018,0.801870252053,6.67038846289,420206.0,240820.0,181976574.0,195740.0,177864.0,1526634.41658,223986.762894,200327041.129
2497,2016-12-25,886.900375,16063937.5,14372404881.2,31411463.3442,95438.863856,0.647507083832,2.0,1195.29341317,10.3,2574777.90954,310153855703.0,1867686.25,62.62071481,0.924506427567,9.63716474566,353857.0,199614.0,182176188.0,241536.0,148365.0,1105164.79607,232569.579907,208080003.143
2498,2016-12-26,897.335375,16065712.5,14514728615.2,30528384.4926,95560.396442,0.85586328169,0.0,1724.74647887,13.55,2189332.1147,310153855703.0,1610869.18,87.97239373,0.689956353073,6.87229410666,448557.0,244914.0,182421102.0,292846.0,172836.0,1513037.04038,270013.079151,243946016.49
2499,2016-12-27,930.376,16067662.5,15007357451.6,36349743.3696,95697.152137,0.876639070513,0.0,1900.93589744,13.025,2405181.75981,310153855703.0,1828791.58,99.53217417,0.593601270384,6.45526679165,509115.0,296546.0,182717648.0,301503.0,199187.0,2242009.72892,345270.853758,322486430.118
2500,2016-12-28,967.480375,16069712.5,15706536997.5,58947752.6219,95839.582889,0.868480195122,0.0,1862.15853659,7.66666666667,2589949.67053,312083434211.0,2011489.2,104.35263976,0.644591083512,6.89491041115,514772.0,305394.0,183023042.0,301119.0,206054.0,2063689.69192,334220.049713,326666676.589
2501,2016-12-29,963.381625,16071587.5,15554725246.0,49469080.7609,95980.642562,0.94039782,0.0,2030.7,14.55,2368856.40597,317688400354.0,1831153.28,107.23074067,0.620373372103,6.29826233992,512156.0,304605.0,183327647.0,283433.0,209027.0,1781841.82844,319522.215138,309246380.699
2502,2016-12-30,952.156375,16073550.0,15333684493.5,55218054.0176,96117.500691,0.871707828025,0.0,1826.86624204,8.5,2479403.03825,317688400354.0,1880751.855,100.318724,0.622321738601,6.86103096087,496024.0,286818.0,183614465.0,247437.0,192400.0,2207636.6787,331471.423228,316213793.617
2503,2016-12-31,959.879875,16075400.0,15485593574.0,20372836.6699,96236.480193,0.803915554054,0.0,1691.03378378,12.275,2337271.65389,317688400354.0,1785013.43,82.32831226,0.896620360151,7.43760288358,449831.0,250273.0,183864738.0,176753.0,174427.0,1379308.87091,215512.428464,207605277.463
2504,2017-01-01,997.729875,16077350.0,16144874870.0,33991911.059,96345.452397,0.698539769231,0.0,1157.06410256,10.85,2463610.66221,317688400354.0,1961202.6,65.07949883,1.18518599585,11.2106393986,355324.0,180502.0,184045240.0,290282.0,123002.0,1084340.88488,170022.216419,170736309.728
2505,2017-01-02,1015.9771125,16079337.5,16441122593.8,57597031.9814,96496.686192,0.94521121875,1.0,1835.5125,9.81666666667,2526780.16637,317688400354.0,2060337.5,113.9071518,0.7598193292,7.35989969666,529708.0,293682.0,184338922.0,297650.0,202393.0,1600838.41441,278211.815699,284471581.552
2506,2017-01-03,1023.141875,16081387.5,16604032593.8,41550985.5157,96645.364249,0.906573518293,0.0,1839.41463415,12.35,2589949.67053,317688400354.0,2141405.0,117.50869676,0.656891694783,7.41869341189,515023.0,301664.0,184640586.0,326689.0,200407.0,1950525.35497,329964.393518,340688236.307
2507,2017-01-04,1126.7633375,16083300.0,18278670450.0,143134274.57,96797.229978,0.986141097403,1.0,2143.92207792,10.7,2432025.91013,317688400354.0,2308231.5,195.73590001,0.548795241615,7.30005800257,545635.0,330164.0,184970750.0,284086.0,215669.0,2503952.37923,386434.819254,439183172.082
2508,2017-01-05,994.674875,16085050.0,16020709800.0,208498259.793,96935.017543,0.984196892857,0.0,2060.72142857,10.9166666667,2210932.64557,317688400354.0,1773876.0,114.99194252,0.354100511989,6.43856338366,495909.0,288501.0,185259251.0,284086.0,193322.0,2998215.11155,526684.339439,524577602.081
2509,2017-01-06,883.099175,16087062.5,14246702550.0,134165115.238,97093.494767,0.984330583851,0.0,2151.58385093,11.4833333333,2542572.54241,317688400354.0,1805295.6,127.77072194,0.442388465552,5.4716985937,562749.0,346405.0,185605656.0,342362.0,233379.0,3100652.30632,483798.943372,428452344.251
2510,2017-01-07,896.830375,16088787.5,14507903240.2,97175659.2799,97230.734559,0.987336633094,1.0,2048.3381295,10.4333333333,2195140.26953,317688400354.0,1583004.57,107.1366432,0.536127911368,5.84219053396,503340.0,284719.0,185890375.0,280726.0,187066.0,2162212.68056,344066.519218,310258543.04
2511,2017-01-08,908.1490375,16090875.0,14753884196.2,55303632.4843,97366.074605,0.810419437126,0.0,1557.49101796,6.63333333333,2637326.79865,317688400354.0,1915883.445,91.2413482,0.944654826342,7.6805153751,455738.0,260101.0,186150476.0,256862.0,176421.0,1679995.29933,230638.883902,211475099.039
2512,2017-01-09,894.18025,16092575.0,14483317500.0,41076985.1655,97491.603035,0.923003161765,0.0,1984.90441176,10.7166666667,2147763.14141,317688400354.0,1548900.0,102.04592665,0.605686334901,6.00799910347,475571.0,269947.0,186420423.0,267011.0,174250.0,2095379.05522,297521.311414,267769180.272
2513,2017-01-10,906.056914286,16094575.0,14668273763.5,31485218.7143,97645.158313,0.9597204875,0.0,2024.3,10.7166666667,2679581.83959,319489481520.0,1842810.36,119.94087094,0.679689577108,5.96524635355,541167.0,323888.0,186744311.0,320848.0,213386.0,2359325.55048,311898.393375,284257957.754
2514,2017-01-11,785.2237375,16096487.5,12637835230.9,131253668.408,97786.379815,0.923016352941,0.0,1980.77124183,15.275,2562350.13411,336899932795.0,1522759.635,111.82087465,0.408260694594,5.24439232198,491692.0,303058.0,187047369.0,299020.0,198078.0,3980330.05363,495840.25635,389299060.468
2515,2017-01-12,803.372375,16098637.5,12943143563.6,76636270.256,97925.266693,0.802814323699,1.0,1721.13294798,8.5,2897297.86406,336899932795.0,1750688.225,106.35637276,0.574768205377,6.12628405518,483077.0,297756.0,187345125.0,294259.0,189880.0,3589294.90458,394742.846166,317369300.889
2516,2017-01-13,826.2956625,16100512.5,13333156411.5,55509952.1156,98052.337945,0.841531470199,1.0,1822.17880795,8.98333333333,2528855.36111,336899932795.0,1577154.54,97.90853957,0.639843317073,5.97551333928,466560.0,275149.0,187620274.0,271629.0,179515.0,2386792.84946,310296.050079,256962364.991
2517,2017-01-14,817.912875,16102662.5,13128500736.2,27475928.3064,98180.093807,0.742766639535,0.0,1408.54069767,6.83333333333,2880550.47756,336899932795.0,1759417.4,86.85666196,1.17918612826,7.52762110091,446468.0,242269.0,187862543.0,238971.0,172353.0,1500321.7196,189694.960647,154658301.416
2518,2017-01-15,822.2076,16104750.0,13217812515.0,15757955.9717,98293.164106,0.677067658683,0.0,1413.16766467,7.0,2796813.54507,336899932795.0,1716577.71,82.22432059,1.11974647003,7.54570798555,417278.0,235999.0,188098542.0,232132.0,167553.0,1725125.55521,193769.248545,159034173.051
2519,2017-01-16,830.505125,16106862.5,13370306561.2,22109924.9063,98421.322687,0.758334798817,0.0,1583.66863905,12.6,2830308.31807,336899932795.0,1769358.15,103.64270285,0.888538713469,6.87348698863,473646.0,267640.0,188366182.0,264758.0,178460.0,2087940.54586,249414.310177,207038818.878
2520,2017-01-17,903.84575,16108837.5,14562228011.6,66791560.4066,98563.560923,0.900242,0.0,1852.51265823,15.15,2646087.0666,336899932795.0,1808883.99,109.39305302,0.64494930195,6.43761458436,502461.0,292697.0,188658879.0,288284.0,192960.0,2310740.48936,323187.11668,292157921.608
2521,2017-01-18,874.9949625,16110712.5,14128772648.2,51289482.2488,98698.635306,0.894532337748,1.0,1978.48344371,12.425,2528855.36111,336899932795.0,1672839.35,108.62581158,0.675432853006,5.85960353016,500305.0,298751.0,188957630.0,295079.0,201646.0,1939717.75127,295532.827978,259176379.48
2522,2017-01-19,895.798875,16112887.5,14500148590.1,43734448.3377,98843.815467,0.834368741379,0.0,1727.61494253,10.025,2914045.25056,336899932795.0,1969902.99,112.3957332,0.877781716498,6.84769146975,516338.0,300605.0,189258235.0,296740.0,202899.0,2603895.11021,260588.218028,234505943.286
2523,2017-01-20,893.6210875,16115250.0,14465048400.0,27016866.7628,98980.325025,0.722272793651,0.0,1578.71428571,10.9,3165256.04802,336899932795.0,2134044.0,104.84963495,0.961206802678,7.42246564692,516009.0,298377.0,189556612.0,295214.0,198629.0,2588414.22285,256692.901889,230407548.736
2524,2017-01-21,920.4479,16117512.5,14894193301.2,31572727.7097,99105.774104,0.693088834254,0.0,1456.14364641,9.925,3031276.95604,336899932795.0,2095396.75,94.58963263,1.05704449747,8.26441797191,484668.0,263562.0,189820174.0,260542.0,182888.0,1533463.23287,222988.685743,206063844.495
2525,2017-01-22,918.603625,16119687.5,14797873125.0,41096750.8557,99223.147506,0.674559781609,0.0,1361.4137931,9.975,3398969.89226,339477557142.0,2002158.0,87.1148655,0.98429059623,8.76633252505,428797.0,236886.0,190057060.0,233672.0,163626.0,1135726.93182,229821.850799,210976459.034
2526,2017-01-23,922.0736125,16121412.5,14863942325.0,24607895.5301,99349.544946,0.909334100719,1.0,1702.82014388,14.475,2715269.05187,392963262344.0,1639777.0,110.16262179,0.85863957068,7.19730678388,426712.0,236692.0,190293752.0,234193.0,158453.0,1530243.9159,215184.890713,198400469.238
2527,2017-01-24,890.320225,16123275.0,14334397638.8,43906538.8674,99494.619944,0.973657704698,0.0,1866.95973154,24.275,2910612.14912,392963262344.0,1723423.425,143.1652105,0.76136012345,6.41007939332,497858.0,278177.0,190571929.0,275603.0,192356.0,1956073.13571,263431.869982,234204104.007
2528,2017-01-25,893.045625,16125137.5,14391685218.8,29651242.1492,99642.806283,0.987908926667,1.0,2039.74,12.5666666667,2930146.45885,392963262344.0,1721632.5,135.6068154,0.660323299877,5.86501738047,514638.0,305961.0,190877890.0,302881.0,220010.0,1938599.44572,304488.243225,271755757.078
2529,2017-01-26,915.95625,16127075.0,14770949263.2,26226846.7075,99798.738874,0.993201216561,2.0,2024.86624204,10.2166666667,3066886.62693,392963262344.0,1834109.775,125.18892663,0.829827475908,6.01481945741,518118.0,317904.0,191195794.0,313554.0,222117.0,2132882.68827,251581.080073,230425627.05
2530,2017-01-27,919.27975,16129200.0,14801282964.0,24900535.1567,99941.144441,0.837679805882,0.0,1549.01176471,10.225,3320832.65336,392963262344.0,1976661.18,114.04371837,1.18807408784,7.80271007335,462950.0,263332.0,191459126.0,260698.0,179074.0,1800256.17838,188459.940443,172944033.546
2531,2017-01-28,920.31225,16131100.0,14818028460.0,12103240.4581,100074.519225,0.877465684211,0.0,1621.01973684,16.925,2969215.0783,392963262344.0,1787595.6,122.5350693,1.67446360643,7.54033448186,461291.0,246395.0,191705521.0,242288.0,180418.0,1249362.25323,120787.042581,110954977.315
2532,2017-01-29,915.933,16133187.5,14735246803.1,8485259.81217,100218.55533,0.862491646707,0.0,1446.86826347,13.025,3262229.72419,392963262344.0,1944065.475,119.8377983,1.53901664494,8.34373632946,438727.0,241627.0,191947148.0,237157.0,170909.0,1375857.61441,143425.20632,130997412.192
2533,2017-01-30,921.179325,16134987.5,14820631418.2,14680425.2805,100358.087817,0.955701965753,2.0,1718.00684932,10.4333333333,2852009.21995,392963262344.0,1736959.14,137.40589477,1.21847516822,7.18636326175,449341.0,250829.0,192197977.0,246218.0,163899.0,1478650.01857,161054.237785,147934759.575
2534,2017-01-31,964.706075,16136800.0,15554584256.0,50109300.3575,100497.222034,0.959546324138,0.0,2121.95172414,23.925,2832474.91022,392963262344.0,1817471.16,145.66158893,0.859703939715,6.13459670765,523036.0,307683.0,192505660.0,302946.0,213057.0,1791768.77982,227771.619795,219553619.753
2535,2017-02-01,979.703875,16139200.0,15815286256.0,35717457.4339,100681.981604,0.962289427083,0.0,1825.83333333,13.475,3750587.46733,392963262344.0,2400828.5,154.9165724,0.942268278538,7.14182849382,599052.0,350560.0,192856220.0,344621.0,231385.0,2078948.61655,271145.344759,265703457.69
2536,2017-02-02,1007.6137125,16141162.5,16260607102.5,49171054.9127,100825.472789,0.913956592357,0.0,1653.24203822,15.35,3066886.62693,392963262344.0,2047540.5,142.30055361,1.01901763831,8.16914873962,452585.0,259559.0,193115779.0,254199.0,171605.0,1851685.66568,206551.925548,208080409.798
2537,2017-02-03,1013.027,16143025.0,16352884325.0,54515239.4869,100970.12485,0.970819201342,0.0,2171.56375839,16.4666666667,2910612.14912,392963262344.0,1970791.5,162.42120704,0.766202642543,6.339554222,560374.0,323563.0,193439342.0,318987.0,214257.0,2438292.66081,264280.112676,267715754.141
2538,2017-02-04,1030.9994125,16144825.0,16666302847.5,43595760.4769,101108.233443,0.952473055172,1.0,1974.66206897,21.35,3043000.84287,393567551403.0,1935046.35,139.35303348,0.91647805179,7.03707622242,500098.0,286326.0,193725668.0,281343.0,195848.0,2125684.60324,212973.243567,219852279.335
2539,2017-02-05,1014.837725,16146812.5,16350262337.5,32909742.4906,101260.546635,0.957944603774,0.0,1837.11320755,16.675,3336807.8208,422170566883.0,2069248.1,136.17869567,1.13563006576,7.36196400298,510277.0,292101.0,194017769.0,286914.0,199580.0,1800248.44229,187004.444467,189360700.467
2540,2017-02-06,1024.01375,16148375.0,16511713437.5,27544311.1141,101382.9468,0.97920132,0.0,1840.216,18.2833333333,2623276.58868,422170566883.0,1694793.75,154.93020175,0.803080174765,7.63420112113,440409.0,230027.0,194247796.0,225330.0,151760.0,1679402.41656,213855.385267,218667131.436
2541,2017-02-07,1050.11,16150262.5,16965850756.2,40471212.3532,101525.744594,0.945680754967,0.0,2154.09271523,23.875,3168918.11913,422170566883.0,2077363.75,170.75671139,0.81571073712,6.6474374218,557390.0,325268.0,194573064.0,320854.0,224817.0,2038903.52208,252326.789109,265069291.959
2542,2017-02-08,1052.3766125,16152087.5,16925772491.3,63366305.5174,101666.069387,0.961128719178,0.0,2111.75342466,13.0333333333,3063987.05558,422170566883.0,2002536.9,157.14493504,0.773743113537,6.73688578416,516490.0,308316.0,194881380.0,302557.0,209157.0,1959826.10629,256176.100357,268446935.564
2543,2017-02-09,976.103,16154200.0,15798807600.0,141974564.616,101827.638511,0.956030319527,0.0,2050.55621302,16.625,3546669.9479,422170566883.0,2148177.0,174.18568718,0.631039539453,6.45337562348,575007.0,346544.0,195227924.0,340140.0,246187.0,3197018.87219,362368.052113,354395954.967
2544,2017-02-10,999.1035,16156037.5,16112416198.8,64475260.1991,101970.865804,0.96775197973,1.0,2057.13513514,10.4333333333,3105959.481,422170566883.0,1914816.0,141.11220269,0.67123567211,6.52224360743,507435.0,304456.0,195532380.0,299823.0,198306.0,2778948.34104,296633.847905,295832936.516
2545,2017-02-11,1008.8466625,16157775.0,16190090550.0,29598254.942,102104.814725,0.963661302158,0.0,1889.82733813,17.1583333333,2917083.56661,422170566883.0,1792077.0,117.08000976,1.14391337477,7.0741842724,474676.0,262686.0,195795066.0,259093.0,184468.0,1418142.39805,162125.913611,162450165.438
2546,2017-02-12,1000.604625,16159525.0,16104421019.8,14753502.2944,102227.124457,0.867444907801,1.0,1689.23404255,13.975,2959055.99203,422170566883.0,1790373.935,102.74261946,1.59105874414,7.80446105133,422084.0,238182.0,196033248.0,235095.0,166527.0,956506.555916,117232.79397,116833030.142
2547,2017-02-13,999.877375,16161562.5,16132310071.9,29689012.9491,102375.529789,0.910462159509,0.0,1768.65030675,9.26666666667,3420752.67164,422170566883.0,2090708.955,136.77242215,1.12283863603,7.52831173147,503160.0,288290.0,196321538.0,284458.0,190031.0,1591074.64555,193640.684634,193290194.995
2548,2017-02-14,1011.78025,16163675.0,16370570040.0,39199176.3512,102525.049711,0.884733266272,0.0,1864.40236686,12.775,3546669.9479,422170566883.0,2198282.4,140.99131586,0.99198943037,7.24357950484,530239.0,315084.0,196636622.0,311031.0,207875.0,1925169.97318,227168.883747,230076645.459
2549,2017-02-15,1012.3259875,16165412.5,16390111733.8,22919392.205,102655.721987,0.940088316547,0.0,2120.76258993,19.275,2917083.56661,422170566883.0,1822485.25,134.04888989,0.936457961022,6.43708798742,495896.0,294786.0,196931408.0,291325.0,199797.0,1750347.68365,199854.02098,202631991.872
2550,2017-02-16,1035.208125,16167300.0,16762256640.0,41105343.501,102803.787327,0.974114078947,1.0,1877.16447368,11.6333333333,3189904.33184,422170566883.0,2071526.4,170.92843209,0.990005981607,7.52513273586,489189.0,285329.0,197216737.0,281408.0,191928.0,2996789.97501,209183.426218,216881376.303
2551,2017-02-17,1055.53685,16169187.5,17119935725.0,50584844.509,102950.117682,0.969075198675,0.0,2117.66225166,12.8666666667,3168918.11913,422170566883.0,2094835.8,165.84442388,0.791229783415,6.79895385079,550072.0,319767.0,197536504.0,315601.0,209538.0,2501945.95774,259513.034888,274772401.34
2552,2017-02-18,1056.6371375,16171075.0,17138105285.0,29732832.5167,103096.374718,0.962217342105,1.0,1895.71710526,10.7666666667,3330515.74407,432944392643.0,2102643.2,153.36709614,1.22463916273,7.55219851011,510385.0,288149.0,197824653.0,284460.0,199746.0,1252864.20271,167671.193167,177697930.518
2553,2017-02-19,1052.77928571,16172750.0,17086510375.0,18054662.2988,103221.112954,0.930882358209,0.0,1878.51492537,11.5166666667,2936112.56385,440779902286.0,1835140.5,129.44377921,1.11179604978,7.57344382366,458998.0,251721.0,198076374.0,248233.0,169258.0,1419255.29317,162299.891205,171469835.058
2554,2017-02-20,1084.7550125,16174600.0,17714421920.0,32526100.4137,103361.909703,0.951329385135,0.0,1910.32432432,17.125,3242870.59291,440779902286.0,2121402.4,159.91401438,1.13082994074,7.78577936585,503952.0,282728.0,198359102.0,278516.0,182905.0,1561277.91468,177737.955281,194658608.624
2555,2017-02-21,1123.78842857,16176325.0,18279247250.0,67820657.9251,103492.96381,0.949667442029,0.0,2022.39130435,12.2833333333,3023757.71501,440779902286.0,2066770.0,165.81707207,0.892282565757,7.6556784243,487720.0,279090.0,198638192.0,275202.0,189194.0,1754148.40967,211907.880377,239455904.826
2556,2017-02-22,1123.2231875,16178050.0,18237515765.0,59657200.0933,103628.810159,0.977311863309,1.0,2043.3381295,16.1333333333,3045669.0028,440779902286.0,2084941.35,183.25580355,0.968827963625,7.62353891693,489247.0,284024.0,198922216.0,280309.0,189154.0,2560354.04829,198255.611488,223493550.83
2557,2017-02-23,1172.01715,16179925.0,19140851275.0,70101141.97,103772.917016,0.96071238,0.0,2172.75333333,11.9833333333,3286693.16849,440779902286.0,2381379.0,211.65472424,0.749112552971,7.57414567316,551454.0,325913.0,199248129.0,322248.0,220819.0,3342958.48697,278550.227995,329524919.718
2558,2017-02-24,1174.86625,16181962.5,19102806731.2,137557162.437,103934.214596,0.971672168675,3.0,2112.95783133,20.875,3637273.77313,440779902286.0,2628973.5,230.61490244,0.721000656355,7.75985925152,590852.0,350751.0,199598880.0,346494.0,240873.0,1957414.54834,319779.861796,377500126.85
2559,2017-02-25,1150.60571429,16184050.0,18587381425.0,44343352.2449,104095.592105,0.966332389222,0.0,1955.21556886,10.6333333333,3659185.06092,440779902286.0,2521531.75,191.30417997,1.14855288347,8.01543116889,561871.0,326521.0,199925401.0,323031.0,231099.0,1233214.1553,198406.55252,227869925.569
2560,2017-02-26,1175.04975,16186275.0,19133795677.5,32750847.1231,104259.663757,0.921750853933,0.0,1489.90449438,11.0,3900209.22661,440779902286.0,2725922.6,161.17260121,1.41261188934,10.6359831219,462926.0,265203.0,200190604.0,261607.0,185121.0,1128100.26651,168919.192825,199679377.838
2561,2017-02-27,1190.75195,16188075.0,19325323935.0,39226303.2747,104395.765252,0.945149270833,0.0,1976.07638889,12.1666666667,3155225.44175,440779902286.0,2305227.8,195.38746144,0.902412939747,8.37129395536,501496.0,284555.0,200475159.0,280623.0,187473.0,1881223.05021,221116.89378,263969347.795
2562,2017-02-28,1187.56528571,16189987.5,19241800143.8,44954233.9267,104543.905057,0.968234019608,0.0,2126.88888889,12.55,3352427.03186,440779902286.0,2451281.25,227.3714723,0.998213044149,7.81538976451,542156.0,325414.0,200800573.0,321282.0,207820.0,1954778.73834,214370.217344,254779003.314
2563,2017-03-01,1222.4994,16191787.5,19898087658.8,60151968.3772,104684.902074,0.979145951389,0.0,2193.63194444,14.3833333333,3155225.44175,440779902286.0,2416017.4,229.59036693,0.865773229301,7.89584625295,531642.0,315883.0,201116456.0,311841.0,198193.0,2493836.06705,234425.170269,288085091.743
2564,2017-03-02,1259.41081667,16193750.0,20387931250.0,83439118.7659,104834.93321,0.95561233121,0.0,2098.26751592,23.25,3440072.18302,440779902286.0,2702443.5,252.22663973,0.641910290937,8.46418895607,565741.0,329428.0,201445884.0,325010.0,222994.0,2742003.35845,345021.207948,434381700.806
2565,2017-03-03,1285.14,16195637.5,20890752811.2,64767014.9663,104983.712007,0.985290046358,0.0,2233.8410596,19.95,3458650.32319,445545600358.0,2670737.95,259.68606189,0.649518049969,8.21100857144,583122.0,337310.0,201783194.0,332794.0,220969.0,4558368.40204,330581.430646,426416987.39
2566,2017-03-04,1267.0272,16197287.5,20515484347.5,30448848.5111,105115.847433,0.986085268657,2.0,2006.52985075,21.15,3069265.84972,460769358090.0,2317878.0,222.87178018,0.931723487706,8.94037897453,489871.0,268875.0,202052069.0,265535.0,184531.0,1997534.74539,203694.744763,257999763.717
2567,2017-03-05,1270.9333,16199125.0,20636065337.5,27572866.8123,105260.392726,0.983301312925,0.0,1909.78911565,12.1166666667,3367030.44708,460769358090.0,2524232.85,216.69618574,1.18837067814,9.32125754175,524842.0,280739.0,202332808.0,277612.0,201958.0,1232770.74084,172858.201867,220204063.358
2568,2017-03-06,1275.197375,16200900.0,20707990380.0,38898409.9837,105397.49835,0.96553256338,0.0,2026.27464789,13.8833333333,3252505.60194,460769358090.0,2484820.8,238.98093612,0.880394613734,8.94679555748,537228.0,287731.0,202620539.0,283724.0,178085.0,1915378.9598,228758.888878,292399611.764
2569,2017-03-07,1238.447,16202812.5,20046119625.0,102987980.749,105546.652201,0.974861771242,0.0,2143.1503268,14.0333333333,3504460.26124,460769358090.0,2609873.4,269.77191295,0.810266490044,8.23388332704,571328.0,327902.0,202948441.0,323888.0,214874.0,2099918.94174,269327.676729,333212201.649
2570,2017-03-08,1157.3933,16204587.5,18785978288.8,101928717.123,105685.730847,0.979427084507,0.0,2092.30985915,13.7666666667,3252505.60194,460769358090.0,2250201.3,233.7307623,0.771297783585,7.83796320777,526232.0,297108.0,203245549.0,293288.0,200261.0,2522734.84457,260435.17887,301922502.864
2571,2017-03-09,1192.46914286,16206437.5,19314832212.5,64999435.16,105832.516983,0.991798216216,0.0,2051.56756757,13.2,3389935.4161,460769358090.0,2399093.4,236.67178552,0.941249135382,8.19049189144,541481.0,303632.0,203549181.0,299497.0,204173.0,5699545.52328,221691.761201,264212241.0
2572,2017-03-10,1098.61712857,16208387.5,17733596763.8,227913163.147,105987.241113,0.991821346154,0.0,1977.44871795,10.0833333333,3573175.16833,460769358090.0,2329338.9,257.91797636,0.803847837186,7.83087200529,551014.0,308482.0,203857663.0,304333.0,206104.0,2751691.90467,274668.646754,300514966.414
2573,2017-03-11,1179.159875,16210250.0,19011381200.0,82143460.8364,106135.879995,0.997576389262,0.0,1883.76510067,15.675,3412840.38513,460769358090.0,2359087.2,217.66771727,0.995369203823,8.69179138885,518975.0,280681.0,204138344.0,275869.0,199819.0,1651256.1743,208984.53652,245097064.43
2574,2017-03-12,1227.494625,16212187.5,19853444812.5,52464174.422,106284.702697,0.960146464516,0.0,1426.51612903,14.375,3550270.1993,460769358090.0,2509817.7,190.62879952,1.22006776037,11.7864706612,422478.0,221110.0,204359454.0,217002.0,159553.0,1201859.26651,174427.09894,213603425.362
2575,2017-03-13,1239.816225,16214000.0,20016183000.0,67990532.0204,106427.219182,0.982872310345,0.0,1883.30344828,17.175,3321220.50902,460769358090.0,2417768.25,220.75092528,0.822339361927,9.19165614074,516184.0,273079.0,204632533.0,267429.0,177078.0,2089770.02013,247252.049387,305232654.968
2576,2017-03-14,1245.37078571,16215950.0,20209938485.0,51575349.1913,106577.361282,0.962449358974,0.0,1989.71153846,15.9,3573175.16833,460769358090.0,2657111.6,256.53171308,0.806628081048,8.8596803235,561534.0,310395.0,204942928.0,305173.0,209618.0,2703063.85044,273550.074058,340925457.299
2577,2017-03-15,1257.399625,16217725.0,20421359320.0,48633668.4881,106717.086949,0.983983570423,0.0,2059.3943662,13.7833333333,3252505.60194,460769358090.0,2446625.6,236.25501962,0.788573538836,8.66032103211,526478.0,292434.0,205235362.0,287668.0,196607.0,2274799.15523,255049.772858,321158673.983
2578,2017-03-16,1180.94565714,16219637.5,19100245120.0,125468036.183,106868.290749,0.988260130719,0.0,2137.47712418,14.25,3504460.26124,460769358090.0,2470016.0,264.55158129,0.514312537616,7.83923366417,594405.0,327034.0,205562396.0,321647.0,195664.0,3316344.04046,423293.507754,498470434.731
2579,2017-03-17,1091.1718875,16221562.5,17666903718.8,145734375.199,107021.605249,0.995548701299,0.0,1897.37662338,9.9,3641704.8372,469886043903.0,2279486.3,244.58901754,0.454939809532,8.08669317514,532933.0,292196.0,205854592.0,287239.0,187317.0,3122262.97578,476895.838105,519387257.28
2580,2017-03-18,952.2323625,16223525.0,15295539370.0,167014110.784,107169.506521,0.942046318471,0.0,1678.53503185,10.4333333333,3712647.13922,475705205061.0,1983179.8,217.05770532,0.572618794756,7.79754488891,505650.0,263530.0,206118122.0,258496.0,183501.0,2599334.28132,380629.788138,358857764.257
2581,2017-03-19,1029.8008125,16225587.5,16629604628.8,94921242.9058,107317.198934,0.889713331325,1.0,1633.96987952,8.61666666667,3925474.04529,475705205061.0,2267078.8,213.24681536,0.931147935115,8.64633832547,512175.0,271239.0,206389361.0,266278.0,185919.0,6359489.42599,245744.712421,251863755.76
2582,2017-03-20,1049.0844875,16227287.5,16908833575.0,58718869.9629,107450.123614,0.977387352941,0.0,2037.00735294,11.95,3216051.02506,475705205061.0,1948540.0,241.15787713,0.668188485579,7.30124753358,512637.0,277033.0,206666394.0,272808.0,176246.0,3296575.00979,290510.524953,302711967.001
2583,2017-03-21,1118.63004286,16229062.5,18168435468.8,78169421.5198,107589.56816,0.98200384507,0.0,2028.55633803,10.3,3357935.62911,475705205061.0,2188622.5,248.6366135,0.66897772948,7.86468274744,541181.0,288055.0,206954449.0,283124.0,195500.0,6200927.72224,302496.858165,338645232.716
2584,2017-03-22,1028.7268625,16231050.0,16558917210.0,97353030.7962,107747.718917,0.982302838509,2.0,1992.00621118,13.3,3807236.87526,475705205061.0,2248010.7,269.31219918,0.61549792262,7.25852960623,572753.0,320713.0,207275162.0,315238.0,206407.0,5359150.98783,370726.222676,378214892.375
2585,2017-03-23,1038.789,16232900.0,16770208990.0,47857364.1617,107890.552076,0.965088912162,0.0,1945.07432432,10.95,3499820.23315,475705205061.0,2076531.0,235.99807634,0.690922090232,7.48614696398,537474.0,287871.0,207563033.0,282350.0,183630.0,2379458.03192,301915.093732,311908483.335
2586,2017-03-24,941.919714286,16235100.0,15205794660.0,83342548.5898,108043.661082,0.869937534091,0.0,1645.00568182,6.75,4161948.38537,475705205061.0,2189770.8,231.55050182,0.578077402899,7.86606222003,540389.0,289521.0,207852554.0,283721.0,180849.0,3876256.75353,420627.149518,393959388.238
2587,2017-03-25,959.340085714,16236762.5,15551246387.2,104602038.369,108168.671098,0.939924932331,0.0,1826.87969925,9.55,3145108.72304,475705205061.0,1696707.27,182.00765156,0.556281468798,7.27084077996,490876.0,242975.0,208095529.0,238389.0,166144.0,3359560.98986,331578.122771,317578894.427
2588,2017-03-26,956.7863125,16238837.5,15443296850.9,71646630.0478,108281.01045,0.676743084337,0.0,1336.8373494,7.2,3925474.04529,475705205061.0,2046573.52,154.65177428,0.939616626701,9.55510503507,468755.0,221915.0,208317444.0,217800.0,153470.0,1772687.27306,237293.776091,225668754.0
2589,2017-03-27,1037.22925,16240487.5,16789415977.5,79080569.2412,108399.935884,0.900950257576,0.0,1759.78030303,19.425,3121461.28903,475705205061.0,1848434.4,194.84378734,0.607262620484,8.21038915564,459507.0,232291.0,208549735.0,227049.0,153873.0,2337117.33449,303796.69769,314065026.072
2590,2017-03-28,1046.127625,16242425.0,16971709882.5,70342663.945,108552.716861,0.985683722581,0.0,1896.78064516,10.7,3665352.27121,475705205061.0,2192722.65,233.22176362,0.530614189382,7.71489610854,553956.0,294001.0,208843736.0,288024.0,202688.0,2332205.31071,409096.063969,427464477.241
2591,2017-03-29,1040.5755,16244150.0,16879296265.0,61677763.7339,108687.014375,0.973170391304,0.0,2057.47101449,19.675,3263345.89308,475705205061.0,1943117.0,212.93579722,0.75123389426,7.09224807045,534779.0,283931.0,209127667.0,278596.0,200692.0,1812147.84263,257967.034239,268053545.278
2592,2017-03-30,1037.90455,16246200.0,16896048000.0,65011056.2651,108844.872591,0.962550097561,0.0,1760.90243902,12.2,4073274.0332,482855238677.0,2262000.0,203.40448684,0.693251067977,8.11509019181,521047.0,288788.0,209416455.0,283301.0,189341.0,2164789.7448,325048.830205,338050783.413
2593,2017-03-31,1079.54931429,16247887.5,17563966387.5,75018988.1681,108974.543848,0.96052782963,0.0,1921.5037037,20.475,3352999.96635,499635929816.0,1987418.5,217.27700693,0.449457358933,7.93770289662,489451.0,259403.0,209675858.0,253693.0,167372.0,3573848.96368,423794.82037,458122200.82
2594,2017-04-01,1086.92957143,16249537.5,17720120643.8,40562346.1917,109102.208306,0.967154984848,0.0,1938.41666667,21.175,3278488.85599,499635929816.0,1942180.5,190.64263242,0.728672484258,7.84465918629,502790.0,255871.0,209931729.0,251056.0,182969.0,2859605.75589,252602.187153,275462685.091
2595,2017-04-02,1099.169125,16251512.5,17970922522.5,59295644.2559,109232.443528,0.824273556962,0.0,1545.58860759,12.625,3924251.81247,499635929816.0,2296746.6,180.73640574,0.853507251231,9.76160537531,501562.0,244203.0,210175932.0,239570.0,169289.0,4026308.73617,252573.882955,279296199.772
2596,2017-04-03,1141.813,16253712.5,18556863561.2,90396475.1701,109387.0221,0.878287340909,0.0,1637.16477273,8.18333333333,4371318.47465,499635929816.0,2669294.6,221.03918997,0.783403253303,9.59287447183,564024.0,288141.0,210464073.0,282680.0,179599.0,4163240.21378,309041.247884,352832392.709
2597,2017-04-04,1141.6003625,16255275.0,18537515610.0,67370298.1789,109509.254778,0.977861424,0.0,2048.12,11.5833333333,3104629.59848,499635929816.0,1939250.2,200.30284512,0.58795146193,7.85227570484,496730.0,256015.0,210720088.0,251099.0,167982.0,2476603.4984,299821.151789,341916041.501
2598,2017-04-05,1133.07931429,16257300.0,18469918530.0,58001639.013,109665.885846,0.966858444444,0.0,1954.04320988,20.625,4023599.95962,499635929816.0,2485786.8,236.29861443,0.700988193571,8.11568718186,577216.0,316555.0,211036643.0,311013.0,209789.0,2295660.84995,322587.261122,366491387.361
2599,2017-04-06,1196.3079375,16259137.5,19525598223.8,92291084.789,109809.614344,0.977744884354,0.0,1975.95238095,11.5333333333,3651044.40781,499635929816.0,2391592.35,221.71976913,0.662280350123,8.51364887593,548639.0,290465.0,211327108.0,284981.0,191713.0,2045375.1946,310928.713006,373394291.449
2600,2017-04-07,1190.45425,16261162.5,19415828025.0,60427563.1958,109967.983293,0.977586104938,0.0,1823.84567901,15.65,4023599.95962,499635929816.0,2599338.0,225.14679282,0.692814402854,9.09310225181,542131.0,295463.0,211622571.0,290414.0,191454.0,5893220.18629,324783.489424,387791486.372
2601,2017-04-08,1181.1498375,16262875.0,19268254300.0,31335396.1477,110101.480134,0.97442949635,0.0,1656.6350365,13.65,3402674.03993,499635929816.0,2143895.6,171.61302076,1.14157000722,9.8356844496,468193.0,226959.0,211849530.0,223024.0,156151.0,9838136.84091,165045.771074,195546229.569
2602,2017-04-09,1208.8005,16264862.5,19815481983.8,45470746.3671,110248.628575,0.925461893082,0.0,1498.65408805,7.6,3949088.84926,499635929816.0,2532236.55,168.05979031,1.1838784207,11.0208677494,489532.0,238286.0,212087816.0,234391.0,168049.0,1512371.72668,182076.111248,221823326.333
2603,2017-04-10,1207.744875,16266700.0,19759160490.0,41204040.5529,110384.508879,0.918110162162,1.0,1861.45945946,15.175,3675881.4446,499635929816.0,2406320.7,198.63497273,0.898658723724,9.03271518053,548200.0,275496.0,212363312.0,270502.0,173622.0,2088750.28876,227965.847173,276910114.561
2604,2017-04-11,1226.6170375,16268787.5,20153773955.0,39985187.8193,110545.301805,0.962831892216,0.0,1843.67065868,15.55,4147785.14356,499635929816.0,2769337.4,226.34667638,0.804764101136,9.30970584813,582103.0,307893.0,212671205.0,302546.0,193400.0,2024632.20662,287518.624789,356178072.388
2605,2017-04-12,1218.92205,16270562.5,20033943606.2,41882984.8895,110684.826361,0.982567295775,0.0,1958.40140845,16.3,3526859.22387,499635929816.0,2357939.5,212.1552116,0.753654945648,8.79843869512,548651.0,278093.0,212949298.0,273122.0,183991.0,2068435.88266,263669.099908,324655762.716
2606,2017-04-13,1180.0237125,16272150.0,19349213565.0,61700362.5584,110808.394859,0.972980299213,0.0,1800.62204724,13.1833333333,3287972.00662,517807877352.0,2072006.75,216.66765492,0.726301789138,9.38142880835,449521.0,228679.0,213177977.0,224281.0,152565.0,2143228.00546,248404.682723,295378008.226
2607,2017-04-14,1185.26005714,16273887.5,19626308325.0,43219939.6909,110946.715061,0.995109366906,0.0,2087.82733813,15.9166666667,3598646.52693,520808749422.0,2292003.0,235.48446532,0.664859951414,8.19901334621,558990.0,290208.0,213468185.0,284730.0,196552.0,2216168.37031,296751.889044,357882778.187
2608,2017-04-15,1184.88067143,16275762.5,19498363475.0,21547006.6688,111096.468465,0.991744397351,1.0,1801.16556291,16.1,3909321.04724,520808749422.0,2416965.0,202.57239533,0.902678556808,9.20635177223,520821.0,271976.0,213740161.0,267026.0,192826.0,1615444.75654,231541.159316,277386308.86
2609,2017-04-16,1186.9274125,16277587.5,19756107948.8,19916836.2631,111231.871676,0.927419253425,0.0,1450.88356164,9.26666666667,3779873.33045,520808749422.0,2320594.4,158.85627688,0.967587853049,11.3667456451,429263.0,211829.0,213951990.0,206989.0,151058.0,1902570.09487,205031.126696,248846278.471
2610,2017-04-17,1205.634875,16279312.5,20183091637.5,45260449.2431,111360.320211,0.930786485507,0.0,1776.69565217,11.8166666667,3572756.98357,520808749422.0,2278752.4,180.72834518,0.673646350614,9.63652604719,469209.0,245184.0,214197174.0,239335.0,162518.0,2451805.09495,282897.449596,350736258.009
2611,2017-04-18,1216.18674286,16281137.5,20637969895.0,51782316.244,111499.82902,0.955539787671,0.0,2075.96575342,16.575,3779873.33045,520808749422.0,2500974.8,220.20687325,0.722743202641,8.55355069115,553138.0,303091.0,214500265.0,296133.0,194014.0,2456420.95456,282978.361578,358703371.136
2612,2017-04-19,1217.9300875,16282925.0,20638607437.5,38464163.437,111640.571504,0.984213174825,0.0,2168.55944056,11.1166666667,3702204.70037,520808749422.0,2444373.75,209.52935942,0.795967200077,8.16253486916,566248.0,310104.0,214810369.0,303579.0,208584.0,2176695.98999,250893.423652,318007414.479
2613,2017-04-20,1241.686325,16284650.0,21072337100.0,61652281.0263,111775.980353,0.974164381295,1.0,1939.74820144,12.15,3598646.52693,520808749422.0,2456659.0,229.9178721,0.702248282538,9.4421464126,491206.0,269625.0,215079994.0,264274.0,184431.0,2242157.58692,280159.869525,362526871.165
2614,2017-04-21,1258.3614125,16286737.5,21588070556.2,42287714.168,111938.96222,0.975939323353,0.0,1978.16766467,14.875,4323553.74099,520808749422.0,2983037.75,244.38907052,0.899135666304,9.35638425136,612635.0,330354.0,215410348.0,324844.0,217700.0,2339052.35666,259347.855714,343765582.749
2615,2017-04-22,1261.311225,16288550.0,21952078835.0,47589977.2338,112080.051934,0.973032510345,0.0,1853.1862069,14.475,3753983.78709,520808749422.0,2596344.05,180.34051775,1.12881985532,9.99490594306,530089.0,268712.0,215679060.0,264058.0,181588.0,1746209.31233,176541.944081,237925578.037
2616,2017-04-23,1257.9881125,16290462.5,22086609057.5,48203962.2633,112225.039487,0.947631065359,0.0,1601.5620915,14.3,3961100.13396,520808749422.0,2732614.9,169.67309519,1.30565235808,11.5206570483,490003.0,245039.0,215924099.0,240651.0,172039.0,1577942.29955,159473.77434,216214543.25
2617,2017-04-24,1262.902775,16292012.5,20575227796.6,39096538.3348,112344.462635,0.963089903226,1.0,1795.73387097,11.8,3210303.37655,520808749422.0,2119150.85645,187.96137981,0.796504847753,9.85703683643,449880.0,222671.0,216146770.0,217457.0,150385.0,1940799.63447,218198.468561,275563451.446
2618,2017-04-25,1279.4146875,16293862.5,20846606998.6,45876269.7682,112487.432163,0.966010324324,1.0,2198.56081081,24.675,3831652.41717,520808749422.0,2615123.62125,271.62738431,0.691851912531,8.34219325569,580200.0,325387.0,216472157.0,319182.0,215211.0,3246840.06083,306659.177474,392344255.717
2619,2017-04-26,1309.109875,16295775.0,21332959973.3,64754541.4959,112636.12596,0.971854882353,0.0,2186.08496732,17.975,3961100.13396,520808749422.0,2740621.52331,253.84367765,0.757250840046,8.47900685278,606556.0,334471.0,216806628.0,328038.0,221539.0,2429753.95319,286080.062654,374510235.061
2620,2017-04-27,1345.3539125,16297612.5,21926056741.3,62204334.6149,112778.365803,0.967617979592,0.0,2026.42176871,20.25,3814281.6337,521839702599.0,2725014.34977,256.44731571,0.698469763883,9.457037685,554691.0,297884.0,217104512.0,291567.0,191750.0,2636893.44726,299790.688729,403324576.013
2621,2017-04-28,1331.29442857,16299312.5,21699183920.8,61518505.2532,112913.91354,0.996674536765,0.0,2244.63970588,13.5,3528859.19852,521974519553.0,2501502.23129,249.68419536,0.614733573083,8.50262129962,582826.0,305271.0,217409783.0,299621.0,204290.0,2454474.32372,317159.218356,422232300.367
2622,2017-04-29,1334.9790375,16301475.0,21762127405.3,45569576.9202,113081.995204,0.971570312139,0.0,1972.94219653,9.86666666667,4488916.48047,521974519553.0,3119178.52112,256.37648122,0.901246698178,9.46079590275,634025.0,341319.0,217751102.0,335709.0,243524.0,2085973.14816,268392.271074,358298055.711
2623,2017-04-30,1353.0045,16303362.5,22058522827.6,43853713.715,113228.751125,0.971893516556,1.0,1864.16556291,14.5,3918071.61012,521974519553.0,2720215.54725,199.30763935,1.04485550537,10.0304456894,526652.0,281489.0,218032591.0,276157.0,209172.0,1786432.98479,199722.126995,270224936.574
2624,2017-05-01,1417.1728125,16305237.5,23107339286.4,102136864.537,113375.364259,0.977420893333,0.0,1965.24,14.75,3892124.11602,521974519553.0,2878277.98219,227.7488656,0.673534353684,10.108887545,542847.0,294786.0,218327377.0,288424.0,193785.0,2509004.84643,312196.230838,442436010.509
2625,2017-05-02,1452.0762875,16307212.5,23679316586.5,86306466.1608,113530.241883,0.980238126582,0.0,2108.61392405,9.73333333333,4099704.06887,521974519553.0,3149553.46759,272.67966183,0.710110783021,9.79647179243,609090.0,333161.0,218660538.0,327015.0,217142.0,2531694.30523,316525.212062,459618754.831
2626,2017-05-03,1507.57685714,16308862.5,24586863671.3,98768076.0224,113661.620278,0.995290871212,1.0,2235.97727273,18.575,3425069.22209,521974519553.0,2760373.22543,247.34367708,0.59760329173,9.69134714199,547221.0,295149.0,218955687.0,289205.0,205663.0,2625551.8358,317492.173042,478643852.401
2627,2017-05-04,1508.292125,16310962.5,24601696289.9,178681011.557,113824.756131,0.971046744048,0.0,2111.5297619,11.7666666667,4359179.00994,521974519553.0,3500746.02213,307.09568071,0.604810658058,10.2346342765,676230.0,354737.0,219310424.0,347771.0,236867.0,2892428.85816,397991.610868,600287612.489
2628,2017-05-05,1533.33507143,16312575.0,25012643352.8,136654833.459,113948.756848,0.961245868217,0.0,2071.26356589,13.25,3347226.73977,521974519553.0,2779169.81696,261.31168454,0.501872072951,10.7532052605,523629.0,267193.0,219577617.0,261046.0,182651.0,2863316.31076,373364.406097,572492738.292
2629,2017-05-06,1560.4102,16314675.0,25457585279.7,68907283.7541,114110.865621,0.964933172619,0.0,2160.8452381,15.6333333333,4359179.00994,521974519553.0,3610789.2028,296.57369266,0.789491583354,10.3014088267,677421.0,363022.0,219940639.0,357071.0,265464.0,2713257.08179,303559.118702,473676745.126
2630,2017-05-07,1535.86842857,16316762.5,25060400380.2,62492472.1885,114271.993307,0.964836443114,0.0,1892.28143713,15.4,4333231.51583,521974519553.0,3505619.68821,277.03575031,0.853642248137,11.492055046,581369.0,316011.0,220256650.0,309348.0,234136.0,2213326.70431,276993.758857,425425969.14
2631,2017-05-08,1640.619225,16319012.5,26773285640.5,139627613.286,114446.259255,0.968144155556,0.0,2028.31111111,14.275,4670548.93922,521974519553.0,4062173.2011,316.4495528,0.58574543265,11.53276529,691480.0,365096.0,220621746.0,356775.0,245245.0,3877215.60056,438151.014032,718838977.073
2632,2017-05-09,1721.28497143,16320950.0,28093005954.4,167512042.528,114599.366166,0.987786522581,0.0,2147.60645161,10.6166666667,4021861.58655,521974519553.0,3715393.61083,302.96153363,0.50650095447,11.5852089405,621156.0,332879.0,220954625.0,326342.0,224910.0,3162517.25139,442341.028947,761394965.372
2633,2017-05-10,1762.88625,16322800.0,28775239681.5,131817395.911,114741.470703,0.960165790541,0.0,2103.99324324,17.45,4119773.00241,555092980097.0,3665040.51375,303.26495895,0.51746433604,12.1903368715,592447.0,311391.0,221266016.0,302641.0,193152.0,3874769.785,416118.524308,733569624.873
2634,2017-05-11,1820.9905625,16324487.5,29726737675.1,151505814.831,114871.238467,0.961242696296,0.0,2183.28148148,13.85,3757901.04949,559970892890.0,3468076.52628,279.58022914,0.539797510546,12.1530775385,568521.0,294743.0,221560759.0,288009.0,204519.0,3043753.15753,364410.763427,663588561.074
2635,2017-05-12,1720.4785,16326412.5,28089241688.4,139214052.652,115018.243867,0.954580519481,0.0,2062.97402597,19.025,4286790.82683,559970892890.0,3731717.8665,322.05057537,0.653365190185,12.1687961628,600568.0,317698.0,221878457.0,310036.0,209738.0,3073037.69219,343919.542872,591706179.241
2636,2017-05-13,1771.9200125,16328387.5,28932596583.1,111469417.308,115169.148091,0.955090025316,1.0,2083.96202532,13.4833333333,4398136.04311,559970892890.0,3885820.58741,301.19440047,0.907749731145,12.2491675743,623293.0,329266.0,222207723.0,322439.0,244156.0,3010157.61382,250751.316401,444311275.691
2637,2017-05-14,1776.3165,16330437.5,29008025583.5,61547076.2306,115329.062139,0.975085658537,0.0,2250.59756098,13.2833333333,4565153.86753,559970892890.0,4018027.923,297.47622441,0.95387123084,11.2974352361,691330.0,369098.0,222576821.0,361974.0,286896.0,2545656.41774,246099.908301,437151327.764
2638,2017-05-15,1723.1269375,16332562.5,28143078402.2,102816017.733,115494.083176,0.970711982353,1.0,1936.64117647,10.0333333333,4732171.69195,559970892890.0,4090703.34962,327.30377033,0.611154504174,12.8349285318,636246.0,329229.0,222906050.0,320922.0,219237.0,3103702.08604,401257.57948,691417744.077
2639,2017-05-16,1739.031975,16334212.5,28405717823.9,108385267.369,115622.646011,0.973960871212,1.0,1772.5530303,13.7,3674392.13728,559970892890.0,3356331.71175,343.40900559,0.599276873484,14.8159947344,453290.0,233977.0,223140027.0,228555.0,162157.0,2799129.21608,332635.73046,578464171.297
2640,2017-05-17,1807.4850625,16336150.0,29527347103.8,132248945.78,115774.837712,0.981881941935,0.0,2048.56129032,13.9,4314627.1309,559970892890.0,4241263.69916,485.9361122,0.467339209074,13.7951247381,591515.0,317527.0,223457554.0,307080.0,209853.0,4046479.13624,518560.408616,937290192.578
2641,2017-05-18,1899.0828875,16337925.0,31027073784.8,110766531.518,115913.23226,0.974609492958,1.0,2034.53521127,12.0833333333,3952755.17798,559970892890.0,3986174.98086,392.02141315,0.607714253476,14.2447085626,570189.0,288904.0,223746458.0,280634.0,201268.0,3210225.94467,356585.582904,677185578.423
2642,2017-05-19,1961.5204875,16339975.0,32051195727.7,154137281.048,116072.519034,0.971260817073,1.0,1948.18292683,11.8833333333,4565153.86753,559970892890.0,4746879.57975,442.811934,0.569499072393,15.3041348099,633617.0,319502.0,224065960.0,309333.0,219526.0,2945763.68201,437720.104359,858596952.49
2643,2017-05-20,2052.9097875,16342037.5,33548728731.4,136549462.18,116232.109167,0.967212927273,1.0,2138.21212121,19.325,4592990.1716,559970892890.0,4862316.83169,387.7538543,0.738231064117,14.2575930595,646325.0,352805.0,224418765.0,343449.0,270829.0,2804084.67105,331908.798397,681378820.786
2644,2017-05-21,2046.5344625,16343875.0,33448303438.3,128454137.154,116377.692631,0.99036370068,0.0,2218.07482993,10.2333333333,4091936.69834,559970892890.0,4331490.18988,352.78845637,0.821703201554,13.7475987597,608719.0,326057.0,224744822.0,316206.0,246467.0,2312823.37124,266554.694229,545513367.88
2645,2017-05-22,2090.6623125,16345700.0,34173338961.4,295717901.863,116518.845489,0.96680039726,0.0,2245.67123288,11.3666666667,4064100.39426,559970892890.0,4499105.2965,406.63804239,0.525074094982,14.2301217269,604610.0,327868.0,225072690.0,318975.0,226497.0,3323799.86456,425013.929218,888560604.105
2646,2017-05-23,2287.7102875,16347800.0,37399030238.0,203482045.58,116683.264597,0.978685166667,0.0,2188.75,10.7666666667,4976737.78165,584152236545.0,5668946.09242,468.38356854,0.572348306922,15.9792159908,687290.0,367710.0,225440400.0,354151.0,256495.0,4112953.88938,448744.852999,1026598216.67
2647,2017-05-24,2379.19383333,16349725.0,38899164896.7,248904779.148,116832.729015,0.970548168831,0.0,2198.97402597,18.0,4562009.63318,595921917085.0,5524488.081,472.94001691,0.532235249098,16.8471840496,631835.0,338642.0,225779042.0,327095.0,234682.0,3588186.52071,450541.376389,1071925264.37
2648,2017-05-25,2387.20628571,16351762.5,39035030222.5,401279047.703,116991.959765,0.976875766871,0.0,2147.93865031,11.7,4828620.58577,595921917085.0,5871333.85971,498.87943053,0.500690328332,17.2939697342,659055.0,350114.0,226129156.0,343608.0,252424.0,3530884.92878,506576.477916,1209302552.28
2649,2017-05-26,2211.97685714,16353675.0,36173950629.2,324426983.641,117138.652381,0.958775267974,0.0,2178.69281046,15.3666666667,4532386.194,595921917085.0,5119620.43586,469.79624965,0.556801655695,15.8084363445,641520.0,333340.0,226462496.0,328442.0,249637.0,2804635.98055,427853.657633,946402388.928
2650,2017-05-27,2014.0529625,16355775.0,32941397092.7,321289966.613,117305.217815,0.991460916667,1.0,1975.67857143,17.0,4976737.78165,595921917085.0,5121736.68364,528.8278222,0.819121572073,15.951717804,651462.0,331914.0,226794410.0,327292.0,255800.0,2657377.9514,320932.558954,646375171.124
2651,2017-05-28,2192.9808,16357837.5,35872423567.0,185870201.067,117466.584868,0.977982139394,0.0,1867.53333333,9.78333333333,4887867.46412,595921917085.0,5262057.4296,421.48503001,1.0492940194,17.6779335513,592662.0,308143.0,227102553.0,300226.0,235008.0,2786546.06827,236729.170669,519142526.077
2652,2017-05-29,2275.9307,16359725.0,37233600371.1,133826839.147,117614.24788,0.977900741722,0.0,2130.05298013,10.7166666667,4473139.31565,595921917085.0,5260813.81305,494.90441559,0.944378883639,16.858043357,594355.0,321638.0,227424191.0,317854.0,229240.0,2525128.96458,252272.097234,574153810.848
2653,2017-05-30,2239.20534286,16361962.5,36637793849.6,148703191.104,117789.775838,0.980603117318,0.0,1943.91620112,13.925,5302595.61259,595921917085.0,6132063.83141,588.38790095,0.707056037254,18.1852083599,634488.0,347961.0,227772152.0,342419.0,234575.0,3826430.14816,399669.580918,894942260.97
2654,2017-05-31,2285.93391429,16364012.5,37407051147.5,204425185.126,117949.954056,0.97669645122,0.0,1961.18292683,16.825,4858244.02495,595921917085.0,5808558.0762,570.4198544,0.701566208749,18.6239844508,614126.0,321634.0,228093786.0,316863.0,228463.0,3330411.62442,373509.986901,853819146.381
2655,2017-06-01,2399.24267143,16366137.5,39266335456.5,198826825.007,118116.170985,0.977746641176,0.0,1880.64117647,15.075,5035984.66001,595921917085.0,6245228.67373,569.07004507,0.683627203684,20.217534733,610354.0,319709.0,228413495.0,314252.0,224706.0,3357411.23059,394084.675179,945504768.845
2656,2017-06-02,2446.14241429,16367962.5,40038367306.7,122456001.785,118259.541323,0.981988616438,0.0,1859.85616438,12.7666666667,4325022.11977,595921917085.0,5437774.58696,470.15193004,0.772890482311,20.6757352841,534561.0,271539.0,228685034.0,266135.0,184629.0,2928808.54263,296956.940546,726398967.485
2657,2017-06-03,2525.76515847,16370362.5,41347691234.0,129006639.128,118447.903396,0.981052463542,0.0,1590.20833333,11.0333333333,5687700.32189,595921917085.0,7190853.40616,545.64725387,0.90880262731,24.3679195695,601583.0,305320.0,228990354.0,294660.0,212821.0,3233909.07777,324123.980868,818661057.901
2658,2017-06-04,2516.17314286,16372375.0,41195730259.8,120095754.434,118606.063142,0.982358670807,0.0,1652.44720497,16.575,5432357.04185,628336862171.0,5967104.60829,441.99355556,0.984106688409,23.2139449257,537387.0,266044.0,229256398.0,261135.0,189103.0,3486275.16396,249413.359798,627567197.394
2659,2017-06-05,2698.3138125,16374425.0,44183337149.2,168803116.294,118764.229682,0.964430121951,0.0,1767.86585366,10.8,5533581.08611,678760110082.0,6586584.01631,475.43804182,0.855579798426,23.503688307,576032.0,289930.0,229546328.0,284508.0,195204.0,3259528.68114,295172.705862,796468589.3
2660,2017-06-06,2883.31369664,16376312.5,47218046131.7,371264851.949,118913.726386,0.990044397351,0.0,1969.64238411,16.925,5094943.56099,678760110082.0,6705146.00153,511.33813564,0.780356705003,23.2556515201,617593.0,297416.0,229843744.0,291156.0,203252.0,2545677.65511,307402.771099,886338620.295
2661,2017-06-07,2664.9208625,16378375.0,43647073231.3,205713695.041,119077.426658,0.992122860606,0.0,2058.90909091,19.3,5567322.43419,678760110082.0,7060707.82519,668.13204735,0.824029841502,21.4203411951,657364.0,339720.0,230183464.0,334120.0,249235.0,2630808.40539,331375.38349,883089172.782
2662,2017-06-08,2792.9991875,16380437.5,45750548628.4,174094195.569,119237.446002,0.969814206061,1.0,1862.89090909,17.05,5567322.43419,678760110082.0,6905690.49109,490.9904414,0.880097779746,23.2024410679,609712.0,307377.0,230490841.0,300955.0,217758.0,2395589.20058,290137.130233,810352769.005
2663,2017-06-09,2827.4913,16382325.0,46320881411.3,108367646.935,119384.450556,0.973540092715,0.0,1868.76821192,15.625,5094943.56099,678760110082.0,6408509.03145,455.56014992,0.975700294657,23.4775259734,571964.0,282184.0,230773025.0,276088.0,186802.0,2596621.09419,240141.379761,678997662.044
2664,2017-06-10,2845.37285714,16384087.5,46618837861.6,154123952.097,119520.720745,0.966455241135,1.0,1808.46099291,16.075,4757530.08013,678760110082.0,5916952.85643,390.9040331,0.913047798273,24.0290415276,516474.0,254993.0,231028018.0,249580.0,179875.0,2449118.61012,235847.897248,671075205.245
2665,2017-06-11,2961.8296125,16385912.5,48532280870.3,181774994.377,119658.760071,0.945474835616,0.0,1526.65753425,15.4,4926236.82056,678760110082.0,6255384.1416,356.12024978,0.982845171574,28.9831243123,467561.0,222892.0,231250910.0,218769.0,158422.0,2301534.23117,221919.007476,657286287.918
2666,2017-06-12,2657.6750625,16387750.0,43553314505.5,393739719.856,119800.996488,0.967594673469,1.0,1830.59863946,13.5,4959978.16864,678760110082.0,5779114.42341,409.8643713,0.711122493181,22.1954984651,538624.0,269098.0,231520008.0,263515.0,182049.0,2893538.97092,316030.556318,839906528.514
2667,2017-06-13,2748.18508571,16389512.5,45041413814.6,204283558.773,119938.774347,0.97714793617,1.0,2069.33333333,11.4333333333,4757530.08013,678760110082.0,5967683.91363,479.43977642,0.725794861764,21.1164230664,611325.0,291776.0,231811784.0,284404.0,182984.0,3332828.04807,308894.412806,848899018.333
2668,2017-06-14,2447.0415625,16391262.5,40110100599.3,268520562.446,120074.484228,0.969356292857,2.0,2054.6,12.55,4723788.73204,678760110082.0,5217092.61125,454.74199601,0.716190109569,18.7561544785,565868.0,287644.0,232099428.0,281987.0,196888.0,3266873.63575,307843.122455,753304915.377
2669,2017-06-15,2442.48025,16393175.0,40040006172.3,435834778.645,120226.624952,0.994383816993,0.0,1915.95424837,11.1333333333,5162426.25716,678760110082.0,5540766.44712,435.40345777,0.784278820466,19.5629673929,577610.0,293141.0,232392569.0,286986.0,196855.0,3066425.9012,299371.014045,731207789.227
2670,2017-06-16,2464.95981429,16395025.0,40413077779.2,195907758.543,120372.121983,0.983088047297,0.0,1823.89864865,15.7,4993719.51673,678760110082.0,5304593.52034,375.35139576,0.878456832939,20.3210444037,536165.0,269937.0,232662506.0,262448.0,185527.0,3448634.12057,253325.071002,624436119.97
2671,2017-06-17,2665.927,16396837.5,43712771805.9,158849628.788,120515.049254,0.985705317241,0.0,1631.40689655,9.66666666667,5129905.6443,679668719409.0,5461151.4595,311.39831919,1.05620802826,23.936005624,477378.0,236554.0,232899060.0,232337.0,168741.0,2338185.94032,201087.12132,536083586.08
2672,2017-06-18,2507.38925214,16398650.0,41117798759.7,146939437.219,120650.861671,0.936637358621,0.0,1443.85517241,10.6166666667,5129905.6443,711697198173.0,5066179.98396,277.9955946,1.0026343406,25.0368323576,433246.0,209359.0,233108419.0,205883.0,151890.0,2263317.85616,208500.298659,522791407.927
2673,2017-06-19,2617.2102625,16400537.5,42923655055.5,146249310.048,120799.795428,0.986316271523,2.0,1786.58278146,15.475,5342177.60199,711697198173.0,5761788.39289,387.16284645,0.975709642237,22.0676230677,532642.0,269774.0,233378193.0,263540.0,178446.0,3071769.11867,233129.073239,610147802.968
2674,2017-06-20,2754.97825,16402262.5,45187876438.3,204123502.97,120933.058609,0.965675224638,0.0,1952.44927536,15.3,4882255.02698,711697198173.0,5639440.47775,388.08537505,0.81729966535,21.606099543,594425.0,269438.0,233647631.0,263107.0,192117.0,3018444.73834,258544.749819,712285162.403
2675,2017-06-21,2671.04325,16404012.5,43815826861.0,208033200.754,121070.686726,0.983057978571,0.0,2001.45,20.125,4953012.34622,711697198173.0,5729387.77125,462.70370719,0.717599761319,21.0926624674,585194.0,280203.0,233927834.0,274021.0,193626.0,3625571.8708,308347.887842,823610544.473
2676,2017-06-22,2727.2880125,16405750.0,44743205311.1,143429984.705,121208.655047,0.992577848921,0.0,1940.17985612,11.9833333333,4917633.6866,711697198173.0,5791396.09454,447.10509654,0.860603322308,22.0926165409,534177.0,269685.0,234197519.0,263107.0,176303.0,3267161.42807,253845.766094,692310514.891
2677,2017-06-23,2710.41228571,16407750.0,44471767180.9,91452068.3553,121360.475894,0.94888029375,0.0,1624.6125,13.85,5660585.53853,711697198173.0,6125531.76571,338.95972894,1.14140737609,24.3886818592,506612.0,259938.0,234457457.0,253493.0,176357.0,2401755.51512,204918.925349,555414772.842
2678,2017-06-24,2589.1648875,16409575.0,42487095408.8,146373123.475,121499.152352,0.949838753425,0.0,1555.66438356,14.65,5165284.30391,711697198173.0,5333679.66825,307.20884336,1.33020039992,24.3064024534,469727.0,227127.0,234684584.0,222085.0,152618.0,2254175.19625,160292.302084,415023200.291
2679,2017-06-25,2512.36628571,16411100.0,41230694351.5,135111001.588,121612.334745,0.927724532787,0.0,1481.30327869,10.2166666667,4316196.47313,711697198173.0,4323782.37771,258.68838592,0.879288088828,24.7969420205,378448.0,180719.0,234865303.0,175953.0,124604.0,1868429.04666,202855.970482,509648501.094
2680,2017-06-26,2436.45105714,16412875.0,39989166644.5,237329706.388,121752.520602,0.98722434507,0.0,1844.4084507,10.9166666667,5023769.66545,711697198173.0,5067818.19886,375.05657594,0.75395718142,20.0014799866,515883.0,261906.0,235127209.0,254353.0,163291.0,3779418.8957,285169.586407,694801740.266
2681,2017-06-27,2517.90311429,16414512.5,41330152143.2,239311708.341,121882.203894,0.989948793893,0.0,1982.72519084,19.95,4634604.40967,711697198173.0,4893544.70261,367.89377898,0.694382475953,19.4403848565,556158.0,259737.0,235386946.0,253055.0,169266.0,2770208.70309,288802.475354,727176652.108
2682,2017-06-28,2585.34918571,16416475.0,42442320273.5,157399624.665,122034.90009,0.972587235669,0.0,1782.23566879,14.25,5554449.55969,711697198173.0,5859693.92942,385.86002411,0.839606916272,21.6979699729,549136.0,279811.0,235666757.0,273354.0,179111.0,2823966.12788,279697.555916,723115848.433
2683,2017-06-29,2544.414475,16417975.0,41774133240.2,107906654.062,122150.920525,0.966836958333,0.0,1925.45,13.45,4245439.1539,711697198173.0,4529057.7655,341.40053758,0.76820091958,20.2778838804,467647.0,231054.0,235897811.0,225341.0,148813.0,3186635.15883,239702.985332,609903745.579
2684,2017-06-30,2477.641375,16419900.0,40682623613.4,103718383.041,122298.19294,0.956314383117,0.0,1736.1038961,11.8833333333,5448313.58084,711697198173.0,5463199.23188,357.17190559,0.752556558819,21.149025801,533427.0,267360.0,236165171.0,259782.0,177910.0,3475033.63821,303255.865469,751359279.498
2685,2017-07-01,2434.0778625,16421950.0,39972304954.1,105511589.739,122442.961088,0.882732609756,0.0,1352.7804878,7.11666666667,5802100.177,711697198173.0,5415823.24406,255.27403629,1.11038373023,25.2921557169,440616.0,221856.0,236387027.0,216634.0,148844.0,2316434.73344,207610.574033,505340302.275
2686,2017-07-02,2501.19134286,16424300.0,41080316972.5,96748666.5112,122589.522748,0.779583297872,0.0,1045.42021277,8.575,6622798.79067,708707940676.0,6165436.66014,197.85958294,1.35099761161,32.4245281174,409305.0,196539.0,236583566.0,191864.0,131023.0,1799632.14846,188590.976109,471702116.785
2687,2017-07-03,2561.22542857,16426425.0,42071777410.5,131455113.207,122728.203569,0.815769535294,0.0,1489.67058824,7.93333333333,5988701.03412,708659466230.0,5975338.92486,283.21012118,1.03510900761,24.3558346879,497458.0,253244.0,236836810.0,247094.0,163466.0,2832034.60304,232652.803084,595876275.288
2688,2017-07-04,2599.7298375,16428337.5,42709239179.3,130187106.935,122865.449124,0.897029771242,0.0,1669.82352941,10.1,5389830.93071,708659466230.0,5536124.68896,293.93425872,1.00831127602,22.4521121831,548401.0,255483.0,237092293.0,249948.0,172076.0,2286343.30467,218824.713279,568885136.293
2689,2017-07-05,2619.187503,16430200.0,43033774511.9,119861961.703,123000.970572,0.909539919463,0.0,1590.65771812,9.73333333333,5248920.31814,708659466230.0,5284210.78731,225.82080685,0.748664999502,23.0781398078,476016.0,237008.0,237329301.0,231998.0,162749.0,2513987.23811,278939.286362,730594292.935
2690,2017-07-06,2609.96775,16431975.0,42886924818.8,93522266.9879,123136.765834,0.956304661972,0.0,1585.25352113,14.775,5002326.74615,708659466230.0,5092047.08025,241.52060511,0.977344778533,23.3803352489,459294.0,225106.0,237554407.0,218976.0,153619.0,2215848.59139,206326.431511,538505332.217
2691,2017-07-07,2491.20121429,16433825.0,40939964795.4,116912656.444,123275.450745,0.937060209459,0.0,1646.04054054,9.75,5213692.665,708659466230.0,5027244.05043,240.65571245,0.727626596506,21.3790835071,559413.0,243614.0,237798021.0,237821.0,170852.0,2453741.07715,287325.356507,715785277.025
2692,2017-07-08,2562.1306625,16435887.5,42110891329.2,91133549.959,123417.168469,0.85889529697,0.0,1338.39393939,8.03333333333,5812562.76841,708659466230.0,5589288.04024,192.41183082,1.03415838768,26.1615176171,451048.0,220835.0,238018856.0,216252.0,156118.0,2699738.771,218043.179622,558655116.26
2693,2017-07-09,2536.2389375,16437612.5,41689712862.0,56620250.1836,123520.615587,0.749616797101,0.0,1363.2173913,14.325,4861416.13358,708659466230.0,4618491.10519,157.22803089,0.734541271816,25.375709751,390402.0,188124.0,238206980.0,184449.0,131794.0,2367596.82138,256245.374237,649899495.694
2694,2017-07-10,2366.17014286,16440075.0,38900014611.3,163706108.822,123667.707195,0.746657908629,0.0,1277.77664975,6.41666666667,6939847.66895,708659466230.0,6117732.90436,205.57250621,0.918946203272,25.0797050046,567052.0,251722.0,238458702.0,245860.0,164188.0,3269080.45652,290340.446123,686994894.88
2695,2017-07-11,2369.86212857,16442237.5,38965835960.2,184411999.562,123821.695814,0.890107624277,0.0,1536.17919075,10.3,6094383.99355,708659466230.0,5418689.75698,207.57617324,0.862207489349,21.1347640712,563334.0,265759.0,238724461.0,259517.0,177044.0,2896549.04491,274884.665526,651438758.556
2696,2017-07-12,2385.74857143,16444450.0,39232323095.4,153172924.853,123977.73267,0.881564158192,0.0,1452.75706215,11.3,6235294.60611,708659466230.0,5595773.27429,222.35199706,1.02201530206,22.5907671119,513002.0,257138.0,238981599.0,251176.0,176186.0,2631445.67663,238240.268237,568381379.604
2697,2017-07-13,2354.78341667,16446412.5,38727739418.7,106346343.51,124112.020339,0.855335471338,0.0,1566.21019108,14.125,5530741.54328,708659466230.0,4943867.78329,210.79018124,1.15345689971,20.8122478228,489848.0,245895.0,239227494.0,239800.0,164902.0,2516299.99475,188415.378311,443677408.291
2698,2017-07-14,2190.94783333,16448150.0,36037038604.8,133121604.152,124237.149387,0.900208978417,0.0,1639.58992806,10.6333333333,5559049.84407,761764941640.0,4133223.08758,215.37764419,0.87938434836,18.7740093079,473082.0,227903.0,239455397.0,222649.0,154200.0,2601799.87911,222073.277496,486550966.171
2699,2017-07-15,2058.9956,16449737.5,33869937133.7,205297978.826,124360.972783,0.974987370079,0.0,1746.85826772,19.725,5079131.87192,804525194568.0,3915180.1334,378.35756847,0.902843988142,18.2450928042,446599.0,221851.0,239677248.0,216511.0,152423.0,1958573.71804,217740.561414,448326857.892
2700,2017-07-16,1931.2143,16451775.0,31771903140.4,152530374.288,124497.936747,0.840269717791,0.0,1246.41104294,8.03333333333,6518885.78837,804525194568.0,4114452.06615,166.92852306,0.922846219827,20.9545142473,406436.0,203165.0,239880413.0,198860.0,143741.0,2035268.69112,238872.791121,461314550.095
2701,2017-07-17,2176.6234875,16453625.0,35813346629.5,242313696.007,124637.839334,0.94528775,0.0,1556.18243243,13.325,5918988.32318,804525194568.0,4307537.88176,198.03657541,0.781830106637,19.3552504756,475431.0,230315.0,240110728.0,225090.0,150915.0,2658035.61302,261954.17112,570175601.509
2702,2017-07-18,2320.12225,16455687.5,38179206707.8,262461203.849,124796.144933,0.959427872727,0.0,1579.24242424,13.3,6598872.11706,804525194568.0,5135590.60037,224.51846967,0.856121627138,20.3632828846,561055.0,260575.0,240371303.0,254413.0,176377.0,2653766.96799,267137.097951,619790724.757
2703,2017-07-19,2264.7657,16457550.0,37272494746.0,186988238.224,124936.100644,0.939300073826,0.0,1703.1409396,15.3,5958981.48753,804525194568.0,4503486.59445,201.60223858,0.799365769207,18.4211876644,519400.0,253768.0,240625071.0,248342.0,169750.0,2509365.82786,258217.491678,584802118.293
2704,2017-07-20,2898.18841667,16459575.0,47702949608.3,281540460.651,125086.672537,0.92945612963,0.0,1420.98148148,7.53333333333,6478892.62402,804525194568.0,6303559.80625,229.27219537,0.864964817542,28.3811205289,477427.0,230199.0,240855270.0,224769.0,154014.0,2443211.00041,260620.102651,755326162.653
2705,2017-07-21,2682.1953625,16461500.0,44152958959.8,384806565.9,125237.056119,0.976516766234,0.0,1743.13636364,18.175,6158947.30925,804525194568.0,5613834.89371,249.73969757,0.859398905826,21.7292934868,542764.0,268443.0,241123713.0,260942.0,184411.0,2264274.48136,253053.579988,678739138.708
2706,2017-07-22,2807.60985714,16463500.0,46223084883.1,215642445.092,125385.176788,0.92575418125,0.0,1395.9875,8.03333333333,6398906.29533,804525194568.0,5890365.48029,171.03691992,1.22347933224,27.2899321116,433135.0,223358.0,241347071.0,216965.0,155964.0,1793088.27486,177447.780499,498204137.656
2707,2017-07-23,2725.54971667,16465650.0,44877947692.2,169964412.203,125502.713285,0.683351726744,0.0,1052.50581395,9.45,6878824.26748,804525194568.0,5998934.92638,125.37693822,1.46279250817,34.2574087823,353197.0,181031.0,241528102.0,177243.0,129890.0,1600323.65109,155550.218196,423959853.132
2708,2017-07-24,2751.82102857,16467875.0,45316644720.9,139976350.754,125661.920777,0.89442411236,0.0,1348.71910112,10.95,7118783.25355,804525194568.0,6381472.96526,166.96352984,1.19154307912,27.4178394023,469352.0,240072.0,241768174.0,234998.0,164489.0,2393466.60029,200745.031527,552414399.138
2709,2017-07-25,2560.99791667,16469725.0,42178931413.1,288015952.527,125800.190417,0.934254324324,0.0,1648.89189189,14.525,5918988.32318,804525194568.0,4978579.95,168.49293292,0.681793765977,21.1827607239,511831.0,244036.0,242012210.0,238500.0,165157.0,7336256.31277,296056.231906,758199393.126
2710,2017-07-26,2495.02858571,16471562.5,41097019288.9,176626997.823,125942.389224,0.967338823129,0.0,1618.04761905,9.15,5878995.15883,804525194568.0,4829127.82765,167.53481996,0.739810555048,21.0323989655,460146.0,237853.0,242250063.0,232701.0,160389.0,3704928.86247,271020.034288,676202732.851
2711,2017-07-27,2647.625,16473487.5,43615617342.2,146490393.915,126084.624646,0.923606636364,0.0,1463.43506494,8.48333333333,6585327.4853,836351931635.0,5348202.5,166.27056958,0.668796160433,24.5681537469,443425.0,225369.0,242475432.0,220311.0,153571.0,2481256.0856,312691.772666,827890554.605
2712,2017-07-28,2781.63658333,16475362.5,45828471053.7,232077673.061,126222.154157,0.916863406667,0.0,1648.04666667,8.23333333333,6414280.01815,860221984436.0,5563273.16667,188.43132327,0.432098704765,23.2182586092,487086.0,247207.0,242722639.0,240817.0,160855.0,4203872.08972,477537.030432,1328334473.75
2713,2017-07-29,2722.51278571,16477325.0,44859727986.9,127294021.519,126359.090052,0.872203152866,0.0,1344.80254777,12.875,6713613.08566,860221984436.0,5536229.74975,156.46665323,0.621242025028,27.323471378,416822.0,211134.0,242933773.0,205225.0,150145.0,4134542.02443,341085.529933,928609716.264
2714,2017-07-30,2745.95541667,16479162.5,45251045529.0,152859034.121,126478.209644,0.810337360544,0.0,1252.68707483,12.375,6285994.41778,860221984436.0,5226926.13562,138.11682207,0.483844214454,29.4602390172,386558.0,184145.0,243117918.0,180109.0,120310.0,8866222.52448,408316.719112,1121219506.56
2715,2017-07-31,2866.43166667,16480975.0,47241588637.5,127009234.077,126612.584336,0.926722013793,0.0,1593.1862069,17.225,6200470.68421,860221984436.0,5550844.9225,194.86886623,0.324598998822,24.9077350304,485988.0,231012.0,243348930.0,225772.0,174451.0,2947402.79045,618414.990039,1772644310.59
2716,2017-08-01,2710.41306667,16482837.5,44675298135.7,214878001.379,126720.652789,0.725291630872,0.0,885.067114094,11.75,6371518.15136,860221984436.0,5102352.598,75.94662047,0.38372823469,39.8406904202,301131.0,131875.0,243480805.0,130345.0,107242.0,2633798.15212,505161.321276,1369195845.96
2717,2017-08-02,2693.63398333,16484737.5,44403849136.3,117440138.307,126854.121476,0.878083467105,0.0,1377.11184211,12.3,6499803.75172,860221984436.0,5295684.41123,130.51485681,0.387144982566,26.1295513683,403175.0,209321.0,243690126.0,203050.0,146066.0,2820428.45898,524484.352955,1412768876.85
2718,2017-08-03,2794.11771667,16486462.5,46065116956.4,113131475.037,126974.023426,0.868854710145,0.0,1543.60144928,11.1166666667,5901137.6167,860221984436.0,5009853.06598,124.10595421,0.532116591563,24.2544947429,427728.0,213017.0,243903143.0,205843.0,147327.0,2133227.07862,347500.150066,970956325.844
2719,2017-08-04,2873.85108333,16488700.0,47386068357.8,106217903.395,127139.445855,0.924147648045,0.0,1317.27374302,6.6,7654374.15499,860221984436.0,6553817.39554,113.47123621,0.564682690585,28.6538187643,467900.0,235792.0,244138935.0,229312.0,170634.0,2329716.15326,416334.921436,1196484565.0
2720,2017-08-05,3218.11501667,16490912.5,53069653154.8,344352179.137,127295.423847,0.88123159322,0.0,1354.63841808,10.375,7568850.42141,860221984436.0,7255240.30508,113.56678695,0.760915486296,31.219582255,463849.0,239771.0,244378706.0,232773.0,171803.0,1958602.78141,305693.185228,983755829.875
2721,2017-08-06,3252.56253333,16492662.5,53643416122.4,122798187.412,127405.524608,0.786434007143,0.0,1425.90714286,12.425,5986661.35027,860221984436.0,5802571.55947,87.90639938,0.572484179917,29.9453755975,408435.0,199627.0,244578333.0,193455.0,146171.0,1759850.47466,321040.556902,1044204487.06
2722,2017-08-07,3407.22683333,16494575.0,56200758544.4,198345493.03,127549.910375,0.943697823529,0.0,1627.46405229,7.7,6542565.61851,860221984436.0,6700311.56775,121.82649183,0.50025658116,27.8367716353,512717.0,249002.0,244827335.0,241118.0,172075.0,2359919.57315,406656.617513,1385571339.14
2723,2017-08-08,3457.37433333,16496625.0,57035007861.6,241759565.089,127710.506999,0.979247707317,0.0,1680.32926829,12.05,7012946.15317,860221984436.0,7395323.699,159.06311046,0.613159685642,27.7150895905,587787.0,275574.0,245102909.0,265704.0,190148.0,2700000.25991,360275.334825,1245606695.56
2724,2017-08-09,3357.32631667,16498350.0,55390344636.6,199170113.976,127842.181896,0.95416592029,0.0,1890.97826087,11.7,6333394.73737,888074709978.0,6117048.54897,157.95191308,0.78324010188,24.2251882922,532314.0,260955.0,245363864.0,253174.0,188985.0,2423175.59804,240405.452755,807119553.203
2725,2017-08-10,3424.4042,16500025.0,56502754910.1,153824056.619,127973.673636,0.981281641791,0.0,1925.1119403,13.1666666667,6149818.07831,923233068448.0,6163927.56,193.18600285,0.664233751276,24.7995813174,550474.0,257965.0,245621829.0,249804.0,179015.0,2835042.93783,281254.302308,963128414.093
2726,2017-08-11,3632.50666667,16501825.0,59942989324.7,195208159.043,128112.946246,0.967170902778,0.0,1972.22916667,11.9333333333,6608759.72595,923233068448.0,7130610.58667,234.94470226,0.745499913464,26.0279020048,580987.0,284001.0,245905830.0,273509.0,182752.0,3229999.64436,272963.774443,991542730.423
2727,2017-08-12,3852.80291429,16503512.5,63584781056.0,332122906.138,128245.234775,0.97991502963,0.0,1929.78518519,19.4583333333,6195712.24308,923233068448.0,7067966.94626,210.75240215,0.84003509941,28.0729476206,530699.0,260521.0,246166351.0,252439.0,180360.0,2414521.1175,225972.986544,870629381.105
2728,2017-08-13,4125.54802,16505362.5,68093665581.3,381628414.155,128390.766158,0.983320155405,0.0,1779.12162162,8.45,6792336.385,923233068448.0,8147957.3395,189.71104645,0.908302836607,31.958246436,516470.0,263310.0,246429661.0,254611.0,183205.0,2243479.26249,224562.884122,926444961.957
2729,2017-08-14,4282.992,16506987.5,70699295406.6,168021272.437,128514.950317,0.955262761538,0.0,1964.32307692,17.375,5966241.41926,923233068448.0,7782196.464,249.18827382,0.918844303363,31.4343300227,542909.0,255362.0,246685023.0,247068.0,172251.0,2822187.04217,203972.345147,873611922.486
2730,2017-08-15,4217.02832857,16508887.5,69618446260.7,592573698.11,128663.160942,0.975069901316,0.0,2046.06578947,15.05,6975913.04406,923233068448.0,9146734.44467,350.45038263,0.786859232108,30.5149581533,650899.0,311002.0,246996025.0,300436.0,218682.0,2679106.22241,286004.191195,1206087776.36
2731,2017-08-16,4360.87687143,16510512.5,72000312096.7,341988374.479,128788.835544,0.966727707692,0.0,2114.35384615,14.25,5966241.41926,923233068448.0,8320553.07069,347.52500864,0.875495073864,31.2950262619,543436.0,274866.0,247270891.0,266961.0,198126.0,2954985.44513,225303.952875,982522797.133
2732,2017-08-17,4328.72571667,16512750.0,71479165577.9,351792037.668,128964.019551,0.978681603352,0.0,1940.32960894,8.65,8215055.49267,923233068448.0,10849951.0088,365.31634907,0.85463141784,32.4395672738,631515.0,347319.0,247618210.0,337055.0,238791.0,2790880.55219,304554.255172,1318331836.48
2733,2017-08-18,4130.44006667,16514612.5,68212617155.5,373082615.758,129107.057668,0.959987362416,0.0,2095.63758389,14.425,6838230.54977,923233068448.0,8775119.92163,337.96192313,0.799203670693,29.1076896476,580732.0,312250.0,247930460.0,301461.0,191134.0,2669279.00876,275331.808877,1137241535.01
2734,2017-08-19,4222.66221429,16516500.0,69743600462.2,322665040.397,129252.992397,0.96645515894,0.0,1767.09933775,9.91666666667,6930018.87929,923233068448.0,8768358.08796,265.91179874,0.686953549843,34.0781114497,535350.0,266832.0,248197292.0,258336.0,187994.0,2352589.93867,313472.69393,1323689299.87
2735,2017-08-20,4157.95803333,16518125.0,68681670539.4,177654410.099,129377.980767,0.961449,0.0,1621.93846154,11.9333333333,5966241.41926,923233068448.0,7392849.38327,208.98199629,1.00999165618,36.1657474174,444725.0,210852.0,248408144.0,203607.0,152932.0,1783558.84046,181583.875972,755018135.823
2736,2017-08-21,4043.722,16519562.5,66800518311.6,123200186.512,129490.276772,0.976487,0.0,2058.88695652,13.8166666667,5277828.94781,923233068448.0,6787387.377,297.96496476,0.856388590567,29.6392219444,501755.0,236772.0,248644916.0,227242.0,166247.0,2497994.70443,202649.239361,819457187.488
2737,2017-08-22,4082.18098333,16520675.0,67440385316.8,504190986.228,129579.114368,0.998175235955,0.0,2205.42696629,28.95,4084580.66396,923233068448.0,5749751.91503,334.18474511,0.669969225431,30.0873175739,419158.0,196283.0,248841199.0,189037.0,144844.0,1843217.52773,215933.014562,881477645.718
2738,2017-08-23,4174.95,16522662.5,68981289804.4,257486335.949,129735.969564,0.986510666667,0.0,1985.74842767,12.55,7297172.1974,923233068448.0,10230714.975,541.97068152,0.996804851474,33.447185358,628516.0,315734.0,249156933.0,305147.0,227705.0,2363819.52862,253757.862211,1059426386.84
2739,2017-08-24,4340.31671667,16523925.0,71719067902.4,218844386.91,129830.786973,0.938786227723,0.0,2017.87128713,12.65,4459277.50765,891643263405.0,6929315.63816,385.99923422,0.946375202882,35.1071307559,423332.0,203805.0,249360738.0,196200.0,149191.0,1648686.54018,174190.873683,756043560.938
2740,2017-08-25,4363.05445,16525187.5,72100292859.0,246665524.629,129924.591631,0.928758990099,0.0,2061.07920792,17.1166666667,4459277.50765,888171856257.0,7153227.77077,425.81587924,0.962684412089,35.3857399993,471224.0,208169.0,249568907.0,199952.0,155103.0,1419457.76485,175375.840518,765174341.396
2741,2017-08-26,4360.51331667,16526500.0,72064023327.9,139377309.636,130029.404537,0.998218152381,0.0,2157.0,20.5166666667,4635882.55746,888171856257.0,7319121.60202,425.31312205,1.08738918359,33.4580977132,472784.0,226485.0,249795392.0,219933.0,174536.0,1402892.59232,159815.192966,696876277.133
2742,2017-08-27,4354.30833333,16528437.5,71969913143.2,112660557.887,130182.978849,0.990802012903,0.0,1689.61935484,11.0833333333,6843445.68006,888171856257.0,9642615.80417,358.8427277,1.27952647783,38.1799461433,509082.0,261891.0,250057283.0,239910.0,192479.0,1285150.42558,179468.167911,781459739.104
2743,2017-08-28,4391.67351667,16530050.0,72594582814.2,209634566.496,130309.566579,0.981300232558,0.0,1734.65891473,11.0,5695512.85631,888171856257.0,8451775.68283,378.17846684,0.944967599852,39.0685562607,504370.0,223771.0,250281054.0,215537.0,152466.0,1720458.17982,210661.028712,925154460.786
2744,2017-08-29,4607.98545,16531912.5,76178812260.7,317010671.855,130458.294969,0.998177114094,0.0,1886.68456376,15.95,6578538.10535,888171856257.0,10384095.2116,461.76014165,0.935527482194,38.0987098377,593017.0,281116.0,250562170.0,265191.0,192323.0,1958313.3009,248443.812276,1144825472.11
2745,2017-08-30,4594.98785,16534012.5,75973586549.2,202687613.64,130623.501484,0.983372113095,0.0,1615.86904762,11.35,7417412.09193,888171856257.0,11046350.7914,388.49753062,1.13115939546,42.1217239653,565808.0,271466.0,250833636.0,258886.0,181406.0,1638679.81694,219995.302219,1010875740.75
2746,2017-08-31,4748.255,16536050.0,78517382092.8,220351499.902,130783.509054,0.981641533742,0.0,1722.23312883,14.15,7196655.77967,888171856257.0,11260486.7325,413.21489691,0.976070827919,41.4521710393,589297.0,280724.0,251114360.0,267739.0,187994.0,1789355.67613,251079.617053,1192190047.07
2747,2017-09-01,4911.74001667,16538225.0,81231461537.1,338585244.353,130952.616102,0.971879586207,0.0,1630.28735632,11.625,7682319.66665,888171856257.0,12131997.8412,382.74200641,1.0230324716,44.2872484408,591520.0,283670.0,251398030.0,270293.0,193054.0,1802440.92606,250015.720655,1228012219.94
2748,2017-09-02,4580.38748,16540275.0,75760868525.8,440710136.097,131085.292269,0.809001018293,0.0,1443.9695122,11.025,7240807.04213,888171856257.0,10374577.6422,290.49925993,1.16747153313,45.2698291343,536081.0,236811.0,251634841.0,224454.0,169698.0,1580305.84701,200475.916843,918257379.548
2749,2017-09-03,4648.15998333,16542200.0,76890792076.3,308302328.021,131203.220335,0.765766662338,0.0,1268.11038961,10.75,6799294.41761,888171856257.0,9700709.88522,239.13526989,1.26384133778,51.5095420634,437076.0,195289.0,251830130.0,186748.0,139007.0,1424953.24127,171234.72743,795926407.795
2750,2017-09-04,4344.09831667,16544387.5,71870445889.0,513527217.625,131365.560971,0.927660777143,0.0,1538.74285714,11.5,7726470.9291,888171856257.0,10527922.2704,325.4016802,0.767358893488,40.5388144641,561328.0,269280.0,252099410.0,255198.0,173405.0,2420753.39615,327474.106513,1422579714.86
2751,2017-09-05,4488.72014,16546850.0,74274178848.6,467133132.497,131515.983399,0.763565624365,0.0,1410.9035533,8.825,8697798.70304,888171856257.0,11928773.7721,281.90480312,0.877628421414,44.320754645,601576.0,277948.0,252377358.0,263568.0,173899.0,6493150.03892,312706.919712,1403653848.43
2752,2017-09-06,4641.82201667,16548875.0,76816932326.1,384503428.818,131662.453399,0.904135802469,0.0,1705.09259259,7.9,7430760.76599,903315386419.0,10290919.4109,272.59987797,0.79175283819,38.6100088661,587813.0,276225.0,252653583.0,264180.0,176488.0,2520446.76903,290191.55564,1347017552.02
2753,2017-09-07,4654.6585,16551075.0,77039601932.9,222544560.603,131805.020671,0.810041318182,0.0,1456.67045455,11.8,8072925.27664,922724699725.0,11050159.279,257.33579475,0.906757529082,44.6147384071,526959.0,256374.0,252909957.0,244953.0,176631.0,2233112.27532,271002.524483,1261424204.11
2754,2017-09-08,4310.75018333,16553262.5,71356979356.6,503768705.755,131964.828521,0.913187714286,0.0,1597.07428571,8.33333333333,8027056.38302,922724699725.0,10028960.3015,217.76572461,1.01229121051,37.0981926356,606485.0,279488.0,253189445.0,265933.0,189605.0,2168325.69503,237606.105797,1024260564.13
2755,2017-09-09,4375.55952,16555375.0,72439028688.4,117381164.671,132088.491881,0.731735857988,0.0,1289.28994083,7.21666666667,7751843.02132,922724699725.0,9554034.21192,144.85041627,1.26913638176,45.330997769,452503.0,217890.0,253407335.0,208197.0,148937.0,1849746.79844,177865.078073,778259235.639
2756,2017-09-10,4329.955,16557100.0,71691497930.5,331793077.941,132196.711875,0.784202855072,0.0,1400.28985507,12.95,6329907.31918,922724699725.0,7845878.46,143.23841995,0.924000281749,41.8618727368,412029.0,193240.0,253600575.0,184514.0,136003.0,1623220.04883,202190.243537,875474655.953
2757,2017-09-11,4248.09001667,16559275.0,70345290810.7,250115590.43,132341.019168,0.829352258621,0.0,1456.85057471,7.73333333333,7981187.4894,922724699725.0,9592187.25763,159.73383041,1.16836459708,39.1261242033,537474.0,253492.0,253854067.0,243006.0,167093.0,2692005.49772,199829.217373,848892503.36
2758,2017-09-12,4219.03661667,16561625.0,69874102306.5,311636501.265,132474.732138,0.711239202128,0.0,1362.92553191,8.925,8623352.00004,922724699725.0,10193192.4659,148.9079562,1.16312181012,41.1465642934,549109.0,256230.0,254110297.0,245104.0,172192.0,2430941.86072,214844.905707,906438524.081
2759,2017-09-13,3961.27126667,16564000.0,65614497261.1,541722553.543,132610.350412,0.713780389474,0.0,1385.89473684,6.43333333333,8715089.78728,922724699725.0,9617966.63547,133.73148672,0.990680301181,37.7402626239,543777.0,263320.0,254373617.0,251282.0,175899.0,2831212.884,253233.205882,1003125422.23
2760,2017-09-14,3319.63,16566175.0,54993571515.2,736178849.381,132749.959413,0.80235058046,0.0,1540.62068966,11.85,7981187.4894,922724699725.0,7489085.28,153.73503588,0.868882049751,28.8379765103,552954.0,268068.0,254641685.0,256389.0,177594.0,3200145.08441,268015.093251,889710944.009
2761,2017-09-15,3774.26528333,16568425.0,62533631277.0,1267434715.97,132901.911315,0.844177233333,0.0,1622.66111111,11.925,8256400.8511,922724699725.0,8227898.31767,12.81949192,0.568098220793,29.2403118704,637364.0,292079.0,254933764.0,277657.0,210298.0,3534612.48517,398314.835199,1503345854.33
2762,2017-09-16,3763.62604,16570537.5,62365306431.8,474370445.674,133020.391677,0.701067230769,0.0,1350.63313609,11.925,7751843.02132,922724699725.0,8161423.06774,119.91780546,1.11533340376,36.8093236343,486762.0,228257.0,255162021.0,220476.0,157083.0,2240646.89363,200156.993231,753316071.813
2763,2017-09-17,3746.06078333,16572737.5,62082482021.2,249840870.738,133122.729326,0.581463914773,0.0,1123.19886364,6.98333333333,8072925.27664,922724699725.0,8368699.78997,99.41066001,1.50597108848,43.5734590139,433778.0,197683.0,255359704.0,190596.0,137253.0,1738874.87851,152686.24196,571971943.162
2764,2017-09-18,4093.31666667,16574325.0,67843960761.3,425335356.126,133238.552362,0.911992409449,0.0,1718.14173228,12.2333333333,6965995.45168,1052185622750.0,6960684.99167,168.30810036,0.85705478673,32.9374280979,481944.0,218204.0,255577908.0,210114.0,145484.0,2333957.29425,204865.328045,838578661.709
2765,2017-09-19,3943.41333333,16576275.0,65367103852.0,349157038.323,133387.808109,0.956767608974,0.0,1813.57051282,19.575,8556655.83041,1103400932960.0,8091884.16,173.70341529,0.97608655483,29.6010503572,578178.0,282917.0,255860825.0,270846.0,203915.0,1923284.60539,217573.267942,857981325.781
2766,2017-09-20,3977.56166667,16577737.5,65938973200.1,229919029.848,133498.752819,0.948245384615,0.0,2014.72649573,12.5333333333,6417491.87281,1103400932960.0,6147321.55583,146.40700953,0.86902071382,27.148504161,480582.0,235723.0,256096548.0,225391.0,170564.0,1939586.86406,185140.237044,736406709.825
2767,2017-09-21,3658.89818333,16579937.5,60664303198.5,385065464.598,133633.814264,0.767394573864,0.0,1450.32386364,7.21666666667,9653662.98815,1103400932960.0,8287404.38525,136.34884416,1.24074472812,33.4896302218,533108.0,255257.0,256351805.0,244380.0,173755.0,1932727.58934,188302.137515,688978348.872
2768,2017-09-22,3637.50255,16581675.0,60315885095.8,317303697.725,133745.293341,0.802007748201,0.0,1637.51798561,14.425,7624199.74632,1103400932960.0,6520223.32087,117.1641681,0.932507836475,29.639284058,515183.0,227615.0,256579420.0,217768.0,158354.0,1875335.22969,198889.92838,723462621.65
2769,2017-09-23,3776.3869,16583750.0,62626656252.9,179361985.991,133849.952964,0.630479656627,0.0,1228.07831325,7.93333333333,9105159.40928,1103400932960.0,7983281.9066,99.69585805,1.64761489883,40.2847673161,427804.0,203861.0,256783281.0,196334.0,150384.0,1314508.08041,131990.543397,498447359.008
2770,2017-09-24,3703.04065,16585562.5,61417012140.6,138592392.429,133945.186285,0.656781524138,0.0,1277.77241379,7.88333333333,7953301.89365,1103400932960.0,6815446.31633,83.67519444,1.95255109871,37.8979248613,383448.0,185277.0,256968558.0,178847.0,136994.0,1119276.97012,97112.705306,359612295.379
2771,2017-09-25,3942.555,16587125.0,65395652604.4,284073950.939,134059.737981,0.916413568,0.0,1812.824,11.1666666667,6856294.7359,1103400932960.0,6522957.2475,147.37049675,0.664977243745,29.749202245,505248.0,226603.0,257195161.0,217489.0,157854.0,1995684.9214,257132.182016,1013757769.87
2772,2017-09-26,3910.30738333,16588850.0,64867502636.0,175299977.813,134192.525874,0.962231108696,0.0,1910.49275362,12.2833333333,7569349.38844,1103400932960.0,7065925.44168,150.08561133,0.947052944617,27.8104180967,544621.0,263648.0,257458809.0,252939.0,188610.0,2093406.9911,197991.635208,774208152.991
2773,2017-09-27,4202.55498333,16590687.5,69723276430.1,357673848.69,134317.326564,0.848984285714,0.0,1754.83673469,14.575,8063002.60942,1103400932960.0,8033183.85064,143.49865258,1.1532541293,32.2733116997,548154.0,257961.0,257716770.0,245436.0,177916.0,2168984.57934,171774.685409,721892560.176
2774,2017-09-28,4201.98905,16592900.0,69723184107.7,275531143.16,134466.704292,0.843941966102,0.0,1559.18644068,11.325,9708513.34604,1103400932960.0,9528010.17087,134.45160224,1.17221413533,35.7345020346,561792.0,275976.0,257992746.0,263177.0,188213.0,2302851.10097,200215.261999,841302338.563
2775,2017-09-29,4193.57466667,16595012.5,69592424013.0,289284083.41,134607.44986,0.832814011834,0.0,1505.55029586,11.0833333333,9269710.48294,1103400932960.0,9047637.34333,115.33216245,1.28072910904,36.7184953428,569237.0,254438.0,258247184.0,243539.0,178820.0,1960682.74713,173950.30274,729473582.828
2776,2017-09-30,4335.36831667,16596737.5,71952969917.5,222088521.672,134715.947309,0.786213398551,0.0,1541.14492754,10.1166666667,7569349.38844,1103400932960.0,7690943.39377,101.44145793,1.19392677621,37.2313846705,467807.0,212678.0,258459862.0,204213.0,157673.0,1660940.91986,152977.677889,663214577.875
2777,2017-10-01,4360.72296667,16598362.5,72380860562.8,171779832.268,134834.617457,0.912847292308,0.0,1566.56153846,15.85,7130546.52534,1103400932960.0,7369621.81367,119.05349794,1.52173231964,37.3445721083,416589.0,203653.0,258663515.0,196391.0,155978.0,1439109.2551,114609.74282,499781337.718
2778,2017-10-02,4386.88375,16600237.5,72823312134.9,250398347.646,134984.842816,1.00150239333,0.0,1966.68,11.65,8380132.03961,1123590453770.0,8729898.6625,180.47323995,1.06326121401,30.5663085501,606137.0,295002.0,258958517.0,283862.0,206643.0,2028711.64935,193317.804963,848062737.177
2779,2017-10-03,4293.3066,16602525.0,71279730159.2,256471830.908,135145.125605,0.875862234973,0.0,1541.70491803,13.325,10223761.0883,1123863285130.0,10134350.2293,152.53441884,1.51514674499,37.1309028208,591541.0,282132.0,259240649.0,270946.0,194978.0,1622695.28264,161042.778655,691406024.482
2780,2017-10-04,4225.175,16604200.0,70155650735.0,204003764.234,135257.34717,0.837474365672,0.0,1737.50746269,15.375,7486251.28872,1123863285130.0,7436308.0,136.73283395,1.29361011629,32.878150536,496067.0,232826.0,259473475.0,224107.0,163996.0,1468790.7405,140052.463345,591746166.815
2781,2017-10-05,4338.852,16605762.5,72049945834.6,87904264.4154,135384.601448,1.018034224,0.0,2185.944,14.5166666667,6983443.36634,1123863285130.0,7204663.746,160.34424031,0.917859137802,27.3572101674,552622.0,273243.0,259746718.0,263375.0,195274.0,1666611.72672,187702.466463,814413222.018
2782,2017-10-06,4345.60333333,16607750.0,72170693759.2,205812106.352,135530.950739,0.920435792453,0.0,1784.27044025,9.21666666667,8882939.96199,1123863285130.0,8954115.66833,149.02120217,1.29992420599,32.7264941289,609682.0,283699.0,260030417.0,273619.0,204853.0,1383027.02615,164357.367324,714231923.302
2783,2017-10-07,4376.19166667,16609725.0,72687340130.6,89524651.8704,135663.119014,0.83650806962,0.0,1463.4556962,8.23333333333,8827072.41506,1123863285130.0,8787392.86667,108.21556432,1.64758038181,39.4270133655,505784.0,231226.0,260261643.0,224347.0,161655.0,1055525.54443,126440.906151,553329639.823
2784,2017-10-08,4602.28088333,16612000.0,76453090033.9,282133882.842,135802.243436,0.764419901099,0.0,1309.80769231,10.75,10167893.5414,1123863285130.0,10645075.6832,111.79647505,1.62448700012,46.0796937288,496285.0,238385.0,260500028.0,231239.0,170029.0,1273611.93698,146926.16653,676195487.48
2785,2017-10-09,4777.96781667,16614012.5,79381217030.7,397258570.2,135950.610767,0.921536217391,0.0,1844.38509317,15.4,8994675.05585,1123863285130.0,9983563.75292,149.34098656,0.923253273943,34.7847981065,585027.0,296946.0,260796974.0,288111.0,200906.0,2564018.87724,234154.70571,1118783648.0
2786,2017-10-10,4782.28,16616012.5,79462424258.5,347920434.56,136104.894381,0.9642725875,0.0,1894.38125,10.4333333333,8938807.50892,1123863285130.0,10009312.04,167.2582099,0.882720496003,34.1946598396,613363.0,303101.0,261100075.0,293330.0,206268.0,1952289.66774,245520.322652,1174146928.61
2787,2017-10-11,4819.48576667,16617750.0,80089009599.0,296445764.423,136246.131596,1.01609507194,0.0,2104.02158273,16.9,7765589.02337,1123863285130.0,8773873.83822,148.17289183,1.08491683044,31.0743511493,604454.0,292459.0,261392534.0,282969.0,203747.0,1778444.1617,173808.059652,837665469.625
2788,2017-10-12,5325.13068333,16619662.5,88501874725.4,680358364.327,136395.695673,0.977542986928,0.0,1916.10457516,10.6666666667,8547734.68041,1123863285130.0,10754101.415,174.4145147,1.00362058243,37.9074255902,588009.0,293164.0,261685698.0,282958.0,205452.0,1979554.7664,207938.592655,1107300179.99
2789,2017-10-13,5563.80656667,16621362.5,92478045824.4,953598649.483,136535.163004,1.02549508088,0.0,2278.08088235,17.1,7597986.38258,1123863285130.0,10610179.1226,281.53458216,0.761164409562,35.5848902756,660223.0,309819.0,261995517.0,299488.0,215829.0,1971283.38377,260329.379207,1448422309.53
2790,2017-10-14,5739.43873333,16623125.0,95407407494.0,328701504.664,136679.437227,1.02322143972,0.0,2079.0070922,13.1666666667,7877324.11724,1123863285130.0,11022592.0874,227.59563891,1.11591845571,38.96442653,594481.0,293140.0,262288657.0,282673.0,220035.0,1518393.19597,178337.012774,1023554358.7
2791,2017-10-15,5647.31166667,16625562.5,93889733071.1,490476846.895,136853.72196,0.893767861538,0.0,1453.70769231,7.93333333333,11601113.0653,1182954806240.0,14217107.1208,162.7073282,1.69059543495,51.8009869733,578160.0,283473.0,262572130.0,275556.0,212247.0,1324663.96362,153804.232192,868580434.843
2792,2017-10-16,5711.20586667,16627737.5,94964431959.4,322723336.557,137013.412833,0.917763637931,0.0,1808.76436782,12.3,10351762.4275,1196792694100.0,13050105.4053,193.41946089,1.17696328426,42.9788898872,643456.0,314725.0,262886855.0,305074.0,218467.0,1925205.56373,201231.380161,1149273838.93
2793,2017-10-17,5603.71294,16629787.5,93188555403.2,322503478.12,137175.210842,0.98657322561,0.0,2039.25609756,10.1,9756833.55236,1196792694100.0,12204886.7833,209.13726138,1.13932426563,37.8532245284,670954.0,334438.0,263221293.0,323040.0,223723.0,2826171.93715,198287.469997,1111146061.46
2794,2017-10-18,5546.1761,16631675.0,92242198388.0,627801313.918,137328.856587,1.01752149007,0.0,2182.64238411,14.45,8983426.01467,1196792694100.0,11106217.6402,192.2026716,0.826325920344,34.9973671027,646477.0,329579.0,263550872.0,319822.0,220230.0,2154353.2619,251680.677127,1395865356.31
2795,2017-10-19,5727.6335,16633900.0,95272882875.6,376178013.951,137505.795942,0.994041320225,0.0,2005.53370787,14.225,10589733.9776,1196792694100.0,13368296.589,191.51239568,0.95556525997,38.771649651,692404.0,356985.0,263907857.0,347287.0,235973.0,1911311.86748,252888.263828,1448451291.66
2796,2017-10-20,5979.45984,16636137.5,99475116074.0,583507046.857,137683.545203,0.993012631285,0.0,1745.30167598,12.125,10649226.8651,1196792694100.0,13875336.5587,161.97244556,1.28247114216,45.9255307159,644654.0,312409.0,264220266.0,302533.0,207223.0,1927247.42106,187097.578002,1118742453.83
2797,2017-10-21,6020.37168333,16638050.0,100167245086.0,555571195.712,137842.677252,1.04007875163,0.0,2040.89542484,10.6,9102411.7897,1196792694100.0,12037733.1808,167.76730117,1.34746336496,40.1079314594,606416.0,312257.0,264532523.0,303876.0,220117.0,1562588.59974,154383.959911,929448820.609
2798,2017-10-22,5983.18455,16640325.0,99562135447.0,469066735.292,138025.639345,1.00528622527,0.0,1588.63186813,8.1,10827705.5276,1196792694100.0,14108349.1689,155.33193023,1.44420238597,50.2925125854,573796.0,289131.0,264821654.0,281552.0,187537.0,1499204.49493,168281.949528,1006861960.46
2799,2017-10-23,5876.07986667,16642462.5,97792438828.0,633277065.085,138191.880629,0.972171251462,0.0,1848.51461988,12.45,10173283.765,1196792694100.0,13224117.7399,185.64433949,0.569625816508,43.186189261,640545.0,316096.0,265137750.0,304154.0,202411.0,2994818.33705,407836.91191,2396482266.96
2800,2017-10-24,5505.82776667,16644550.0,91642025553.7,628021830.344,138365.729573,1.04101164072,0.0,2079.16167665,10.4166666667,9935312.2149,1196792694100.0,12165126.4504,199.79056912,0.598870700579,36.2693045501,716443.0,347220.0,265484970.0,334582.0,214931.0,2586032.10808,381933.957849,2102862590.16
2801,2017-10-25,5669.62253333,16646862.5,94381426739.3,446193087.806,138545.119551,0.969675556757,0.0,1704.94594595,12.9,11006184.1902,1196792694100.0,13473857.9505,141.97537543,0.651321799706,44.1194898659,636240.0,315415.0,265800385.0,303906.0,211056.0,1984823.18036,376845.267046,2136570417.62
2802,2017-10-26,5893.13841667,16649112.5,98115524477.2,450583865.777,138676.943719,0.732356488889,0.0,1476.81666667,5.83333333333,12999790.287,1233777273050.0,13483500.6973,112.65051758,0.706591269947,52.3777740046,555497.0,265827.0,266066212.0,254278.0,177338.0,1743919.65748,334373.012811,1970506447.29
2803,2017-10-27,5772.50498333,16650412.5,96114589130.8,402366481.797,138784.266359,1.03194846154,0.0,2372.03846154,14.4833333333,7510989.94359,1452839779140.0,8162322.04643,166.66745997,0.888882545506,34.3194964635,552374.0,246692.0,266312904.0,239768.0,165040.0,2003977.2249,165001.266746,952470634.548
2804,2017-10-28,5776.69695,16651475.0,96190524845.5,278764450.64,138869.929946,1.00780690588,0.0,2436.07058824,22.925,6138789.85775,1452839779140.0,6888711.11288,175.03828084,1.10815938942,34.5246617621,440621.0,207066.0,266519970.0,202033.0,150593.0,1417695.81194,111675.115751,645113300.55
2805,2017-10-29,6155.43402,16653400.0,102508904909.0,572711007.534,139026.70324,1.0180084026,0.0,2168.99350649,15.7333333333,11122042.8011,1452839779140.0,13055675.5564,278.85712501,1.03820804557,40.6128197665,666706.0,334025.0,266853995.0,317564.0,250060.0,1659959.9051,212275.095961,1306645347.28
2806,2017-10-30,6105.87422,16655237.5,101694785279.0,144588378.864,139177.894083,1.02850913605,0.0,2150.18367347,15.9,10616495.401,1452839779140.0,12373554.1068,263.59097424,0.762970152388,40.5882022845,672642.0,316077.0,267170072.0,305616.0,225551.0,1855584.22745,275383.115272,1681454664.16
2807,2017-10-31,6388.64516667,16656962.5,106415422967.0,454449998.266,139320.999693,1.03699717391,0.0,2011.12318841,15.85,9966505.88669,1452839779140.0,12093705.3005,231.89499927,0.786564377871,45.0462384159,611373.0,277535.0,267447607.0,267062.0,188029.0,1916686.47664,248790.188613,1589432236.0
2808,2017-11-01,6665.30668333,16658325.0,111032844956.0,630017228.472,139434.717791,1.04328530275,0.0,2218.23853211,9.81666666667,7872095.22934,1452839779140.0,10194586.5722,219.15266455,0.830188625827,43.6010061531,733878.0,241788.0,267689395.0,234730.0,243457.0,1711620.59813,190517.265034,1269855999.92
2809,2017-11-02,7068.0201,16660787.5,117758780932.0,1143999865.2,139590.32714,1.03739566,0.0,2276.49333333,10.55,10833158.5725,1452839779140.0,14715617.8482,277.59079476,0.635856476922,44.555529863,704944.0,341474.0,268030869.0,329152.0,234241.0,2251378.165,338534.067496,2392765593.6
2810,2017-11-03,7197.72006,16662275.0,119930391013.0,374814688.995,139714.873251,1.04660597479,0.0,2332.75630252,18.875,8594305.80084,1452839779140.0,12261316.1222,271.77385265,0.757280998475,45.6154608472,670928.0,277598.0,268308467.0,268570.0,203967.0,3036929.60935,232314.537958,1672135010.09
2811,2017-11-04,7437.54331667,16663900.0,123938478075.0,563573963.149,139848.545492,1.02824800769,0.0,2262.46923077,15.5166666667,9388737.42949,1452839779140.0,13655329.5294,273.249729,0.99120078337,48.0017223703,588058.0,294121.0,268602588.0,283626.0,228764.0,5765969.34506,191510.111861,1424364752.55
2812,2017-11-05,7377.01236667,16665662.5,122942798361.0,568573468.153,139995.561562,1.04266716312,0.0,1785.30496454,14.9,10183169.0581,1452839779140.0,13953618.8916,197.6563993,1.10405466374,57.443343602,555458.0,251728.0,268854316.0,243244.0,180241.0,6077425.12155,177541.607647,1309726635.21
2813,2017-11-06,6989.07166667,16667325.0,116489128917.0,832822399.364,140134.487161,1.04455337594,0.0,2037.81203008,12.0166666667,9605400.60094,1452839779140.0,12842419.1875,240.33789733,0.847888944576,49.068809738,608650.0,271029.0,269125345.0,260465.0,199667.0,2782648.58633,224420.651962,1568492020.04
2814,2017-11-07,7092.12723333,16669275.0,118220619187.0,533993339.48,140294.602454,1.02638008333,0.0,2151.51282051,10.7333333333,11266484.9154,1452839779140.0,15347363.3329,294.12731396,0.871607661323,47.4193365384,714349.0,335636.0,269460981.0,323686.0,241986.0,3523838.11587,257469.893112,1826009240.7
2815,2017-11-08,7415.87825,16671075.0,123630662497.0,1261823617.31,140442.466119,1.02683100694,0.0,2092.68055556,15.3583333333,10399832.2296,1452839779140.0,15069064.604,306.25172521,0.826903574768,51.833129884,646100.0,301346.0,269762327.0,288774.0,238978.0,4267266.91927,254715.518167,1888939271.11
2816,2017-11-09,7158.03706,16672987.5,119345862426.0,528018381.566,140599.259605,1.02479402614,0.0,2230.59477124,10.7833333333,11049821.7439,1452839779140.0,15722628.4023,361.32993999,0.717960174355,47.6913715636,727945.0,341281.0,270103608.0,329691.0,246946.0,2237809.57166,316706.973619,2267000254.33
2817,2017-11-10,6719.39785,16674487.5,112042515457.0,1128392930.68,140725.261173,1.05001306667,0.0,2264.54166667,18.05,8139094.74496,1423367213140.0,11846298.4095,319.97295719,0.628934440816,45.0021982947,619943.0,271745.0,270375353.0,260777.0,202029.0,2333950.77396,289374.033139,1944419256.12
2818,2017-11-11,6362.85103333,16675487.5,106103642871.0,805734191.04,140809.921279,1.058251325,0.0,2432.925,16.7166666667,5426063.16331,1364422081120.0,8125360.76957,317.05792683,0.623462458309,43.0564207214,455431.0,194634.0,270569987.0,189193.0,155561.0,1664880.36971,211248.954813,1344145630.42
2819,2017-11-12,5716.30158333,16676487.5,95327831900.7,1601736904.28,140894.170398,1.0531139875,0.0,2324.575,27.2666666667,5426063.16331,1364422081120.0,8791671.83517,583.61046709,0.490835718217,48.6776885044,467890.0,185966.0,270755953.0,182691.0,146060.0,2087930.62715,322635.539411,1844282044.77
2820,2017-11-13,6550.22753333,16678237.5,109246250480.0,1259093767.51,141040.02069,1.0417878,0.0,2209.27857143,18.6,9495610.53579,1364422081120.0,16126660.1871,783.38626441,0.784488439069,53.651180449,694828.0,309299.0,271065252.0,299449.0,232312.0,4374153.69982,322934.811814,2115296495.82
2821,2017-11-14,6635.41263333,16679837.5,110677604469.0,597502689.367,141171.529357,1.02741146094,0.0,2124.9609375,20.975,8681701.06129,1364422081120.0,14299314.2248,615.08687921,0.801734602963,54.0378148945,604054.0,271995.0,271337247.0,261563.0,202204.0,3861149.03693,276286.800024,1833276923.3
2822,2017-11-15,7301.42992,16681737.5,121800537300.0,925948609.953,141330.507773,1.04591063158,0.0,2117.02631579,18.275,10309520.0103,1364422081120.0,17742474.7056,603.50996198,0.786428979587,56.8051093932,709142.0,321788.0,271659035.0,311421.0,231600.0,3422899.06038,318338.976177,2324329725.36
2823,2017-11-16,7815.0307,16683637.5,130383139250.0,1167106378.18,141485.971754,1.02278934868,0.0,2042.07894737,12.55,10309520.0103,1364422081120.0,18216836.5617,502.64025918,0.798489095757,60.4927492189,677301.0,310396.0,271969431.0,300307.0,221862.0,3817994.31245,300898.318079,2351529593.37
2824,2017-11-17,7786.88436667,16685725.0,129929811149.0,1009820547.55,141658.738026,1.03452857485,0.0,1836.02994012,9.15,11326906.8534,1364422081120.0,18692415.9222,401.16643265,0.691264843141,63.2024895497,684253.0,306617.0,272276048.0,286083.0,228761.0,3818219.59309,360016.346462,2803405660.01
2825,2017-11-18,7817.14038333,16687425.0,130447943861.0,541082170.875,141801.236059,1.04777965441,0.0,1991.72058824,11.75,9224307.37762,1364422081120.0,15016726.6764,289.98839235,0.788924682748,57.428984045,614839.0,270874.0,272546922.0,263154.0,197143.0,2716113.89752,252240.604948,1971800219.26
2826,2017-11-19,8007.65406667,16689425.0,133643141972.0,541743546.81,141968.113951,1.042986825,0.0,1655.34375,12.375,10852126.3266,1364422081120.0,17376609.3247,247.44354414,1.11756154486,67.949445681,603429.0,264855.0,272811777.0,257447.0,177053.0,5442164.82322,201102.440798,1610358777.87
2827,2017-11-20,8255.59681667,16691612.5,137799223020.0,546752953.457,142146.383395,1.01868253714,0.0,1921.16571429,7.5,11869513.1697,1364422081120.0,20065228.0629,329.01817427,0.867693019147,61.7939091402,734768.0,336204.0,273147981.0,326795.0,217143.0,4224222.22523,290024.019871,2394321375.2
2828,2017-11-21,8059.8,16693775.0,134548487745.0,1004515766.65,142329.053084,1.05589415607,0.0,2145.03468208,13.1,11733861.5907,1364422081120.0,19226652.9,310.29655182,0.782585113768,53.7071652192,753813.0,371091.0,273519072.0,343461.0,234280.0,3637233.5219,315977.969465,2546719238.29
2829,2017-11-22,8268.035,16695312.5,138037428086.0,494283581.323,142460.100609,1.06542703252,0.0,2087.06504065,9.03333333333,8342572.11359,1364422081120.0,13902700.8525,205.61524966,0.832780681987,56.1419268246,673818.0,256709.0,273775781.0,247516.0,206833.0,3081911.81167,209312.642256,1730604252.11
2830,2017-11-23,8148.95,16697587.5,136067805658.0,425395614.836,142626.033008,1.05689426115,0.0,2243.3566879,15.35,10648648.958,1364422081120.0,17540614.875,265.91956914,0.739516767119,51.5585426977,747161.0,352207.0,274127988.0,338456.0,239557.0,3406958.9905,301334.556324,2455560232.76
2831,2017-11-24,8250.97833333,16699450.0,137786800129.0,644675714.794,142782.276192,1.04861197315,0.0,2051.91275168,9.75,9977010.84138,1361966821650.0,16712356.6142,233.53648718,0.642572016567,56.5664763328,698358.0,305735.0,274433723.0,289866.0,208134.0,2677848.85112,326194.797336,2691426205.27
2832,2017-11-25,8707.40726667,16701400.0,145425891724.0,677327101.077,142945.742368,1.04786010256,0.0,2158.26282051,13.025,10445729.4715,1347001430560.0,18041747.8565,195.63976527,0.788769024154,55.4902574297,697525.0,336689.0,274770412.0,318480.0,219357.0,2899917.65325,272023.837089,2368622335.77
2833,2017-11-26,9284.1438,16703312.5,155075955186.0,183816238.479,143105.202544,1.04222337255,0.0,2154.75163399,15.375,10244850.0586,1347001430560.0,18860738.1297,191.22207725,0.862340505802,59.2436180881,712606.0,329677.0,275100089.0,317735.0,215129.0,2050315.30767,243954.918399,2264912543.13
2834,2017-11-27,9718.29505,16705437.5,162348370564.0,1100089826.5,143283.259974,1.04739664706,0.0,2230.91764706,13.35,11383166.7318,1347001430560.0,22128557.8289,236.5030831,0.672359405585,60.5126450816,829650.0,379256.0,275479345.0,363700.0,241241.0,2426385.16651,351226.302999,3413320841.86
2835,2017-11-28,9952.50882,16707387.5,166280421453.0,824886242.442,143449.05767,1.06280574359,0.0,2346.00641026,9.96666666667,10445729.4715,1347001430560.0,21029651.1367,245.23091351,0.672061365715,59.6978909293,816744.0,365977.0,275845322.0,350166.0,240917.0,2880931.73889,326641.438639,3250901799.03
2836,2017-11-29,9879.32833333,16709550.0,165079130752.0,3006736495.28,143633.200428,1.06440900578,0.0,2301.0982659,10.0833333333,11584046.1447,1347001430560.0,23310275.2025,290.90212855,0.611135288821,60.8856418439,903004.0,398090.0,276243412.0,382774.0,259927.0,3262042.9424,401449.92008,3966055569.86
2837,2017-11-30,10147.372,16711637.5,169579202442.0,2130663923.37,143811.606931,1.06830241317,0.0,2301.71257485,17.1,11182287.3189,1347001430560.0,22988871.266,270.63114407,0.687522289623,62.2520954032,851419.0,384386.0,276627798.0,368696.0,267508.0,2697792.32672,342989.773519,3480444824.09
2838,2017-12-01,10883.912,16713925.0,181912888875.0,1589331512.94,144007.066425,1.06808466667,0.0,2256.32786885,15.2,12253644.1877,1347001430560.0,26605722.884,247.0519056,1.02943900944,66.8086835324,869274.0,412908.0,277040706.0,371320.0,270409.0,2319117.91463,246207.097492,2679696382.88
2839,2017-12-02,11071.3683333,16715937.5,185068301099.0,965994254.356,144173.910471,1.03629842236,0.0,2027.04347826,10.35,10780528.493,1347001430560.0,23388265.6042,190.29585342,1.22839130067,74.7285593446,683882.0,326354.0,277367060.0,296727.0,219519.0,2142790.41724,179323.628572,1985357942.79
2840,2017-12-03,11332.622,16718137.5,189460332832.0,592011274.216,144358.248478,1.04737503977,0.0,2005.93181818,8.38333333333,11784925.5576,1347001430560.0,26076363.222,187.45114274,1.33975386044,76.6365703542,762992.0,353044.0,277720104.0,332484.0,243213.0,1870464.10433,178200.728748,2019481499.03
2841,2017-12-04,11584.83,16720400.0,193702991532.0,1283672891.4,144551.61085,1.06830039779,0.0,2213.73480663,8.63333333333,12119724.5791,1347001430560.0,27786214.755,226.11990963,1.10834503878,71.9521984489,885109.0,400686.0,278120790.0,381149.0,265791.0,2613354.1793,224534.763324,2601197062.2
2842,2017-12-05,11878.4333333,16722625.0,198638586221.0,999891969.541,144740.052069,1.05865853371,0.0,2279.26404494,13.0,11918845.1662,1347001430560.0,28080616.4,219.679754,1.08847802919,71.5758474159,891235.0,405709.0,278526499.0,378024.0,248754.0,3015982.76509,224596.150628,2667850402.16
2843,2017-12-06,13540.98,16724975.0,226472551976.0,1982715220.45,144939.152759,1.0590462234,0.0,2359.50531915,12.075,14867776.0589,1407975304730.0,34001400.78,257.16995428,0.973249162747,79.5867241545,978251.0,443587.0,278970086.0,415131.0,262810.0,3531510.98128,267883.092437,3627399597.02
2844,2017-12-07,16501.9716667,16726862.5,276026211047.0,4548758961.59,145096.995341,1.04531511258,0.0,2465.86092715,10.3333333333,11941671.1962,1590896927260.0,35850533.4458,361.57706839,0.660893460357,99.6769288126,869098.0,372345.0,279342431.0,356607.0,238956.0,3400920.70859,340308.567613,5615762340.67
2845,2017-12-08,16007.4366667,16728825.0,267785606695.0,3800432531.58,145261.006392,1.05135289103,0.0,2468.53846154,15.5,12337090.7723,1590896927260.0,40290718.09,641.42966479,0.864337271572,107.720093472,902011.0,385092.0,279727523.0,371809.0,266466.0,2492427.0136,299816.95225,4799300874.74
2846,2017-12-09,15142.8341521,16731000.0,253354758199.0,2195860926.73,145443.926726,1.05126628736,0.0,2318.38505747,11.95,13760601.246,1590896927260.0,40234510.3422,567.08842445,1.06704777882,102.932804102,877574.0,403399.0,280130922.0,390742.0,318896.0,2895169.9041,256978.973095,3891389970.16
2847,2017-12-10,14869.805,16733050.0,248817190555.0,2539286892.7,145617.18599,1.05645892683,0.0,2081.82926829,10.4833333333,12969762.0939,1590896927260.0,36118756.345,458.10029691,1.0439508704,109.234849556,739391.0,341420.0,280472342.0,330823.0,262141.0,1987675.08042,240250.798005,3572482517.43
2848,2017-12-11,16762.1166667,16735187.5,280517165314.0,2487997751.02,145798.522593,1.06044797076,0.0,2155.54385965,13.4,13523349.5004,1590896927260.0,42517108.925,483.63865068,1.02856109974,119.19715208,867654.0,368598.0,280840940.0,357068.0,256056.0,2687922.77011,254835.483408,4271582103.7
2849,2017-12-12,17276.3933333,16737137.5,289157370724.0,1992977378.0,145964.087445,1.06131315385,0.0,2390.87820513,13.1,12337090.7723,1590896927260.0,41532449.5733,537.94407913,0.74619566638,115.242228079,867771.0,372977.0,281213917.0,355339.0,244992.0,3302129.25712,333417.117148,5760245259.92
2850,2017-12-13,16808.3666667,16739462.5,281363023503.0,2027550684.5,146160.701474,1.05706467204,0.0,2282.6827957,11.525,14709608.2285,1590896927260.0,47718952.9667,604.2979452,1.05694566912,115.965966143,958476.0,424579.0,281638496.0,407341.0,259062.0,3267550.7084,277147.447668,4658395921.13
2851,2017-12-14,16678.892,16741775.0,279234257113.0,610207126.688,146353.441376,1.04183730811,0.0,2652.12972973,8.23333333333,14630524.3133,1590896927260.0,47709970.566,644.60794431,1.37466523053,100.52356502,1072861.0,490644.0,282129140.0,470650.0,225507.0,2943542.64673,215114.769664,3587876010.83
2852,2017-12-15,17771.9,16743887.5,297570694261.0,2066395216.58,146532.233028,1.05793876923,0.0,2400.44970414,13.15,13365181.67,1590896927260.0,46748982.95,592.70393429,1.14088464028,118.509879312,942513.0,405676.0,282534816.0,389126.0,256456.0,2756649.27952,237114.589747,4213976777.53
2853,2017-12-16,19498.6833333,16746025.0,326525438567.0,1636509991.67,146712.908841,1.05658370175,0.0,2129.95321637,13.05,13523349.5004,1590896927260.0,50569835.225,534.01138337,1.45433707355,143.019791462,819304.0,364222.0,282899038.0,349526.0,230740.0,2356102.92275,183692.723781,3581766251.64
2854,2017-12-17,19289.785,16748337.5,323071829482.0,1641066517.69,146905.507609,1.04107442162,0.0,2118.43243243,11.6,14630524.3133,1590896927260.0,53191582.1375,535.43867532,1.08452566425,140.175358475,877464.0,391910.0,283290948.0,375878.0,234246.0,2389062.95524,262597.628548,5065451796.19
2855,2017-12-18,18961.8566667,16750612.5,317622713304.0,2021140821.09,147095.157989,1.04203505495,0.0,2166.14835165,11.45,16946489.2357,1718045833480.0,52600190.3933,587.12548366,1.11360250933,137.660691061,922523.0,394239.0,283685187.0,376724.0,233159.0,3005751.29995,257014.99949,4873481581.5
2856,2017-12-19,17737.1116667,16752362.5,297138524343.0,2215330000.93,147243.580305,1.0601594,0.0,2704.44285714,9.9,13035760.9505,1873105475220.0,41629001.0817,662.59550536,1.13465642727,113.021630769,887697.0,378622.0,284063809.0,362550.0,203360.0,1984897.72988,212627.844639,3771403823.8
2857,2017-12-20,16026.2716667,16754062.5,268505157145.0,2752775707.11,147389.481124,1.07280013971,0.0,2722.625,11.25,12663310.6376,1873105475220.0,40786861.3917,911.59174277,0.812362940849,113.03450863,853863.0,370277.0,284434086.0,352242.0,238891.0,2227875.17809,321480.906064,5152140336.23
2858,2017-12-21,16047.51,16755712.5,268887463901.0,1989091729.43,147526.58848,1.03869209091,0.0,2541.53030303,10.85,12290860.3248,1873105475220.0,43552942.14,1128.76167038,1.21826587934,132.919815946,840739.0,335482.0,284769568.0,318502.0,188722.0,1791086.42938,228091.561744,3660301618.01
2859,2017-12-22,15190.945,16757650.0,254564539479.0,5352015515.54,147691.247935,1.06231906452,0.0,2455.79354839,16.5,14432449.6238,1873105475220.0,51049170.6725,1495.94647734,1.17971241041,137.022384454,890731.0,380648.0,285150216.0,360730.0,234495.0,1901698.95019,291040.972957,4421187412.93
2860,2017-12-23,15360.2616667,16759387.5,257428577373.0,1967536506.4,147838.593212,1.06003796403,0.0,2217.34532374,14.0166666667,12942648.3723,1873105475220.0,41833672.6492,1065.61559484,1.74647938389,139.698417703,729637.0,308211.0,285458427.0,290746.0,198555.0,1781229.26358,160500.926647,2465336231.04
2861,2017-12-24,13949.175,16761287.5,233806132563.0,1798168177.65,148000.342927,1.06414286184,0.0,1838.96710526,10.8666666667,14153111.8891,1873105475220.0,37634874.15,881.12136284,1.52272756101,138.787679677,652209.0,279523.0,285737950.0,267959.0,202080.0,1427328.52493,182640.771341,2547688081.56
2862,2017-12-25,14119.0283333,16762975.0,236676918976.0,1134112808.24,148142.193631,1.05074595556,0.0,1695.74814815,10.5,12570198.0594,1873105475220.0,32706729.1342,689.39441204,1.33193410634,146.595142312,565074.0,228926.0,285966876.0,216690.0,148542.0,1810627.09799,178454.354516,2519602087.62
2863,2017-12-26,15999.0483333,16764750.0,268220045546.0,1745062014.35,148291.338094,1.05031311972,0.0,1742.53521127,13.375,13221986.107,1873105475220.0,38893686.4983,725.62381816,1.26103038114,161.686070685,605853.0,247440.0,286214316.0,232606.0,153759.0,2185221.90059,198300.045389,3172612010.67
2864,2017-12-27,15589.3216667,16766700.0,261381479588.0,1619268857.17,148457.882881,1.06759478846,0.0,1972.06410256,8.13333333333,14525562.202,1873105475220.0,41529952.92,784.81712352,0.908155163956,138.58297579,749191.0,307642.0,286521958.0,293690.0,168263.0,2323583.6184,301139.852755,4694566031.24
2865,2017-12-28,14380.5816667,16768562.5,241141682464.0,1883494461.43,148619.280134,1.08320304027,0.0,2047.33557047,9.8,13873774.1545,1873105475220.0,37008426.9192,785.83389168,1.05255514394,124.84578683,741488.0,305053.0,286827011.0,290853.0,171224.0,2067417.47416,251609.98993,3618298008.33
2866,2017-12-29,14640.14,16770625.0,245524297888.0,1274049463.72,148792.159497,1.04775371515,0.0,2144.38787879,8.06666666667,15363575.406,1873105475220.0,40531227.59,785.79504963,1.13223540164,117.853617301,838925.0,353824.0,287180835.0,337150.0,182523.0,2311057.65923,251563.857261,3682930089.23
2867,2017-12-30,13215.574,16772462.5,221657719331.0,1728481566.87,148944.581153,1.03688201361,0.0,2342.9047619,10.7,13687548.998,1873105475220.0,33640243.617,778.5711097,0.876877531621,100.383793998,815099.0,344407.0,287525242.0,327455.0,187663.0,2243962.34387,298339.393514,3942726332.1
2868,2017-12-31,14165.575,16774500.0,237620437838.0,1142728354.65,149113.621439,1.03705696933,0.0,1781.73006135,9.13333333333,15177350.2495,1873105475220.0,35435185.8625,545.14452622,1.10115005561,125.970638362,678712.0,290422.0,287815664.0,278158.0,204038.0,1638125.54625,234540.652572,3322403204.56
2869,2018-01-01,13812.1866667,16776450.0,231719459004.0,744866630.509,149276.389109,1.0433825,0.0,1549.72435897,13.9,14975580.9597,1922580604980.0,32334328.9867,469.41303646,1.30924400164,138.227163984,593282.0,241757.0,288057421.0,231679.0,157092.0,1683244.82943,184794.662678,2552418375.92
2870,2018-01-02,15005.8566667,16778587.5,251777079094.0,1567582731.9,149454.462968,1.04136759649,0.0,1994.03508772,7.98333333333,16415540.6674,1931136454490.0,40553327.6417,649.16497626,1.18587013588,122.635624411,850801.0,340980.0,288398401.0,324425.0,175840.0,2536938.59566,234989.05082,3526212014.84
2871,2018-01-03,15053.2616667,16780550.0,252602010061.0,1138506779.2,149621.748542,1.06551321019,0.0,2522.05732484,9.55,15071578.2735,1931136454490.0,39612658.0758,749.68547259,1.43244848446,103.108718763,937530.0,395963.0,288794364.0,376433.0,209685.0,2816884.61238,189339.128214,2850171440.75
2872,2018-01-04,15199.355,16782650.0,255085455191.0,1371803859.92,149800.808436,1.06583270238,0.0,2529.80952381,13.95,16127548.7258,1931136454490.0,42527795.29,778.26109477,1.07924604787,102.933855744,1054711.0,425008.0,289219372.0,402643.0,205100.0,2737825.46134,266691.835512,4053543883.55
2873,2018-01-05,17174.12,16784437.5,288257943758.0,1764169571.11,149953.480355,1.0676357972,0.0,2396.55244755,9.48333333333,13727615.8797,1931136454490.0,41569957.46,701.35602085,0.827695246181,124.724362108,888402.0,342707.0,289562079.0,322200.0,181631.0,2921230.73442,300697.150592,5164208947.92
2874,2018-01-06,17319.198,16786537.5,290729366697.0,1024721001.25,150130.654694,1.05460916071,0.0,2135.99404762,9.76666666667,16127548.7258,1931136454490.0,46900388.184,694.47790564,1.23060858228,134.871173939,889098.0,358847.0,289920926.0,342679.0,241394.0,2979615.08569,227080.970007,3932860281.58
2875,2018-01-07,16651.4716667,16788562.5,279554272793.0,946406884.752,150300.388301,1.04773831481,0.0,2272.75925926,14.3,15551564.8428,1931136454490.0,43826673.4267,686.11400249,0.921736983743,122.61171089,910004.0,368187.0,290289113.0,352796.0,162523.0,2757179.42461,294130.977742,4897713642.16
2876,2018-01-08,15265.9066667,16790637.5,256324304949.0,1742246003.55,150474.795925,1.05064833735,0.0,2082.36144578,14.875,15935554.0981,1931136454490.0,41050023.0267,694.5264055,1.04651810729,122.310547621,895996.0,345672.0,290634785.0,329050.0,233898.0,2520926.89168,264641.995797,4040000007.92
2877,2018-01-09,14714.2533333,16792687.5,247091858022.0,1182426648.29,150647.750218,1.05459934756,0.0,2196.73780488,14.375,15743559.4704,1931136454490.0,39993340.56,752.4182028,1.08684124002,114.458777239,919149.0,360265.0,290995050.0,340700.0,206394.0,2246011.72907,257849.821998,3794067602.84
2878,2018-01-10,15126.3983333,16794762.5,254044267489.0,1634548780.4,150823.410584,1.0581949759,0.0,2092.72891566,13.7,15935554.0981,1931136454490.0,41068171.475,720.32570087,1.07551780415,121.715780176,876989.0,347393.0,291342443.0,330491.0,194819.0,2162979.76075,259905.10711,3931428179.01
2879,2018-01-11,13296.794,16797175.0,223348575757.0,1663185737.56,151027.434253,1.05711745596,0.0,1751.08290155,11.425,18527481.5719,1931136454490.0,40136372.689,697.44083354,1.14839534969,122.358755399,822010.0,337959.0,291680402.0,322216.0,204041.0,1858450.48095,270807.50844,3600871653.38
2880,2018-01-12,13912.882,16799400.0,233728069871.0,1014053986.14,151215.165292,1.05466875843,0.0,1685.90449438,8.16666666667,17087521.8643,1931136454490.0,38260425.5,617.63579417,1.21245900363,131.790878011,747265.0,300091.0,291980493.0,286175.0,191086.0,1779515.71814,234452.116373,3261904629.75
2881,2018-01-13,14499.7733333,16801262.5,243614497964.0,740504186.96,151366.346293,1.0146375906,0.0,1783.45637584,9.68333333333,16501289.1138,2134254177770.0,33603224.7,528.46632102,1.32611413235,130.46256497,652049.0,265735.0,292246228.0,253379.0,176924.0,1365097.69525,180298.683402,2614290041.62
2882,2018-01-14,13852.92,16803200.0,232773385344.0,804914641.612,151529.198247,1.05065776774,0.0,1516.41935484,7.73333333333,17165770.5546,2227847638500.0,32575141.38,491.32446483,1.25620435128,143.14838012,592041.0,235045.0,292481273.0,224444.0,154354.0,1269172.79927,193346.286562,2678410640.04
2883,2018-01-15,14012.196,16805075.0,235476004695.0,758546178.583,151688.097754,1.05933004667,0.0,1824.15333333,8.48333333333,16612036.0206,2227847638500.0,32326136.172,510.11761779,1.18155572397,122.14154345,670839.0,273623.0,292754896.0,259372.0,173183.0,1497810.16815,201862.474143,2828536552.74
2884,2018-01-16,11180.9983333,16807062.5,187919737801.0,2762626868.92,151855.056375,1.05005422013,0.0,1910.22012579,13.025,17608758.1818,2227847638500.0,28025172.3225,606.38246009,0.959737422673,95.4883380134,737398.0,303725.0,293058621.0,287366.0,174727.0,2889286.58911,270270.01332,3021888568.48
2885,2018-01-17,11116.9466667,16809150.0,186866424062.0,2926596198.21,152032.445681,1.06221141317,0.0,1890.84431138,13.425,18494733.4362,2227847638500.0,29865677.22,675.09668652,1.09448310181,97.2592164117,768381.0,315771.0,293374392.0,300012.0,196755.0,2469526.19425,252411.086289,2806040584.35
2886,2018-01-18,11345.4233333,16811312.5,190731457101.0,1771113579.47,152214.242536,1.05084887283,0.0,1788.98843931,8.53333333333,19159214.877,2227847638500.0,31046750.9517,656.89753535,1.17968549705,103.353070594,744189.0,309495.0,293683887.0,293730.0,184028.0,2156724.20054,238995.693546,2711507318.13
2887,2018-01-19,11422.44,16813375.0,192049767135.0,1064413369.6,152387.221362,1.04835652121,0.0,1476.47878788,13.075,18273239.6226,2227847638500.0,28241982.9,491.48999429,1.16537471953,119.747628347,578406.0,243619.0,293927506.0,231462.0,152039.0,1953499.50915,219156.117899,2503297607.33
2888,2018-01-20,12950.7933333,16815600.0,217775360376.0,1097313787.36,152584.190571,1.10656858989,0.0,1351.74719101,7.45,19712949.4111,2227847638500.0,33309440.4533,429.4031975,1.27566864592,142.872217954,559711.0,240611.0,294168117.0,230899.0,166380.0,1460377.69958,208079.363397,2694792832.29
2889,2018-01-21,11505.228,16817937.5,193494205427.0,436195518.928,152785.681735,1.07749285561,0.0,1153.05882353,11.525,20709671.5723,2227847638500.0,29815798.362,343.36269629,1.73912670551,143.046333665,522861.0,215622.0,294383739.0,207718.0,152188.0,1108525.07147,154149.935586,1773530155.1
2890,2018-01-22,10544.5933333,16820025.0,177360323481.0,1210203940.88,152966.215098,1.0810381018,0.0,1470.43113772,11.6,18494733.4362,2227847638500.0,24447639.6433,314.61253947,1.20644977781,103.148287885,574420.0,245562.0,294629301.0,235003.0,160630.0,1525531.99581,199105.887676,2099490615.82
2891,2018-01-23,11223.064,16822237.5,188797048086.0,1305109027.98,153155.666102,1.07034465537,0.0,1536.36158192,7.8,19602202.5043,2227847638500.0,27086864.964,285.95800518,1.39983313576,103.113799179,547568.0,271936.0,294901237.0,232259.0,165118.0,1539514.45966,178482.559197,2003121184.75
2892,2018-01-24,11282.2583333,16824437.5,189817650188.0,921820890.749,153343.985038,1.06999395455,0.0,1422.85795455,12.325,19491455.5975,2227847638500.0,27021008.7083,283.49809897,1.33391266206,111.88855306,576212.0,250423.0,295151660.0,241244.0,162151.0,1502763.71387,186181.46222,2100547353.65
2893,2018-01-25,11214.44,16826412.5,188698793396.0,772706342.764,153519.416674,1.11032681013,0.0,1497.34177215,11.375,20445148.5648,2460585023620.0,23853113.88,220.85446644,1.15985450588,104.088588057,539581.0,236580.0,295388240.0,227471.0,163043.0,1357490.31664,189321.544668,2123135103.39
2894,2018-01-26,10969.815,16828350.0,184603886255.0,1135179206.75,153681.023905,1.04262729677,0.0,1422.31612903,11.775,20056949.5414,2603077300220.0,22680092.5125,209.13221596,0.834349368673,106.814229776,514621.0,220459.0,295608699.0,214772.0,142735.0,1702177.38889,257282.176575,2822337879.82
2895,2018-01-27,11524.7766667,16830312.5,193965592793.0,763094646.01,153844.07593,1.03854792994,0.0,1232.98089172,11.6,20315748.8903,2603077300220.0,23654604.1083,168.25469362,1.77860123341,126.855696285,541699.0,193578.0,295802277.0,188058.0,126082.0,1363301.06798,119799.46115,1380662034.54
2896,2018-01-28,11765.71,16832287.5,198043813362.0,738104166.867,154006.975327,1.03100884177,0.0,1350.92405063,11.95,20445148.5648,2603077300220.0,24143236.92,155.34485572,1.3022418493,117.430262326,492738.0,213446.0,296015723.0,205967.0,137919.0,3128906.09632,163590.56936,1924759197.83
2897,2018-01-29,11212.655,16834137.5,188755376010.0,611119735.311,154157.665063,1.01817389189,0.0,1568.75675676,12.275,19151151.8202,2603077300220.0,21651636.805,145.75112922,1.24301173285,96.3823516548,532630.0,232176.0,296247899.0,225983.0,155772.0,1941048.8527,160557.706455,1800278170.07
2898,2018-01-30,10184.0616667,16836225.0,171461153634.0,1266284116.13,154322.579011,0.987508670659,0.0,1416.82035928,11.075,21609745.6349,2603077300220.0,22124873.9708,160.30090386,1.30114347057,96.7492488422,531440.0,236609.0,296484508.0,230310.0,158259.0,2359671.26612,172755.807081,1759355792.59
2899,2018-01-31,10125.0133333,16837687.5,170481810440.0,933239777.886,154444.590275,1.04283131624,0.0,1745.94871795,15.675,15139761.9119,2603077300220.0,15840583.36,162.20623626,1.01628408371,80.5291483331,481100.0,204276.0,296688784.0,197264.0,141543.0,1785708.48639,159867.330631,1618658854.2
2900,2018-02-01,9083.25833333,16839687.5,152959231815.0,1509688358.17,154613.224383,1.053963175,0.0,1610.4,12.475,20703947.9137,2603077300220.0,19329173.7333,214.02754492,0.799509242973,78.0496466236,591550.0,257664.0,296946448.0,249466.0,179686.0,2190613.27516,276923.320697,2515366060.42
2901,2018-02-02,8901.90166667,16841787.5,149923936216.0,2213436748.09,154785.000775,1.02247852381,0.0,1404.27380952,11.225,21739145.3094,2603077300220.0,20349747.21,274.36258243,0.717893514214,89.5919015497,551198.0,235918.0,297182366.0,229894.0,155128.0,1460796.3796,330740.219185,2944216908.4
2902,2018-02-03,9076.67833333,16843762.5,152885414136.0,952403804.978,154942.458339,0.996566860759,0.0,1233.48734177,10.475,20445148.5648,2603077300220.0,18561807.1917,146.92776937,1.2909142894,98.8247574754,436196.0,194891.0,297377257.0,184856.0,131568.0,910042.479216,164374.024425,1491970146.06
2903,2018-02-04,8400.64833333,16845987.5,141517216815.0,1080682794.74,155118.765194,0.990487949438,0.0,975.769662921,9.275,23033142.054,2603077300220.0,19061071.0683,111.31669812,1.20899697338,112.999677444,396694.0,173687.0,297550944.0,165753.0,125143.0,972248.504667,193244.21397,1623376684.01
2904,2018-02-05,6838.81666667,16848300.0,115222434845.0,1793319477.25,155322.770886,1.10273347027,0.0,1169.52972973,6.13333333333,23938939.7752,2603077300220.0,16457612.3083,173.7675019,0.967008003447,78.5861151388,486553.0,216363.0,297767307.0,208757.0,144850.0,1848912.7145,257109.299306,1758323361.25
2905,2018-02-06,7685.63333333,16850425.0,129506188061.0,3094258118.19,155504.250044,1.06752445882,0.0,1436.0,7.43333333333,24293141.3193,2607870187290.0,17000620.9333,164.26998571,0.800015118884,72.073118594,589896.0,244120.0,298011427.0,238351.0,164738.0,1914332.61631,286153.340315,2199269650.77
2906,2018-02-07,8099.95833333,16852187.5,136502016576.0,1670287563.74,155655.362901,1.07172239007,0.0,1515.73758865,8.86666666667,20149017.2119,2874674234420.0,14762174.0625,123.52109098,0.905837981535,71.4802720054,489402.0,213719.0,298225146.0,205988.0,144287.0,1160111.91247,208207.331711,1686470711.55
2907,2018-02-08,8240.53666667,16853825.0,138884562886.0,1336661910.51,155792.690886,1.04830522901,0.0,1322.81679389,13.675,18720008.899,2874674234420.0,13782297.575,87.98500449,0.805963099397,82.0532315801,398607.0,173289.0,298398435.0,166517.0,126556.0,1171509.55404,214089.826914,1764215068.64
2908,2018-02-09,8535.51666667,16855512.5,143870507869.0,1093134650.42,155937.97688,1.07619254815,0.0,1317.48148148,12.2,19291612.2242,2874674234420.0,14685356.425,88.36425123,0.890278762802,85.2238778484,462086.0,177860.0,298576295.0,173698.0,131499.0,1144162.67235,199472.830919,1702603672.86
2909,2018-02-10,8319.87656618,16857300.0,140250655239.0,918540174.469,156085.952197,1.03479242657,0.0,1271.20979021,9.45,20434818.8745,2874674234420.0,15154655.1653,88.79565618,1.61455875176,85.8746321773,421547.0,181783.0,298758078.0,177603.0,133091.0,1537986.39994,116211.048631,966861580.237
2910,2018-02-11,8343.455,16859187.5,140663872243.0,796391653.709,156237.996989,1.00691915232,0.0,974.887417219,7.53333333333,21578025.5248,2874674234420.0,15831705.8625,61.96458348,2.27231640442,110.491753345,368624.0,147208.0,298905286.0,144165.0,108927.0,1398605.05385,85791.9513183,715801285.187
2911,2018-02-12,8811.34333333,16861262.5,148570372921.0,836623674.313,156410.851393,1.04129159036,0.0,1126.01204819,10.2,23721537.9942,2874674234420.0,18398084.88,69.96971094,1.18487201544,101.11420282,437380.0,186918.0,299092204.0,183345.0,133062.0,1674741.82472,181029.654089,1595114435.69
2912,2018-02-13,8597.7675,16863312.5,144986840155.0,188454378.603,156580.256203,1.03295615854,0.0,1115.75609756,11.05,23435736.3316,2874674234420.0,17728596.585,68.57325292,1.44189933042,99.5442238683,414749.0,182984.0,299275188.0,179616.0,128687.0,1315762.89939,146929.345775,1263264353.9
2913,2018-02-14,9334.63333333,16865550.0,157433725215.0,915165499.846,156762.090638,1.0158348324,0.0,1097.30167598,10.225,25579248.8009,2874674234420.0,20951584.5167,63.75846926,1.55388066737,109.36631766,450367.0,196417.0,299471605.0,192621.0,140594.0,1557016.97897,148097.503082,1382435888.86
2914,2018-02-15,9977.154,16867187.5,168286527234.0,1282426210.89,156901.460878,1.06389496183,0.0,1512.84732824,8.48333333333,18720008.899,2874674234420.0,16527155.601,64.08005499,1.31721264798,85.6628785111,475029.0,198183.0,299669788.0,194351.0,139075.0,1418774.18366,129180.361091,1288852356.38
2915,2018-02-16,10127.1616667,16869150.0,170836609229.0,866501985.708,157056.833478,0.989634394904,0.0,1195.78343949,6.61666666667,22435430.5125,2874674234420.0,19925190.5792,58.25713445,1.89334009812,109.005817627,422415.0,187738.0,299857526.0,180685.0,126413.0,1102895.65945,106729.749001,1080869422.77
2916,2018-02-17,10841.9916667,16871012.5,182915376933.0,973554319.908,157201.813038,0.973017181208,0.0,1166.36912752,7.93333333333,21292223.8622,2874674234420.0,20236577.4458,48.63875388,2.3625252883,119.228204567,401860.0,173789.0,300031315.0,167847.0,122775.0,1473900.18968,80893.8961772,877050948.237
2917,2018-02-18,10503.2983333,16873037.5,177222546652.0,1377347061.42,157359.401239,0.97276667284,0.0,984.537037037,6.96666666667,23149934.669,2874674234420.0,21269179.125,44.58328081,2.59801801542,136.28922928,378869.0,159495.0,300190810.0,153951.0,113528.0,1639023.58067,79660.081975,836693606.242
2918,2018-02-19,11110.965,16875062.5,187498228810.0,1020588579.34,157522.467859,1.00658407407,0.0,1156.58641975,8.41666666667,23149934.669,2874674234420.0,22566369.915,50.9081119,2.00620705713,123.102480023,436341.0,187367.0,300378177.0,181922.0,135051.0,1789525.59119,103474.270242,1149698995.06
2919,2018-02-20,11390.3916667,16876825.0,192233646840.0,1258473015.6,157664.996336,1.01084026241,0.0,1407.4822695,8.46666666667,21079198.6661,2967853337740.0,20189469.2292,52.23072575,1.39161711339,104.157082139,455116.0,198455.0,300576632.0,191891.0,139951.0,1268017.87933,130404.455959,1485357828.45
